pais,año,mortalidad_infantil,esperanza_de_vida,fecundidad,poblacion,pib
Afganistan,1960,245,52.3,7.38,9035043,20578578591.1355
Albania,1960,115.4,61.8,6.33,1649387,4780191930.74651
Alemania,1960,34,69.3,2.39,72811640,1092795946139.22
Andorra,1960,,72.9,2.55,9510,209377505.2857
Angola,1960,208,41.9,6.86,5231654,17259801295.5084
Antigua y Barbuda,1960,,63.1,4.56,55603,278067528.71013
Arabia Saudita,1960,150,43.8,7.52,2435403,27208696077.2984
Argelia,1960,148.2,40.1,7.54,11424922,55038375142.6011
Argentina,1960,59.87,65.2,3.13,20386045,235370844180.523
Armenia,1960,,61.3,4.73,1863705,12420753443.1414
Australia,1960,20.3,71,3.45,10280813,171810473703.625
Austria,1960,37.3,68.9,2.69,7047274,92330998304.8055
Azerbaiyan,1960,,51.2,5.8,3982706,24072123169.7474
Bahamas,1960,51,63.6,4.94,116317,2215972233.03024
Banglades,1960,176.3,47,6.74,51828660,63956258577.7596
Barbados,1960,69.5,65.2,4.61,230893,1436944977.59982
Barein,1960,134.5,55.7,7.22,165477,1362940415.49432
Belgica,1960,29.5,70,2.55,9102171,123676789113.71
Belice,1960,,63.2,6.5,91318,259254797.2304
Benin,1960,186.9,44.5,6.28,2517286,4445244686.85652
Bielorrusia,1960,,70.2,2.75,8207998,53583123895.3601
Bolivia,1960,173.4,43.3,6.38,3702323,12900948269.3579
Bosnia y Herzegovina,1960,105,62.1,3.99,3281381,8975040398.81101
Botsuana,1960,115.5,48.1,6.6,516165,387392207.4165
Brasil,1960,129.4,57.5,6.09,72388126,297431580887.895
Brunei,1960,63,55.2,7.11,88347,8284272678.03681
Bulgaria,1960,49,68.3,2.29,7862926,38069173501.5284
Burkina Faso,1960,161.3,45,6.26,4778621,4955177952.52846
Burundi,1960,145.1,43.1,6.99,2764258,2334090527.8334
Butan,1960,175,40.5,6.7,224084,258146757.86592
Cabo Verde,1960,,58.2,6.89,210024,251667756.14256
Camboya,1960,,49.1,6.48,5449966,10439982882.4252
Camerun,1960,166.9,24.7,5.71,5159057,9351706080.80237
Canada,1960,27.8,71,3.84,17898790,301916891743.103
Catar,1960,94,56.9,6.64,36010,1005911763.0991
Chad,1960,,45.2,6.25,3049838,4100702289.13686
Chile,1960,127.6,55.2,4.92,8153350,61456547216.4395
China,1960,190,26.4,4.33,654802069,597836868917.152
Chipre,1960,30,64.3,3.42,586490,2537760305.6218
Cisjordania y Gaza,1960,,56.9,7.77,1073081,2549690858.61457
Colombia,1960,89.3,58.4,6.75,15606209,72831886411.5188
Comoras,1960,200,51.4,6.79,197700,174045104.058
Corea del Norte,1960,85,61.5,3.57,11722953,16442300406.0368
Corea del Sur,1960,80.2,56.4,5.99,26115379,46032039845.1693
Costa Rica,1960,86.54,64.9,6.86,1327496,7077433321.41128
Costa de Marfil,1960,208.4,44.3,7.61,3673666,10071616646.8626
Croacia,1960,70,64.6,2.26,4200264,30987364284.7596
Cuba,1960,37,70.7,4.14,7238081,32593089455.3599
Dinamarca,1960,21.3,72.3,2.56,4579342,78577068544.2034
Dominica,1960,85.3,60.9,6.18,59372,114770442.21688
Ecuador,1960,121.4,55.8,6.71,4590891,20746642355.5822
Egipto,1960,209.6,48.7,6.75,26896479,54785959597.8278
El Salvador,1960,126.2,53.6,6.65,2791459,10071985120.9145
Emiratos Arabes Unidos,1960,137.3,52.4,6.61,131334,402745269.48852
Eritrea,1960,,37.4,6.59,972547,899981592.10234
Eslovenia,1960,37,66.1,2.22,1605074,15570392040.0369
Espana,1960,47.7,69.3,2.8,30404939,204113965826.344
Estados Unidos,1960,25.9,69.9,3.72,180274555,3721946259574.94
Estonia,1960,40,69.2,1.98,1220453,13111329251.7921
Etiopia,1960,162,42.9,6.61,21376693,17373454263.6253
Filipinas,1960,67.9,62.2,7.03,27891897,77084545942.0902
Finlandia,1960,21.9,69,2.72,4429624,52945750397.6676
Fiyi,1960,54,62.2,6.39,404887,1504713750.66537
Francia,1960,23.7,71.1,2.74,46428134,641975620259.302
Gabon,1960,,42.4,4.41,512316,2631213140.27544
Gambia,1960,148.4,49.6,6.08,398060,679336126.2246
Georgia,1960,,61,2.95,4053800,26620229532.24
Ghana,1960,125.1,47.7,6.85,6961215,18543672535.1241
Granada,1960,,60.9,6.74,94058,214790824.34492
Grecia,1960,48.3,72.3,2.28,8384492,54004205093.4538
Guatemala,1960,146,48.4,6.88,4063655,17232607292.156
Guinea,1960,,40.3,6.11,3556749,4123934444.34762
Guinea Ecuatorial,1960,,36.5,5.62,269807,297027744.58983
Guinea-Bisau,1960,,41.7,5.9,577633,679847001.99927
Guyana,1960,67.7,59.5,6.17,569143,2262831761.07686
Haiti,1960,194.8,43.2,6.21,3858443,9712082245.1684
Honduras,1960,140.9,49.5,7.46,2062060,5554578548.519
Hungria,1960,53.4,67.9,2.03,9983374,71305531289.9106
India,1960,165.1,43.4,5.91,435990338,574887263539.461
Indonesia,1960,148.4,46.9,5.55,88296070,159359336859.733
Irak,1960,131.7,60,5.54,7022052,41252568540.1661
Iran,1960,191.6,45.9,7.37,21470434,116577753979.914
Irlanda,1960,30.4,70.1,3.78,2827689,24477456654.8221
Islandia,1960,17.5,73.2,4.23,175560,2313457182.498
Islas Marshall,1960,90.4,50.5,8.08,14703,33446923.41198
Islas Salomon,1960,131.8,53.3,6.9,139688,210459725.28008
Israel,1960,32,71.1,4.24,1891935,16889644141.9452
Italia,1960,44.2,69.7,2.38,49514555,566458959634.855
Jamaica,1960,62,64.1,5.51,1650005,8764204310.1144
Japon,1960,30.4,67.8,1.99,96399754,698368249212.41
Jordania,1960,107.5,53.5,7.62,853471,4133402402.23102
Kazajistan,1960,,61.8,4.51,9429981,97838385852.2994
Kenia,1960,118.6,51.5,7.72,7695307,13040778209.5559
Kiribati,1960,,52.7,6.57,47157,154340610.26802
Kuwait,1960,101.6,64.1,7.23,311060,12088444546.046
Laos,1960,155,37.4,6.21,2121514,2015479754.38356
Lesoto,1960,143.3,49.1,5.8,736500,595136808.66
Letonia,1960,35,70.4,1.93,2131171,19229053679.9304
Libano,1960,57.6,66.6,5.84,1794406,14608807419.0889
Liberia,1960,212,43.7,6.39,1139522,4143200494.77546
Libia,1960,164.5,43.7,7.52,1492890,4939167819.7785
Liechtenstein,1960,,70.9,2.78,16491,
Lituania,1960,52,69.3,2.6,2769095,30462413905.3906
Luxemburgo,1960,33,68.8,2.3,313877,6697620939.61705
Macedonia del Norte,1960,120,58.4,3.8,1435059,6975221628.62502
Madagascar,1960,112,45.4,7.33,5111029,11118840119.4355
Malasia,1960,67.4,58.7,6.36,7956197,23061660452.0969
Malaui,1960,218.2,43.7,7.01,3628134,2344152688.12548
Maldivas,1960,,48.3,6.79,91189,238303559.87487
Mali,1960,237.4,40.5,6.94,5402550,5903733272.1705
Malta,1960,36.4,68.6,3.6,330820,957914310.0674
Marruecos,1960,145,45.5,6.93,11624933,25440646119.7456
Mauricio,1960,67.8,58.7,5.96,680331,3022563987.65295
Mauritania,1960,135,53.2,6.31,824298,1299261351.4281
Mexico,1960,100.6,58.4,6.77,36724615,227535103329.742
"Micronesia, Estados Federados de",1960,,48.5,6.79,43061,78511501.77579
Moldavia,1960,,59.7,3.32,3076166,21579098356.1163
Monaco,1960,,71.5,2.81,21808,761192258.66144
Mongolia,1960,,50.6,6.85,977595,1519875832.83855
Montenegro,1960,,67.5,3.53,471197,1979926915.073
Mozambique,1960,183,49.7,6.38,6713695,3518485749.4505
Myanmar,1960,169,39.8,5.94,21730250,21415742007.28
Namibia,1960,102,46.9,6.22,591465,3648794292.99105
Nauru,1960,,50.8,5.34,4607,84319936.25833
Nepal,1960,219.6,47.6,6.05,10123658,11863454993.6536
Nicaragua,1960,134,53.5,7.2,1782370,8099285608.0555
Niger,1960,,41.3,7.41,3505050,5490770743.368
Nigeria,1960,165,43,6.36,45053782,98907857063.8408
Noruega,1960,18.4,73.6,2.86,3581121,54137845068.2413
Nueva Zelanda,1960,22.6,71.2,4.07,2379481,43373787625.3955
Oman,1960,164,48.6,7.27,530485,1052660467.04545
Paises Bajos,1960,16.4,73.3,3.12,11486911,184486627439.689
Pakistan,1960,192,49,6.75,45709310,54794293163.0084
Palaos,1960,,54.7,7.19,9328,191198441.55984
Panama,1960,66.9,65.9,5.84,1126005,4529643955.3026
Papua Nueva Guinea,1960,134.6,48.9,6.08,1995110,2693374997.6042
Paraguay,1960,62.6,66.8,6.5,1883514,5943472049.18424
Peru,1960,135.9,48.6,6.92,10174127,57157191853.4079
Polonia,1960,57.8,67.5,3,29575966,181094396962.73
Portugal,1960,84.6,64.1,3.16,8873218,51926238108.8375
Reino Unido,1960,22.9,71,2.7,52538548,846244810745.024
Republica Centroafricana,1960,165.5,43.5,5.92,1702346,3004475919.93066
Republica Checa,1960,22,70.2,2.14,9541605,105804290389.927
Republica Democratica del Congo,1960,174,44.9,6.08,15264846,27619494751.9895
Republica Dominicana,1960,102.1,57.9,7.56,3268336,8775702838.04672
Republica Eslovaca,1960,33,69.8,3.04,4124442,41694756397.2757
Republica Kirguisa,1960,,55.9,5.27,2215508,12307245042.6942
Republica del Congo,1960,110.6,40.4,6.03,1056732,2738025032.53776
Ruanda,1960,127.9,37.6,8.26,3022294,3903848289.30602
Rumania,1960,69,65.7,2.32,18313495,61214286222.6498
Rusia,1960,,68.5,2.61,119934141,1051144137430.96
Samoa,1960,92,62.7,7.75,112490,473991132.9594
San Cristobal y Nieves,1960,,54.8,6.54,55810,229228231.6175
San Marino,1960,,72.1,2.43,15428,264031331.19104
San Vicente y las Granadinas,1960,,57.6,7.24,84388,301521631.16572
Santa Lucia,1960,,58.1,6.82,92585,230261283.693
Santa Sede,1960,,,1,906,
Santo Tome y Principe,1960,69,49.6,6.24,68012,119840566.36384
Senegal,1960,126.3,48.3,6.98,3340907,9699765142.12216
Serbia,1960,,62.5,2.27,6702962,40219132634.2564
Seychelles,1960,73.6,62,5.3,43230,175877871.3879
Sierra Leona,1960,223.6,41.9,6.14,2268356,3414872790.51268
Singapur,1960,35.5,65.1,5.78,1619322,7566219587.75046
Siria,1960,121.8,59.5,7.5,4673500,21549761429.82
Somalia,1960,,52.3,7.25,2876331,4163762373.945
Sri Lanka,1960,72.7,62.9,5.4,9661389,20993181629.0355
Suazilandia,1960,141.7,40,6.74,345337,325613446.75559
Sudafrica,1960,,55,6.12,16440172,101278077675.64
Sudan,1960,107.4,47.1,6.67,8364489,17338754015.8587
Sudan del Sur,1960,,48,7.05,2931559,5464644435.77668
Suecia,1960,16.3,73.3,2.18,7484596,123322751445.119
Suiza,1960,21.6,71.7,2.46,5327780,119543958148.735
Surinam,1960,,62.6,6.59,263918,2315075199.23348
Tailandia,1960,102.2,59.4,6.28,26851747,49192763002.5845
Tanzania,1960,144.3,47.5,6.6,9901419,9214190419.35348
Tayikistan,1960,,54.2,6.24,2112131,10850193162.0893
Timor Oriental,1960,,41.2,6.33,468118,392073209.26662
Togo,1960,162.4,42.6,6.73,1673110,2159176211.8949
Tonga,1960,,61.3,6.83,66170,106794300.6195
Trinidad y Tobago,1960,56.6,63.6,5.37,844943,8709814529.61488
Tunez,1960,173.4,49.1,7.13,4267288,10372487169.5105
Turkmenistan,1960,,56.7,6.55,1643457,10881998801.5498
Turquia,1960,166,53.6,6.36,28329898,111532847430.46
Tuvalu,1960,,49.5,5.15,5598,11487749.95836
Ucrania,1960,,70.6,2.32,42824093,322422554657.63
Uganda,1960,132.3,46.9,6.93,7640973,9944762883.35094
Uruguay,1960,57.7,68.2,2.84,2529957,23591421563.4653
Uzbekistan,1960,,61.2,6.64,8209109,43436480996.8682
Vanuatu,1960,106.7,56,6.89,64431,117272323.75077
Venezuela,1960,59.9,64.3,6.44,8160090,95467100867.1522
Vietnam,1960,75.6,57,6.29,32531933,48583373848.8988
Yemen,1960,225,44.9,7.81,5532301,8089269666.889
Yibuti,1960,,53.3,6.75,86024,508643993.2588
Zambia,1960,123.2,42.6,6.96,3153729,6352902824.90523
Zimbabue,1960,92.6,54.6,7.19,3809389,8592921469.13519
Afganistan,1961,240.5,52.6,7.37,9214083,20979692731.6055
Albania,1961,110.8,62.4,6.23,1698791,4948022202.68152
Alemania,1961,,69.8,2.46,73376115,1134514743068.56
Andorra,1961,,73.1,2.54,10283,245718608.0167
Angola,1961,,40.5,6.92,5301583,19695811545.6029
Antigua y Barbuda,1961,,63.8,4.52,56540,290068206.8592
Arabia Saudita,1961,,44.8,7.54,2526347,31393794163.5845
Argelia,1961,148.1,40.8,7.58,11628883,50142644101.4012
Argentina,1961,59.73,65.5,3.12,20726276,249239081990.066
Armenia,1961,,62,4.63,1927484,13264835484.0082
Australia,1961,20,71.2,3.54,10500443,172097172885.349
Austria,1961,35,69.4,2.79,7086057,96928479710.2136
Azerbaiyan,1961,,52.3,5.86,4108980,25915699395.3054
Bahamas,1961,,63.5,5.01,122197,2447909035.54411
Banglades,1961,171.7,47.1,6.78,53310348,66512574650.471
Barbados,1961,65,66.1,4.19,233148,1547612691.86508
Barein,1961,123.8,56.4,7.21,172346,1461277329.0531
Belgica,1961,28.1,70.3,2.62,9158211,129346982603.199
Belice,1961,,58.3,6.48,93632,269672339.65056
Benin,1961,183.9,44.8,6.39,2559223,4512669675.20194
Bielorrusia,1961,,70.7,2.68,8320433,56124177156.0576
Bolivia,1961,170.5,44,6.35,3778731,13144415050.7634
Bosnia y Herzegovina,1961,,62.6,3.9,3348035,9173359206.15655
Botsuana,1961,112.2,48.4,6.58,527942,408646979.73688
Brasil,1961,126.1,57.8,6.06,74605447,326547408864.809
Brunei,1961,,56.3,7.03,92517,8839645126.46142
Bulgaria,1961,,69.1,2.27,7938300,40047424635.354
Burkina Faso,1961,159.4,45.1,6.29,4848224,4872128507.80768
Burundi,1961,144.8,43.3,7.02,2835119,1990250872.98814
Butan,1961,,41,6.69,230602,268255174.21216
Cabo Verde,1961,,58.4,6.92,215087,264815284.31873
Camboya,1961,,49.6,6.45,5571168,10434986638.0186
Camerun,1961,163.3,25.8,5.73,5239273,9478427516.55033
Canada,1961,27,71.2,3.78,18263074,309235958016.536
Catar,1961,,57.8,6.63,39680,1408582953.6512
Chad,1961,,45.3,6.27,3111947,4184698583.49933
Chile,1961,121.1,57.2,4.85,8324802,63512191957.3312
China,1961,161,38.5,3.73,655773486,482639350727.687
Chipre,1961,,64.7,3.59,595514,2807987526.78816
Cisjordania y Gaza,1961,,57.5,7.79,1090928,2606408926.06256
Colombia,1961,87.6,59.1,6.73,16095203,76086891287.5311
Comoras,1961,,51.4,6.85,201201,177929816.69463
Corea del Norte,1961,81.7,61.9,3.26,11990713,17029598861.8869
Corea del Sur,1961,76.1,56.7,5.8,26852951,48342963548.3875
Costa Rica,1961,83.56,65.3,6.8,1377920,7231549532.5952
Costa de Marfil,1961,203,44.7,7.65,3810151,11166040789.2862
Croacia,1961,,65.3,2.24,4223427,33374439889.6978
Cuba,1961,,70.2,4.29,7387117,34289550494.8779
Dinamarca,1961,20.8,72.4,2.55,4611360,83291630770.608
Dominica,1961,79.2,62.2,6.16,60209,110769542.67122
Ecuador,1961,118.2,56.5,6.69,4722331,21328379249.7275
Egipto,1961,202.7,49.4,6.72,27600898,58082628412.3818
El Salvador,1961,123.9,54.5,6.67,2870016,10304655232.535
Emiratos Arabes Unidos,1961,130.5,53.1,6.59,137989,478715804.77196
Eritrea,1961,,37.7,6.56,995573,936051264.43707
Eslovenia,1961,,66.5,2.28,1618560,17016760373.8752
Espana,1961,44.4,69.8,2.78,30699567,229170308408.634
Estados Unidos,1961,25.4,70.3,3.68,183489485,3786006005749.06
Estonia,1961,,69.5,1.98,1235168,13781281093.7507
Etiopia,1961,,43,6.61,21906102,18163804609.6169
Filipinas,1961,65.9,62.4,7.01,28792621,80996801135.5975
Finlandia,1961,20.6,69,2.7,4460995,56683840894.4769
Fiyi,1961,52.1,62.5,6.28,417406,1537270676.57196
Francia,1961,22.4,71.4,2.82,46893835,671240928661.542
Gabon,1961,,42.9,4.49,518266,2938103039.98638
Gambia,1961,146.1,49.8,6.09,408930,743155113.666
Georgia,1961,,61.4,2.95,4129029,28232556654.3436
Ghana,1961,123.8,48,6.88,7162667,19120744068.9802
Granada,1961,,61.7,6.63,95335,221221302.92435
Grecia,1961,47.3,72.2,2.23,8447002,59265207378.4066
Guatemala,1961,143.3,49.2,6.87,4186201,17849894838.3002
Guinea,1961,210.5,40.6,6.12,3619551,4473243531.09192
Guinea Ecuatorial,1961,,36.9,5.63,274896,314892760.47984
Guinea-Bisau,1961,,42.1,5.9,582532,724564643.49804
Guyana,1961,65.1,60,6.17,582568,2356060094.90432
Haiti,1961,191.5,43.6,6.21,3929030,9355660940.4706
Honduras,1961,136.6,50.1,7.45,2121242,5638249972.20498
Hungria,1961,51,68.3,1.95,10026513,74587996834.184
India,1961,162.5,43.8,5.92,446564729,588504301013.773
Indonesia,1961,144.8,47.3,5.55,90791249,170692979252.515
Irak,1961,124.7,58.6,5.93,7194553,45776222636.8766
Iran,1961,183.9,46.5,7.34,22125726,127684398775.867
Irlanda,1961,29.2,70.1,3.82,2824693,25693339142.1825
Islandia,1961,17.2,73.2,3.95,178998,2299229739.5952
Islas Marshall,1961,87,50.9,8.12,15219,35417036.32137
Islas Salomon,1961,125.4,53.5,6.9,142912,219528480.864
Israel,1961,,71.4,4.08,1956884,18617077706.3727
Italia,1961,42.7,70.1,2.42,49815249,610771506173.411
Jamaica,1961,59.8,64.3,5.58,1673261,9067321527.71769
Japon,1961,27.9,68.4,1.94,97217594,775453028550.168
Jordania,1961,101.9,54.3,7.72,897591,4967607874.42209
Kazajistan,1961,,62.1,4.44,9742085,105100548562.473
Kenia,1961,114,51.9,7.78,7987770,12807234642.7242
Kiribati,1961,,53.2,6.6,48323,162248287.60085
Kuwait,1961,95.2,63.4,7.25,345945,15219512566.9504
Laos,1961,,37.8,6.23,2169796,2074374100.18144
Lesoto,1961,142.3,49.3,5.79,758824,602617605.83376
Letonia,1961,,70.5,1.94,2157169,20375678279.7498
Libano,1961,56.1,67.3,5.85,1850084,15656625277.141
Liberia,1961,212.1,43.8,6.44,1167717,4540329909.12945
Libia,1961,156.1,44.5,7.56,1555699,5297203306.11201
Liechtenstein,1961,,71,2.78,16860,
Lituania,1961,,69.7,2.59,2812599,32164861153.8855
Luxemburgo,1961,,69,2.34,316342,6947299684.66976
Macedonia del Norte,1961,,59,3.63,1455171,7172977568.02107
Madagascar,1961,,45.7,7.3,5246158,11507338977.5294
Malasia,1961,64.2,59.1,6.32,8164443,24504923407.1487
Malaui,1961,216.4,43.9,7.04,3715534,2496593771.37736
Maldivas,1961,,48.8,6.86,93450,249653460.8295
Mali,1961,231.5,40.5,6.96,5482283,5857944052.61542
Malta,1961,34.9,68.9,3.32,330849,945956486.50308
Marruecos,1961,142.7,47.2,7,11931085,27219493085.5399
Mauricio,1961,66.3,59.4,6.03,692529,3185945294.28573
Mauritania,1961,131.9,53.4,6.33,846167,1455064153.12818
Mexico,1961,97.7,59.3,6.78,37890118,237172774556.295
"Micronesia, Estados Federados de",1961,,49,6.78,44610,82703602.7259
Moldavia,1961,,60.2,3.23,3143887,23127538162.6692
Monaco,1961,,71.7,2.78,21901,815260580.89278
Mongolia,1961,,50.9,7.01,1009284,1635440119.80624
Montenegro,1961,,68,3.47,477827,2436217922.3585
Mozambique,1961,,49.8,6.42,6834936,3571081682.91408
Myanmar,1961,,40.1,5.94,22210581,21794712746.6257
Namibia,1961,,47.3,6.26,603067,3663587361.85798
Nauru,1961,,51.1,5.38,4774,98930049.87712
Nepal,1961,216.7,47.9,6.07,10318396,12127297802.8783
Nicaragua,1961,132.5,54.4,7.14,1836451,8710459774.48753
Niger,1961,,41.3,7.42,3608162,5775640370.84994
Nigeria,1961,,43.3,6.35,45989310,100277132989.471
Noruega,1961,18,73.6,2.91,3609657,57489952297.2246
Nueva Zelanda,1961,21.7,71.2,4.15,2429747,45326703298.0353
Oman,1961,237.2,49.3,7.28,539854,1057445592.52318
Paises Bajos,1961,16.1,73.4,3.21,11639365,185628662607.579
Pakistan,1961,184.8,49.5,6.76,46921277,57678305855.1251
Palaos,1961,,55.3,7.17,9555,206062008.8163
Panama,1961,65.3,66.1,5.86,1159870,5005866300.4642
Papua Nueva Guinea,1961,130.7,49.4,6.12,2046127,2910076318.88407
Paraguay,1961,62,67.1,6.49,1927394,6249013768.59326
Peru,1961,132.6,50,6.91,10475123,61647573438.0647
Polonia,1961,53,68,2.86,29979689,194515299237.385
Portugal,1961,82.3,64.1,3.2,8888374,54920750264.5877
Reino Unido,1961,22.5,70.8,2.78,52884948,864018624363.994
Republica Centroafricana,1961,162.9,43.7,5.94,1734580,3102215498.572
Republica Checa,1961,,70.3,2.14,9573390,109253181631.929
Republica Democratica del Congo,1961,,45,6.1,15662374,24930361722.0367
Republica Dominicana,1961,101,58.2,7.49,3373233,8567899896.12906
Republica Eslovaca,1961,,70.2,2.97,4185342,43637774893.684
Republica Kirguisa,1961,,56.4,5.34,2288666,12978090583.8788
Republica del Congo,1961,108.4,40.8,6.05,1084389,2949115699.64061
Ruanda,1961,125.3,38,8.26,3106779,3786834530.96832
Rumania,1961,,66.2,2.16,18422514,66159313991.2901
Rusia,1961,,68.7,2.51,121604304,1135990079094.8
Samoa,1961,,63,7.74,115496,490786492.96152
San Cristobal y Nieves,1961,,55.1,6.27,55334,228107659.82528
San Marino,1961,,72.3,2.68,15799,288177539.59477
San Vicente y las Granadinas,1961,,58.9,7.16,85870,313548957.0164
Santa Lucia,1961,,58.7,6.86,93490,241373858.1728
Santa Sede,1961,,,1,904,
Santo Tome y Principe,1961,,50.4,6.26,68707,130040232.84256
Senegal,1961,126,48.3,7.03,3436375,10082858846.8587
Serbia,1961,,62.8,2.24,6771394,41825514159.6506
Seychelles,1961,72.3,62,5.42,44108,169215681.10764
Sierra Leona,1961,220.5,42,6.18,2304227,3476262800.55746
Singapur,1961,32.9,65.5,5.45,1670461,8163769705.48997
Siria,1961,116,59.9,7.5,4815466,22453141408.8892
Somalia,1961,,52.3,7.25,2952054,4365850579.89948
Sri Lanka,1961,69.8,63.4,5.28,9899372,21688025089.0918
Suazilandia,1961,140.1,40.4,6.76,353264,364379144.42032
Sudafrica,1961,,55.4,6.09,16908035,105454957439.894
Sudan,1961,105.7,47.4,6.67,8634941,17373197428.4262
Sudan del Sur,1961,,48.1,7.08,2976724,5660227260.97476
Suecia,1961,16,73.5,2.21,7519998,129529091030.765
Suiza,1961,21.2,71.8,2.53,5434123,128948545318.937
Surinam,1961,,62.8,6.59,272791,2453354936.98448
Tailandia,1961,99,59.9,6.29,27650334,51115347543.756
Tanzania,1961,143,47.7,6.62,10187886,8984073368.53452
Tayikistan,1961,,54.8,6.33,2181805,11554059873.7999
Timor Oriental,1961,,41.6,6.3,475291,413516806.09879
Togo,1961,159.4,42.8,6.76,1702717,2304360149.95817
Tonga,1961,,61.6,6.78,68037,109673730.79956
Trinidad y Tobago,1961,54.7,63.9,5.35,863144,9223036532.58544
Tunez,1961,187.5,49.6,7.14,4316278,10944325491.4118
Turkmenistan,1961,,57.4,6.65,1695400,11679868385.57
Turquia,1961,161.6,54.2,6.38,29119238,113573798332.101
Tuvalu,1961,,49.8,5.09,5648,11698603.56
Ucrania,1961,,70.9,2.22,43399766,357000544103.978
Uganda,1961,129.6,47,6.95,7862217,9805254646.7337
Uruguay,1961,56.4,68.5,2.86,2562044,24021346924.3348
Uzbekistan,1961,,61.9,6.75,8517711,46687435792.2704
Vanuatu,1961,104.1,56.3,6.82,66264,121767175.00728
Venezuela,1961,58.1,65,6.37,8455915,98137306456.3769
Vietnam,1961,72.6,57.3,5.68,33409059,50347274176.8061
Yemen,1961,269.2,45.1,7.84,5655232,8172288502.97024
Yibuti,1961,,53.7,6.77,89390,534171861.6402
Zambia,1961,120.9,42.6,7,3254086,6414933259.57748
Zimbabue,1961,90.1,54.9,7.21,3930401,9116168188.30301
Afganistan,1962,236.3,52.9,7.37,9404406,21568276507.6231
Albania,1962,106.5,62.8,6.08,1743733,5229930730.67711
Alemania,1962,,69.8,2.46,73997003,1179540834321.39
Andorra,1962,,73.4,2.55,11086,287530064.47254
Angola,1962,,40.7,6.97,5354310,19227951629.6322
Antigua y Barbuda,1962,,64.3,4.51,57336,301683217.76496
Arabia Saudita,1962,,45.8,7.56,2620910,36222701047.0801
Argelia,1962,148.2,41.4,7.62,11800771,37888824899.5442
Argentina,1962,59.59,65.6,3.12,21072538,246723186804.536
Armenia,1962,,62.7,4.5,1991689,13767118195.239
Australia,1962,19.5,71.2,3.43,10707236,182068138395.629
Austria,1962,32.9,69.5,2.8,7129579,98861664614.5447
Azerbaiyan,1962,,53.3,5.89,4239407,27137801071.6044
Bahamas,1962,,63.2,4.99,128493,2699189296.6905
Banglades,1962,167.6,47,6.8,54881146,68549191137.1226
Barbados,1962,61.2,66.8,4.29,235224,1622282867.36208
Barein,1962,114.1,57.1,7.18,179349,1570483428.80844
Belgica,1962,27,70.3,2.6,9217669,135595284656.854
Belice,1962,,64.3,6.46,96042,280273841.3829
Benin,1962,180.6,45.1,6.44,2604659,4309284490.01114
Bielorrusia,1962,,70.9,2.62,8424480,57108314217.2736
Bolivia,1962,167.7,44.6,6.33,3857493,13887446879.9933
Bosnia y Herzegovina,1962,,63,3.81,3407532,9001141892.97216
Botsuana,1962,109,48.7,6.56,540186,429493720.98768
Brasil,1962,122.9,58.2,6.02,76865323,345305703183.081
Brunei,1962,,56.4,6.91,96719,9415902076.17745
Bulgaria,1962,,69.5,2.23,8008325,42797287550.3355
Burkina Faso,1962,157.5,45.2,6.33,4919672,5126540714.63288
Burundi,1962,144.6,43.5,7.04,2907943,2159134533.59764
Butan,1962,,41.4,6.69,237636,279654222.44088
Cabo Verde,1962,,58.5,6.95,221919,263109119.2872
Camboya,1962,,50.1,6.43,5697558,11385963157.9509
Camerun,1962,160.5,45.4,5.74,5338620,9798757373.0844
Canada,1962,26,71.3,3.7,18613601,329235014655.665
Catar,1962,,58.6,6.62,44630,2012970410.9026
Chad,1962,,45.4,6.29,3175598,4501575423.11992
Chile,1962,116.7,57.2,4.77,8497059,65606203881.6262
China,1962,110,51.8,6.06,665073691,505184415667.543
Chipre,1962,,65.2,3.49,601466,3098637073.85364
Cisjordania y Gaza,1962,,58,7.82,1109340,2727256312.863
Colombia,1962,85.9,59.7,6.69,16599029,79486419509.3103
Comoras,1962,,51.6,6.9,204702,195169644.01302
Corea del Norte,1962,78.4,62.3,3.41,12262882,17292882465.8691
Corea del Sur,1962,72.4,57.1,5.56,27509237,49281952451.5546
Costa Rica,1962,80.64,65.5,6.68,1429445,7660445957.1084
Costa de Marfil,1962,197.7,45.1,7.7,3956939,11533146901.6776
Croacia,1962,,66,2.21,4255014,34425790936.7247
Cuba,1962,,70.4,4.44,7541098,34134077719.1323
Dinamarca,1962,20.2,72.4,2.55,4647467,87641220368.7329
Dominica,1962,73.6,63.3,6.12,60948,128060099.70444
Ecuador,1962,115.3,57.2,6.67,4859269,22344171387.1774
Egipto,1962,195.9,49.7,6.68,28337013,61152302404.2018
El Salvador,1962,121.6,55,6.69,2949204,11425518088.0453
Emiratos Arabes Unidos,1962,124,53.8,6.57,144946,568874455.22858
Eritrea,1962,,38,6.56,1019788,970335083.98596
Eslovenia,1962,,66.8,2.29,1633081,17772372732.1898
Espana,1962,41.7,69.6,2.8,31040106,252958325507.093
Estados Unidos,1962,24.9,70.2,3.52,186724272,3992636737179.79
Estonia,1962,,69.8,1.95,1249624,14081944351.6123
Etiopia,1962,,43,6.62,22465126,18824238973.3816
Filipinas,1962,64.2,62.8,6.99,29723536,84482772706.4098
Finlandia,1962,19.5,68.9,2.68,4491730,58124945986.7163
Fiyi,1962,50.3,62.8,6.18,430536,1581194999.46456
Francia,1962,21.3,71.1,2.79,47352622,703845548736.721
Gabon,1962,,43.3,4.58,524649,3082468417.68903
Gambia,1962,143.8,49.9,6.1,420163,739373389.77207
Georgia,1962,,61.8,2.94,4205699,29108910755.1915
Ghana,1962,122.7,48.2,6.92,7337375,19885672940.5013
Granada,1962,,62.5,6.44,96375,227146778.16375
Grecia,1962,46.2,72.1,2.24,8473376,60590283617.2925
Guatemala,1962,140.7,49.3,6.85,4312044,18356464879.3548
Guinea,1962,209.1,41,6.14,3684273,4775421844.55835
Guinea Ecuatorial,1962,,37.3,5.64,280286,336823584.97826
Guinea-Bisau,1962,,42.6,5.89,589474,753701863.13706
Guyana,1962,62.9,60.5,6.16,595461,2369765037.88734
Haiti,1962,188.3,43.9,6.2,4001575,10207515267.1957
Honduras,1962,132.4,51.2,7.44,2182064,5871463530.97456
Hungria,1962,49,68.5,1.82,10058066,77351504773.9601
India,1962,160.1,44.1,5.93,457283090,599172746634.48
Indonesia,1962,141.2,47.6,5.56,93375850,170277510835.52
Irak,1962,118.3,59,6.9,7413875,48082589413.1537
Iran,1962,176.4,46.3,7.3,22807907,133291420165.397
Irlanda,1962,28,70.2,3.94,2831495,26465283394.7118
Islandia,1962,16.9,73.1,3.98,182341,2482483668.77265
Islas Marshall,1962,83.8,51.4,8.12,15755,37530998.8616
Islas Salomon,1962,119.3,53.8,6.91,146201,228894752.01087
Israel,1962,,71.3,4.03,2040961,20367584878.1931
Italia,1962,41,69.8,2.45,50170590,652599499797.372
Jamaica,1962,57.7,64.5,5.63,1696932,9249240762.88596
Japon,1962,25.5,68.9,1.94,98076405,836806367996.994
Jordania,1962,96.6,55.1,7.81,940554,5063904323.77464
Kazajistan,1962,,62.7,4.37,10058928,109757135147.209
Kenia,1962,109.9,52.3,7.82,8299308,13773566911.8521
Kiribati,1962,,53.7,6.55,49538,170567038.14976
Kuwait,1962,89,63.3,7.27,384995,19172909633.3398
Laos,1962,,39,6.24,2219910,2135469529.6011
Lesoto,1962,141.7,49.6,5.79,781814,691766148.9266
Letonia,1962,,70.7,1.9,2182285,20992957064.5644
Libano,1962,54.7,67.9,5.86,1909578,16365375262.6142
Liberia,1962,211.4,44,6.49,1197039,4977309888.25785
Libia,1962,148.4,45.5,7.61,1621960,6861670492.3916
Liechtenstein,1962,,70.9,2.8,17273,
Lituania,1962,,70.1,2.47,2853287,32992183400.9428
Luxemburgo,1962,,69,2.35,319651,7028508633.89322
Macedonia del Norte,1962,,59.6,3.52,1471745,7323995983.03835
Madagascar,1962,,45.9,7.26,5384150,11741546276.444
Malasia,1962,61.1,59.5,6.25,8380172,25741468609.335
Malaui,1962,214.6,44.1,7.07,3806307,2388826625.90058
Maldivas,1962,,49.3,6.93,95802,261482090.88834
Mali,1962,225.2,40.5,6.98,5563917,5795195843.20671
Malta,1962,33.7,69.1,3.21,330488,902208342.41272
Marruecos,1962,140.4,47.7,7.06,12253092,28865534668.0315
Mauricio,1962,63.6,60,5.93,705274,3641568827.46614
Mauritania,1962,128.9,53.5,6.35,869184,1510118473.69728
Mexico,1962,94.9,59.9,6.79,39129200,247725925928.448
"Micronesia, Estados Federados de",1962,,49.5,6.76,46218,87272337.8571
Moldavia,1962,,60.8,3.07,3209505,24079176816.3355
Monaco,1962,,71.9,2.76,22078,876517380.69672
Mongolia,1962,,51.3,7.15,1041444,1757397810.40884
Montenegro,1962,,68.4,3.42,484442,2437389210.11838
Mozambique,1962,,50,6.46,6969364,3707945924.2082
Myanmar,1962,,40.6,5.94,22704719,23573829759.9403
Namibia,1962,,47.8,6.32,615759,4148486196.16947
Nauru,1962,,51.5,5.42,4979,116807027.8167
Nepal,1962,213.3,48.2,6.06,10521116,12372080997.8953
Nicaragua,1962,131.1,54.9,7.12,1892320,9749708918.0208
Niger,1962,,41.3,7.42,3714520,6407625859.2596
Nigeria,1962,182.6,43.7,6.35,46965292,105680268700.588
Noruega,1962,17.5,73.4,2.89,3638841,59066450408.9137
Nueva Zelanda,1962,20.9,71.3,4.03,2484405,46036245836.5771
Oman,1962,226,50,7.3,549941,1265228509.42607
Paises Bajos,1962,15.6,72.8,3.17,11807551,196112164790.877
Pakistan,1962,178,50.1,6.76,48156128,61263266771.5302
Palaos,1962,,55.8,7.15,9793,222188272.49668
Panama,1962,63.6,66.4,5.86,1195301,5413842573.92635
Papua Nueva Guinea,1962,126.9,49.9,6.16,2093919,3140938218.56988
Paraguay,1962,61.4,67.3,6.47,1973130,6484257833.9817
Peru,1962,129.1,51.4,6.89,10784612,66046803527.115
Polonia,1962,49.6,68.3,2.74,30338087,190873013931.054
Portugal,1962,78.7,64.5,3.22,8895776,58310908313.9472
Reino Unido,1962,22,70.8,2.85,53272830,867245711108.837
Republica Centroafricana,1962,160.4,43.9,5.95,1768115,2971871703.0017
Republica Checa,1962,,70.1,2.14,9597460,110212725880.2
Republica Democratica del Congo,1962,,45.3,6.12,16075724,29707369353.6421
Republica Dominicana,1962,99.6,58.5,7.4,3479936,10026851407.1437
Republica Eslovaca,1962,,70.3,2.85,4235790,44544289799.8371
Republica Kirguisa,1962,,57,5.4,2367294,13709861249.016
Republica del Congo,1962,106.1,41.2,6.07,1113175,3008493337.619
Ruanda,1962,123.4,38.2,8.26,3186025,4196229830.62325
Rumania,1962,,66.4,2.02,18511669,68716252758.9182
Rusia,1962,,68.7,2.36,123111713,1229764516382.67
Samoa,1962,,63.4,7.73,118597,508473018.55191
San Cristobal y Nieves,1962,,57.1,6.06,54461,225343463.23357
San Marino,1962,,72.5,2.43,16183,314543677.05521
San Vicente y las Granadinas,1962,,59.9,7.04,87236,323515861.00464
Santa Lucia,1962,,59.3,6.83,94505,252331881.65185
Santa Sede,1962,,,1,900,
Santo Tome y Principe,1962,,51.3,6.28,69403,139769605.1326
Senegal,1962,126,48.2,7.07,3534686,10351892475.7011
Serbia,1962,,63.3,2.2,6838635,44610066267.6255
Seychelles,1962,70.9,62,5.52,45063,183456374.95314
Sierra Leona,1962,217.5,42.2,6.21,2342242,3731791213.64168
Singapur,1962,30.8,65.9,5.23,1721176,8764761980.31288
Siria,1962,110.6,60.3,7.51,4959340,28112495085.0136
Somalia,1962,,52.4,7.26,3030091,4560662777.18673
Sri Lanka,1962,67.1,63.4,5.2,10143754,21954282996.0116
Suazilandia,1962,138.1,40.9,6.78,361365,437997409.79145
Sudafrica,1962,,55.7,6.06,17418522,111645841174.994
Sudan,1962,104.1,47.8,6.71,8919028,18632530013.8364
Sudan del Sur,1962,,48.2,7.11,3024308,5843641589.74288
Suecia,1962,15.6,73.6,2.24,7561515,134217704717.784
Suiza,1962,20.7,71.6,2.58,5573696,135782949892.951
Surinam,1962,,63.1,6.57,283912,2617204903.81744
Tailandia,1962,95.8,59.8,6.3,28481040,54435049599.3696
Tanzania,1962,141.9,48,6.64,10487756,9799848771.83624
Tayikistan,1962,,55.5,6.44,2255026,11975932525.5633
Timor Oriental,1962,,42,6.25,482774,436583318.1989
Togo,1962,156.4,43,6.81,1732959,2365092031.42269
Tonga,1962,,61.9,6.72,69940,112590556.9178
Trinidad y Tobago,1962,53.1,64.2,5.3,880194,9420784104.12636
Tunez,1962,178.7,50.2,7.16,4369136,10677673491.9653
Turkmenistan,1962,,58,6.73,1749214,12198431802.1008
Turquia,1962,157.1,54.8,6.34,29916147,120898740950.14
Tuvalu,1962,,50.2,5,5699,11905798.05399
Ucrania,1962,,70.8,2.17,43943674,378421071253.85
Uganda,1962,127.3,47.1,6.98,8092231,10185935949.6877
Uruguay,1962,54.9,68.7,2.87,2593298,23547776141.0789
Uzbekistan,1962,,62.5,6.86,8854368,48920595881.9194
Vanuatu,1962,101.6,56.7,6.74,68174,126374222.88184
Venezuela,1962,56.6,65.2,6.31,8756870,105247879341.612
Vietnam,1962,69.9,56.9,6.29,34288560,55978695217.5264
Yemen,1962,263.7,43.5,7.87,5782221,8263149589.05813
Yibuti,1962,,54,6.79,93283,551916564.41467
Zambia,1962,118.7,42.8,7.04,3358099,6415322235.99205
Zimbabue,1962,87.6,55.2,7.24,4055959,9317269355.76524
Afganistan,1963,232.3,53.1,7.37,9604487,22237588388.4274
Albania,1963,101.8,63.4,5.91,1791285,5537752902.24615
Alemania,1963,,70,2.52,74698010,1208636604114.53
Andorra,1963,,73.6,2.6,11915,335398792.2564
Angola,1963,,40.8,7.03,5408320,20293760606.8672
Antigua y Barbuda,1963,,64.9,4.49,58138,313714430.51108
Arabia Saudita,1963,,46.9,7.58,2719341,40562003352.1491
Argelia,1963,148.4,45,7.65,11982118,47524252613.204
Argentina,1963,59.39,65.6,3.1,21421705,239626628599.916
Armenia,1963,,63.3,4.34,2056023,13591961782.8552
Australia,1963,19.2,71.1,3.34,10913265,192535826298.255
Austria,1963,31.2,69.7,2.82,7175493,102679750115.932
Azerbaiyan,1963,,54.3,5.88,4372048,27059633246.5282
Bahamas,1963,,63,4.94,135087,2978195738.67441
Banglades,1963,163.7,45.8,6.8,56504402,75200977454.8381
Barbados,1963,57.6,67.3,4.29,237557,1618716455.35859
Barein,1963,105.1,57.8,7.15,186501,1693964408.74038
Belgica,1963,26,70.2,2.67,9275197,140841799374.597
Belice,1963,,64.8,6.44,98704,291966005.59872
Benin,1963,177.1,45.4,6.5,2652908,4472477880.24092
Bielorrusia,1963,,71.5,2.51,8517704,55290265942.7154
Bolivia,1963,165,45.3,6.3,3938913,14778478900.247
Bosnia y Herzegovina,1963,,63.5,3.71,3461942,9951102672.9818
Botsuana,1963,105.8,48.9,6.59,552966,448228643.58408
Brasil,1963,119.9,58.6,5.95,79164235,352183795939.386
Brunei,1963,,58.5,6.8,101159,10034127119.8643
Bulgaria,1963,40.6,70,2.2,8073731,44207307981.8307
Burkina Faso,1963,155.8,45.3,6.36,4993623,5020574631.99183
Burundi,1963,144.3,43.7,7.07,2969841,2255142704.87436
Butan,1963,,41.9,6.68,245156,291783173.29684
Cabo Verde,1963,,58.7,6.98,229373,260751205.75643
Camboya,1963,,50.6,6.4,5823010,12364025607.5189
Camerun,1963,158.1,45.9,5.75,5456623,10212118508.4447
Canada,1963,25.1,71.4,3.6,18964262,344268604659.121
Catar,1963,,59.5,6.61,50380,2887023021.2868
Chad,1963,,45.5,6.3,3240905,4393000933.51235
Chile,1963,111.9,57.2,4.68,8670144,68854678688.8262
China,1963,,55.7,7.5,684552645,566786575400.075
Chipre,1963,,65.6,3.47,607252,3262918509.3056
Cisjordania y Gaza,1963,,58.7,7.82,1127468,2852359262.47528
Colombia,1963,84.3,60.3,6.61,17113823,81447523011.3739
Comoras,1963,,51.8,6.92,208185,229648588.28655
Corea del Norte,1963,75.1,62.7,3.63,12567057,18650353575.4544
Corea del Sur,1963,68.8,57.6,5.33,28145540,52847894238.2784
Costa Rica,1963,77.78,65.7,6.51,1481604,8228582551.20768
Costa de Marfil,1963,192.8,45.6,7.74,4112061,13313960501.7126
Croacia,1963,,66.6,2.16,4287266,38314931309.9181
Cuba,1963,41.8,69.8,4.57,7701660,34879985975.637
Dinamarca,1963,19.5,72.5,2.65,4684266,87977301576.1542
Dominica,1963,68.7,64,6.08,61739,134527332.51716
Ecuador,1963,112.3,57.8,6.64,5001716,22779513196.7364
Egipto,1963,189.4,50,6.63,29091869,64597015792.9613
El Salvador,1963,119.4,55.5,6.7,3028679,11835038513.3823
Emiratos Arabes Unidos,1963,117.4,54.5,6.56,152211,786597523.34367
Eritrea,1963,,38.3,6.54,1045092,1010733921.1902
Eslovenia,1963,,67.2,2.31,1647437,19827313979.6332
Espana,1963,39.3,69.8,2.87,31379827,279129919659.345
Estados Unidos,1963,24.4,70,3.38,189825226,4142283181299.3
Estonia,1963,,70.1,1.91,1263756,13705752425.5252
Etiopia,1963,,43.1,6.64,23051637,20700391925.0551
Filipinas,1963,62.7,63.2,6.95,30674731,89830960162.9085
Finlandia,1963,18.4,69.1,2.67,4523899,59729521920.8471
Fiyi,1963,48.8,63.1,6.05,444276,1673083829.70288
Francia,1963,20.3,71.1,2.86,47817824,734891132598.63
Gabon,1963,,43.9,4.64,531452,3294953676.48064
Gambia,1963,141.5,50,6.12,431757,744196264.88013
Georgia,1963,,62.2,2.94,4282793,28582605554.0779
Ghana,1963,121.8,48.5,6.92,7514714,20387468077.9353
Granada,1963,,63.1,6.2,97195,232581024.76805
Grecia,1963,45,72.2,2.24,8488375,66834379395.455
Guatemala,1963,138,49.3,6.82,4440264,19972605813.3382
Guinea,1963,207.6,41.3,6.15,3750954,4674932687.8941
Guinea Ecuatorial,1963,,37.9,5.67,285965,372094106.3147
Guinea-Bisau,1963,,39.5,5.87,594418,816633126.82446
Guyana,1963,61,60.8,6.15,608537,2071285060.55157
Haiti,1963,185.2,42.6,6.19,4073068,9688281820.7736
Honduras,1963,128.4,52,7.44,2244878,5944814869.2113
Hungria,1963,47.3,69,1.83,10083841,81248671447.9826
India,1963,157.6,44.4,5.94,468138575,627808031279.289
Indonesia,1963,137.7,48.2,5.57,96051424,163599714715.88
Irak,1963,112.5,59.2,6.95,7667928,47362574381.3359
Iran,1963,169.3,47.4,7.24,23519005,147358298075.074
Irlanda,1963,27,70.4,4.02,2843034,27587716039.1637
Islandia,1963,16.4,73.2,3.96,185643,2719843411.10634
Islas Marshall,1963,80.8,51.8,8.12,16302,39752669.73678
Islas Salomon,1963,113.7,54,6.92,149589,238618920.28095
Israel,1963,,71.2,4.04,2135041,22501115497.733
Italia,1963,39.2,69.9,2.51,50570976,692855138158.189
Jamaica,1963,55.8,64.8,5.73,1721099,9586536764.99209
Japon,1963,23.2,69.9,1.95,98958231,900289410567.519
Jordania,1963,91.6,55.9,7.88,984714,5367745515.11412
Kazajistan,1963,,63.4,4.28,10377466,109112297703.014
Kenia,1963,106.5,52.6,7.86,8627971,14621113665.8824
Kiribati,1963,122.2,54.3,6.49,50791,179387286.88023
Kuwait,1963,83.3,63.7,7.29,427694,24109439775.0556
Laos,1963,,38.1,6.26,2271061,2195255822.64625
Lesoto,1963,141.5,50,5.78,805373,762607516.51794
Letonia,1963,,71,1.85,2205801,20586214517.1134
Libano,1963,53.4,68.5,5.86,1970316,16603821781.304
Liberia,1963,210.4,44.1,6.54,1227414,5457754874.09952
Libia,1963,140.9,46.2,7.68,1690457,9034386108.75237
Liechtenstein,1963,,70.9,2.85,17700,
Lituania,1963,,70.6,2.36,2891072,32201516442.8102
Luxemburgo,1963,,69.1,2.33,322848,7236684426.2544
Macedonia del Norte,1963,,58.9,3.6,1488737,8617377798.48972
Madagascar,1963,,46.2,7.23,5525185,11462578415.9916
Malasia,1963,58.3,60.1,6.15,8602160,26945065854.5936
Malaui,1963,212.9,44.3,7.11,3900506,2340964150.6911
Maldivas,1963,217.1,49.7,6.98,98222,273984923.75876
Mali,1963,216.5,40.5,7,5646605,6136043348.0357
Malta,1963,32.6,69.3,2.89,329805,897445623.8727
Marruecos,1963,138,48.1,7.03,12577502,30766509594.3584
Mauricio,1963,59.9,60.8,6.15,720351,3707216525.84247
Mauritania,1963,126,53.6,6.4,893423,1499898991.7867
Mexico,1963,90.8,60,6.81,40424065,269146351472.306
"Micronesia, Estados Federados de",1963,,50,6.75,47744,91725853.48736
Moldavia,1963,,61.3,2.93,3271788,23850248842.588
Monaco,1963,,72.1,2.73,22385,947824980.9897
Mongolia,1963,,51.6,7.28,1071362,1886922116.23988
Montenegro,1963,,68.8,3.35,490788,2825992581.84144
Mozambique,1963,,50.1,6.5,7109828,3792508454.647
Myanmar,1963,,41.2,5.94,23213408,24849493174.2534
Namibia,1963,,48.3,6.37,629589,4493150997.93528
Nauru,1963,,51.9,5.44,5226,138793722.36366
Nepal,1963,209.4,48.4,6.05,10729818,12634764565.3495
Nicaragua,1963,129.7,55.4,7.09,1950159,10758197761.3741
Niger,1963,,41.4,7.43,3823873,7079125301.57814
Nigeria,1963,181.4,44,6.35,47973575,115593289873.207
Noruega,1963,17.1,73.3,2.91,3666498,61275871913.5596
Nueva Zelanda,1963,20,71.3,3.93,2538115,48726570295.1237
Oman,1963,218.7,50.7,7.32,560827,1312493058.40877
Paises Bajos,1963,15.3,73.3,3.18,11969156,202168815022.66
Pakistan,1963,171.7,50.7,6.77,49447776,64869089503.5187
Palaos,1963,,56.4,7.12,10037,239580933.08018
Panama,1963,61.9,66.9,5.85,1232124,5897412722.38452
Papua Nueva Guinea,1963,123.2,50.4,6.17,2141376,3312011118.768
Paraguay,1963,60.9,67.6,6.45,2021909,6668817204.37658
Peru,1963,125.4,53.9,6.85,11102099,68477282342.2198
Polonia,1963,46.8,68.8,2.68,30674020,201177550607.158
Portugal,1963,74.4,64.9,3.14,8898302,61120383599.7286
Reino Unido,1963,21.4,70.8,2.89,53652936,895407230814.344
Republica Centroafricana,1963,157.6,44.1,5.97,1803063,2942982597.95955
Republica Checa,1963,,70.2,2.29,9627331,107609890535.183
Republica Democratica del Congo,1963,,45.6,6.14,16507599,31050042623.2455
Republica Dominicana,1963,98.1,58.7,7.3,3588287,10649214385.34
Republica Eslovaca,1963,,70.5,2.91,4278462,43891628316.6184
Republica Kirguisa,1963,,57.6,5.45,2449242,14472606663.4559
Republica del Congo,1963,104.2,41.7,6.12,1143263,3034425332.0348
Ruanda,1963,122.4,38.3,8.26,3258890,3730107667.8717
Rumania,1963,,67.1,1.99,18587430,73922178254.8662
Rusia,1963,,69.2,2.28,124449753,1288932067898.14
Samoa,1963,,63.7,7.71,121764,526497903.24996
San Cristobal y Nieves,1963,,58.7,6.12,53441,221898511.66121
San Marino,1963,,72.6,2.4,16580,343283739.1434
San Vicente y las Granadinas,1963,,60.5,6.93,88523,301567062.96307
Santa Lucia,1963,,59.7,6.74,95519,263541986.37257
Santa Sede,1963,,,1,893,
Santo Tome y Principe,1963,,52.2,6.31,70112,149583513.09888
Senegal,1963,125.9,48.1,7.11,3635876,10571287218.4389
Serbia,1963,,63.7,2.16,6904162,50422164333.5689
Seychelles,1963,69.5,62.1,5.61,46075,205509814.4085
Sierra Leona,1963,214.2,42.4,6.26,2382258,3919147235.26518
Singapur,1963,29.3,66.3,5.13,1771513,9678382085.0512
Siria,1963,105.6,60.6,7.52,5110467,26726421558.6992
Somalia,1963,,52.4,7.26,3110361,4736330361.51705
Sri Lanka,1963,64.6,63.4,5.13,10395040,22619714420.7632
Suazilandia,1963,136,41.3,6.8,369759,459011390.4441
Sudafrica,1963,,56.1,6.02,17954564,119935036970.774
Sudan,1963,102.6,47.7,6.76,9218077,18151577582.8099
Sudan del Sur,1963,,47.5,7.12,3072669,5997451823.73105
Suecia,1963,15,73.7,2.32,7604199,140520720490.929
Suiza,1963,20.1,71.6,2.63,5694165,143457686121.266
Surinam,1963,,63.5,6.51,297034,2806803163.9043
Tailandia,1963,92.7,59.7,6.31,29342322,58214211755.4189
Tanzania,1963,140.5,48.2,6.67,10799528,10261538065.1803
Tayikistan,1963,,56.1,6.58,2331736,11828937603.3321
Timor Oriental,1963,,42.5,6.19,490564,459082624.35424
Togo,1963,153.5,43.2,6.86,1765072,2466522397.38992
Tonga,1963,60.4,62.2,6.64,71885,115553461.1418
Trinidad y Tobago,1963,51.5,64.3,5.18,896804,9696958497.71908
Tunez,1963,170.9,50.9,7.16,4427131,11959555986.6064
Turkmenistan,1963,,58.5,6.77,1804272,12132594439.211
Turquia,1963,152.6,55.4,6.3,30726841,132895717924.155
Tuvalu,1963,,50.5,4.91,5751,12131778.95523
Ucrania,1963,,71.3,2.11,44462372,389908380150.141
Uganda,1963,125,47.3,7,8333663,11252502631.3947
Uruguay,1963,53.6,68.6,2.88,2623766,23398251054.1492
Uzbekistan,1963,,63,6.8,9202246,48814733077.3781
Vanuatu,1963,98.8,57,6.68,70159,131257808.46118
Venezuela,1963,55.3,65.4,6.23,9064021,110324844243.515
Vietnam,1963,67.3,55.4,6.4,35249101,56970357711.7996
Yemen,1963,276.9,43.7,7.91,5911135,8380153667.9144
Yibuti,1963,,54.4,6.81,97872,586405638.32112
Zambia,1963,116.7,42.9,7.08,3465907,6610270647.38946
Zimbabue,1963,85.3,55.5,7.24,4185877,9366409836.61245
Afganistan,1964,228.5,53.3,7.36,9814318,22887108132.9614
Albania,1964,97.9,64,5.71,1841441,5868334102.21625
Alemania,1964,,70.4,2.52,75313485,1276884058247.8
Andorra,1964,,73.9,2.69,12764,389973657.50736
Angola,1964,,41,7.09,5464187,22672463036.4056
Antigua y Barbuda,1964,,65.4,4.45,59020,326639445.1944
Arabia Saudita,1964,,47.9,7.61,2821968,45456412422.3178
Argelia,1964,148.7,45.8,7.67,12179813,50293559941.0196
Argentina,1964,59.25,65.7,3.07,21769453,262021187385.509
Armenia,1964,,64,4.15,2120135,15509679168.9756
Australia,1964,18.8,70.9,3.15,11128251,204246240936.314
Austria,1964,29.7,70,2.78,7223395,108558867400.053
Azerbaiyan,1964,,55.4,5.83,4503654,31190023665.947
Bahamas,1964,,63.2,4.86,141528,3279364190.47968
Banglades,1964,160.3,45,6.8,58178374,76522477840.2733
Barbados,1964,54.4,67.6,4.2,239958,1695366172.59012
Barein,1964,96.6,58.6,7.11,193816,1834941426.62824
Belgica,1964,25,70.6,2.69,9337684,149774468129.295
Belice,1964,,65.3,6.42,101603,305550427.5719
Benin,1964,173.6,45.8,6.55,2704003,4690042882.00417
Bielorrusia,1964,,72.1,2.33,8602838,62341041527.0041
Bolivia,1964,162.2,46.1,6.27,4022996,15476196875.8672
Bosnia y Herzegovina,1964,,64.1,3.6,3513441,10852940969.5345
Botsuana,1964,102.8,49.3,6.62,566266,472453600.81762
Brasil,1964,117.1,58.9,5.84,81488595,363515834025.158
Brunei,1964,,59.4,6.69,105922,10704474142.34
Bulgaria,1964,39.9,70.4,2.18,8140084,47101907333.4928
Burkina Faso,1964,154.3,45.4,6.42,5071034,5095785818.37468
Burundi,1964,142.8,43.9,7.1,3055650,2382531495.162
Butan,1964,,42.4,6.68,252987,304447649.83101
Cabo Verde,1964,,58.8,6.99,237006,273411868.33422
Camboya,1964,,51.1,6.38,5946178,12123372448.0225
Camerun,1964,155.5,46.3,5.76,5578257,10640852615.4033
Canada,1964,24,71.6,3.44,19321666,364821362832.507
Catar,1964,,60.3,6.59,56867,4140177847.27614
Chad,1964,,45.5,6.32,3307479,4339470328.8825
Chile,1964,105.1,58.1,4.57,8842525,69496634149.3825
China,1964,,56.2,6.59,704798265,633745987253.202
Chipre,1964,,66,3.39,612521,2940952326.6942
Cisjordania y Gaza,1964,,59.3,7.81,1140669,2974166286.15123
Colombia,1964,82.6,60.7,6.5,17637411,86364818368.1738
Comoras,1964,,52,6.94,211644,247465407.32928
Corea del Norte,1964,71.8,63.1,3.55,12889770,19375517633.2632
Corea del Sur,1964,65.3,58.2,5.07,28744977,56731514907.3573
Costa Rica,1964,75.1,65.9,6.3,1533960,8594795275.1064
Costa de Marfil,1964,188,46.1,7.79,4273952,15717058737.2694
Croacia,1964,,67.1,2.15,4317757,42157290022.5822
Cuba,1964,40.4,70.5,4.55,7866020,38259749892.3072
Dinamarca,1964,18.7,72.5,2.6,4721891,95549621061.4953
Dominica,1964,64.2,64.4,6.03,62587,142113704.79124
Ecuador,1964,109.6,58.4,6.61,5149918,24315839748.0083
Egipto,1964,183.4,50.1,6.53,29858922,71125899901.4821
El Salvador,1964,117.4,56,6.69,3111883,12869243430.3318
Emiratos Arabes Unidos,1964,111,55.3,6.55,159692,1422577592.4282
Eritrea,1964,,35.6,6.53,1071287,1046012372.20501
Eslovenia,1964,,67.4,2.33,1661346,21706822690.7819
Espana,1964,37.3,70.5,2.97,31741586,295183095204.535
Estados Unidos,1964,23.8,70.2,3.25,192819452,4355896991258.16
Estonia,1964,,70.3,1.95,1278340,15437176225.2162
Etiopia,1964,,43.1,6.65,23666548,21527311923.0309
Filipinas,1964,61.4,63.3,6.88,31643032,92400967414.7414
Finlandia,1964,17.4,69.3,2.59,4549087,62547794713.8125
Fiyi,1964,47.5,63.5,5.92,458324,1746529116.09192
Francia,1964,19.4,71.8,2.87,48319087,777786820567.356
Gabon,1964,,44.2,4.71,538657,3466746340.73929
Gambia,1964,139.3,50.2,6.13,443687,803647285.96023
Georgia,1964,,62.6,2.89,4358324,32437802067.9939
Ghana,1964,121.2,48.7,6.9,7695739,20630580502.9114
Granada,1964,,63.8,5.91,97760,237646405.8384
Grecia,1964,43.6,72.3,2.3,8504002,72349911705.1774
Guatemala,1964,135.3,49.5,6.81,4571109,20746505656.7675
Guinea,1964,206.1,41.6,6.16,3819722,4806378652.56536
Guinea Ecuatorial,1964,,38.4,5.69,291942,410734539.81378
Guinea-Bisau,1964,,40,5.86,588543,870943634.77344
Guyana,1964,59.5,61.1,6.1,621764,2298286416.43172
Haiti,1964,182.2,44.5,6.17,4146244,9489663048.92656
Honduras,1964,124.5,52.8,7.44,2309855,6167746455.9806
Hungria,1964,45.8,69.3,1.82,10114371,85428914477.051
India,1964,155.3,44.7,5.95,479229598,670513857219.197
Indonesia,1964,134.1,48.7,5.58,98833749,170208331707.882
Irak,1964,107.1,60.4,6.99,7929566,53142726293.3487
Iran,1964,162.5,48,7.18,24262859,159888300521.698
Irlanda,1964,26,70.6,4.07,2857166,28645649856.4558
Islandia,1964,16,73.2,3.85,189026,2979519695.64834
Islas Marshall,1964,77.9,52.3,8.14,16852,42066151.1424
Islas Salomon,1964,108.4,54.3,6.95,153085,248932579.37905
Israel,1964,,71.2,4.11,2231855,24758166440.2361
Italia,1964,37.3,70.6,2.64,51019579,714085884569.153
Jamaica,1964,54,65.2,5.79,1745568,10156682855.6582
Japon,1964,21,70.3,1.99,99890178,994845706358.551
Jordania,1964,87.1,56.8,7.93,1035640,6295853294.7452
Kazajistan,1964,,63.9,4.09,10690309,125758779738.947
Kenia,1964,103.6,53,7.9,8973535,16032400835.7646
Kiribati,1964,117.8,54.8,6.43,52088,188689866.55568
Kuwait,1964,77.8,64.2,7.3,473115,30185160163.5183
Laos,1964,,38.5,6.26,2322826,2258808659.92914
Lesoto,1964,141.3,50.4,5.77,829437,820807006.61232
Letonia,1964,,71.3,1.81,2229758,23359635430.9453
Libano,1964,52.3,69.1,5.81,2030543,17677772448.7231
Liberia,1964,208.8,44.3,6.57,1258745,5700511183.6951
Libia,1964,133.5,47.6,7.74,1753691,12392155132.7085
Liechtenstein,1964,,71.1,2.92,18145,
Lituania,1964,,71.1,2.32,2928854,36362313599.1799
Luxemburgo,1964,25.4,69.2,2.36,326233,7822844865.40565
Macedonia del Norte,1964,,61.3,3.54,1510900,11194388883.504
Madagascar,1964,,46.4,7.2,5669863,11983122775.7058
Malasia,1964,55.8,60.9,6,8828406,28349773374.4173
Malaui,1964,214.3,44.4,7.11,3997305,2285357082.55335
Maldivas,1964,211.1,50.2,7.03,100662,286925338.10208
Mali,1964,212.8,40.5,7.02,5730125,5914679376.1675
Malta,1964,31.6,69.6,2.75,328788,919451361.18024
Marruecos,1964,135.5,48.7,6.99,12898886,31797282121.0244
Mauricio,1964,58.1,61.4,5.93,736537,4009388124.47976
Mauritania,1964,123.1,53.9,6.43,918955,2119799234.89035
Mexico,1964,89.3,60.3,6.82,41772049,303092853341.457
"Micronesia, Estados Federados de",1964,,50.4,6.76,49181,96098718.90498
Moldavia,1964,,61.7,2.75,3330238,27392426150.689
Monaco,1964,,72.2,2.69,22686,1024446637.10124
Mongolia,1964,,51.9,7.36,1100234,2022624525.889
Montenegro,1964,,69.3,3.25,496930,3361965598.4467
Mozambique,1964,180.5,49.6,6.53,7255061,3930751566.55962
Myanmar,1964,,41.4,5.94,23737315,24456741032.9301
Namibia,1964,,48.8,6.4,644530,5134149694.5997
Nauru,1964,,52.3,5.47,5515,165810524.64975
Nepal,1964,205.2,48.8,6.04,10946392,13123355818.4639
Nicaragua,1964,128.2,55.7,7.06,2010176,12094538697.5616
Niger,1964,,41.4,7.44,3935814,7101797344.1118
Nigeria,1964,195.4,44.3,6.36,49012016,120376378498.936
Noruega,1964,16.6,73.6,2.96,3694320,64287508376.7
Nueva Zelanda,1964,19.3,71.4,3.69,2588769,50896903891.5787
Oman,1964,207.9,51.3,7.35,572577,1306273280.00217
Paises Bajos,1964,14.9,73.5,3.16,12131885,218704588407.878
Pakistan,1964,165.8,51.3,6.77,50799999,69222655721.3493
Palaos,1964,,56.9,7.08,10292,258451871.27428
Panama,1964,60.4,67.6,5.79,1270065,6141909391.0053
Papua Nueva Guinea,1964,119.6,50.9,6.2,2188325,3640192089.24625
Paraguay,1964,60.5,67.7,6.42,2073119,6903503269.5758
Peru,1964,121.8,56,6.81,11427978,72725019671.5475
Polonia,1964,43.9,69.2,2.59,30993135,209058733011.701
Portugal,1964,70.1,65.3,3.21,8895763,64307397159.04
Reino Unido,1964,20.8,71.4,2.91,54009135,937307154628.271
Republica Centroafricana,1964,154.7,44.3,5.99,1839583,2966232959.35048
Republica Checa,1964,,70.3,2.31,9668746,112138105279.004
Republica Democratica del Congo,1964,,45.4,6.17,16955327,30897895516.9175
Republica Dominicana,1964,96.4,59.3,7.19,3698559,11309846201.2811
Republica Eslovaca,1964,,70.6,2.87,4323292,46119131278.7432
Republica Kirguisa,1964,,58.2,5.42,2532151,15273710128.9203
Republica del Congo,1964,102.1,42.1,6.16,1174816,3140961988.43296
Ruanda,1964,122,38.4,8.26,3334834,3255148308.3117
Rumania,1964,,67.8,1.95,18655401,77438144954.0732
Rusia,1964,,69.7,2.17,125630154,1383516704325.34
Samoa,1964,,60,7.68,124894,544718058.29518
San Cristobal y Nieves,1964,,59.9,6.08,52326,218040175.23768
San Marino,1964,,72.7,2.37,16977,374376277.88277
San Vicente y las Granadinas,1964,,60.9,6.84,89749,311120860.65368
Santa Lucia,1964,,60.4,6.76,96505,274929940.7166
Santa Sede,1964,,,1,877,
Santo Tome y Principe,1964,,53,6.33,70865,159277669.96015
Senegal,1964,125.9,47.9,7.15,3740535,10792092121.1743
Serbia,1964,,64,2.13,6968213,56143176444.0904
Seychelles,1964,67.8,62.4,5.7,47140,211958757.3504
Sierra Leona,1964,211,42.6,6.3,2424390,4056379983.7671
Singapur,1964,28.3,66.6,4.92,1821466,9339190199.40188
Siria,1964,100.8,60.9,7.53,5269087,27991981797.1318
Somalia,1964,,52.4,7.26,3192796,4226125843.32728
Sri Lanka,1964,62.4,63.5,5.06,10653397,23365917089.1663
Suazilandia,1964,133.7,41.9,6.79,378656,523460608.93536
Sudafrica,1964,,56.4,5.96,18511361,128678470953.782
Sudan,1964,101.1,48,6.8,9531109,18037839471.4967
Sudan del Sur,1964,,47.6,7.15,3129918,5302229825.70336
Suecia,1964,14.4,73.9,2.45,7661191,149266358471.352
Suiza,1964,19.3,72.1,2.64,5789149,151688451216.641
Surinam,1964,,63.9,6.42,309041,2992702945.36349
Tailandia,1964,89.7,60.2,6.29,30232141,61427048111.215
Tanzania,1964,139,48.5,6.7,11127826,11268308682.9457
Tayikistan,1964,,56.7,6.64,2411260,13519813364.8338
Timor Oriental,1964,,42.9,6.12,498659,483263397.04741
Togo,1964,150.5,43.6,6.89,1803440,2792385521.6936
Tonga,1964,57,62.5,6.56,73879,118572661.79161
Trinidad y Tobago,1964,50.1,64.5,5.02,912963,10040300056.907
Tunez,1964,163.2,51.5,7.16,4489869,12258883966.5212
Turkmenistan,1964,,59.2,6.77,1859997,13955390537.6693
Turquia,1964,148.2,56.1,6.25,31543072,139093196779.388
Tuvalu,1964,,50.9,4.83,5752,12243519.56976
Ucrania,1964,,71.8,2.02,44951156,382349941624.926
Uganda,1964,122.9,47.5,7.02,8586363,12030830257.6283
Uruguay,1964,52.7,68.5,2.86,2653180,23758460582.0206
Uzbekistan,1964,,63.6,6.82,9557611,56279907406.3382
Vanuatu,1964,95.9,57.4,6.61,72219,136339387.33884
Venezuela,1964,54.2,65.4,6.13,9377712,120186667325.712
Vietnam,1964,61.7,56.2,6.31,36201563,58997817546.7268
Yemen,1964,270.7,43.9,7.97,6048006,8473027307.53272
Yibuti,1964,,54.8,6.83,103198,615182993.9779
Zambia,1964,115.1,43.2,7.11,3577017,7448849344.53861
Zimbabue,1964,82.8,55.7,7.25,4320006,10102700885.9095
Afganistan,1965,224.6,53.6,7.35,10036008,23682142704.1392
Albania,1965,94.1,64.6,5.49,1894312,6237203924.5208
Alemania,1965,,70.4,2.49,75966964,1339367232467.97
Andorra,1965,,74.1,2.72,13634,452107058.19092
Angola,1965,,41.3,7.16,5521981,24475335808.9674
Antigua y Barbuda,1965,,65.9,4.39,59970,340361059.1376
Arabia Saudita,1965,,49,7.61,2928771,52442282669.752
Argelia,1965,149.1,46.7,7.7,12365976,53516773986.3926
Argentina,1965,59.11,65.9,3.01,22112629,285623619942.113
Armenia,1965,,64.6,3.99,2183635,16562910431.0484
Australia,1965,18.6,71,2.98,11357477,211571241686.25
Austria,1965,28.3,69.9,2.7,7270415,111264518968.151
Azerbaiyan,1965,,56.5,5.74,4630313,33624014431.767
Bahamas,1965,,62.3,4.78,147952,3609474264.06784
Banglades,1965,157.4,42.9,6.78,59902519,79551480909.3468
Barbados,1965,51.7,67.9,4.15,242417,1775509083.56626
Barein,1965,88.6,59.3,7.04,200866,1994298542.9918
Belgica,1965,24.1,70.6,2.61,9399858,154052831105.779
Belice,1965,,65.7,6.4,104675,321046117.495
Benin,1965,170.2,46.1,6.6,2757936,4884654858.71328
Bielorrusia,1965,,72.4,2.27,8679929,65799806616.5728
Bolivia,1965,159.4,46.8,6.23,4109796,16203646289.6032
Bosnia y Herzegovina,1965,,64.5,3.53,3562834,11133163599.4421
Botsuana,1965,99.8,49.5,6.62,574664,473458394.35376
Brasil,1965,114.5,59.3,5.69,83817583,376302835815.01
Brunei,1965,,60.2,6.57,110838,11412188620.7238
Bulgaria,1965,39.4,70.7,2.1,8202416,49356723678.7877
Burkina Faso,1965,153,45.4,6.47,5152833,5161352487.96888
Burundi,1965,143.6,44.1,7.12,3141367,2468555078.77831
Butan,1965,,42.9,6.68,261200,317742961.784
Cabo Verde,1965,,59,6.99,244856,281646098.81488
Camboya,1965,,51.5,6.34,6072289,12808921818.0449
Camerun,1965,152.2,46.6,5.82,5704686,11016649435.9194
Canada,1965,23.1,71.8,3.08,19685518,387197854018.379
Catar,1965,,61,6.58,64065,4422589248.87945
Chad,1965,,45.6,6.34,3374220,4413081703.2666
Chile,1965,96.5,58.7,4.44,9012938,69195668555.6099
China,1965,81,56.6,6.53,723415733,690333815783.393
Chipre,1965,,66.5,3.43,617736,3577490395.03296
Cisjordania y Gaza,1965,,59.9,7.81,1147310,3091672411.1248
Colombia,1965,80.9,61,6.36,18169050,88071027566.787
Comoras,1965,,52.1,6.97,214967,245628209.68839
Corea del Norte,1965,68.5,63.5,3.56,13219369,20126744568.5154
Corea del Sur,1965,61.6,58.8,4.89,29284338,59404509575.196
Costa Rica,1965,68.8,66.2,6.04,1586208,9396767698.25664
Costa de Marfil,1965,183.3,46.6,7.82,4442377,15291087213.7166
Croacia,1965,,67.5,2.22,4346706,43593754961.1291
Cuba,1965,39.5,70.7,4.52,8030797,38423069818.768
Dinamarca,1965,17.8,72.4,2.61,4758836,99277566260.7298
Dominica,1965,60.4,64.7,5.95,63505,123173017.7392
Ecuador,1965,107,59,6.56,5303963,25998842357.1414
Egipto,1965,178.1,50.2,6.39,30629174,75370494274.5245
El Salvador,1965,115.5,56.4,6.64,3199466,13503010053.1127
Emiratos Arabes Unidos,1965,104.4,56.1,6.54,167103,2565316301.50512
Eritrea,1965,,35.9,6.53,1098335,1114071768.1464
Eslovenia,1965,,67.6,2.43,1675318,21824745755.5321
Espana,1965,35.6,70.8,2.91,32110668,318208309453.837
Estados Unidos,1965,23.3,70.3,2.98,195653774,4609654215859.54
Estonia,1965,,70.5,1.91,1292804,16289607732.3141
Etiopia,1965,,43.1,6.66,24310612,22771509828.4473
Filipinas,1965,60.2,63.2,6.8,32625316,96661089221.9559
Finlandia,1965,16.6,69.4,2.47,4564150,65443598506.701
Fiyi,1965,46.3,63.8,5.73,472575,1695054882.63
Francia,1965,18.5,71.8,2.82,48772830,810706602461.099
Gabon,1965,,44.8,4.78,546308,3624495433.08076
Gambia,1965,137.1,50.4,6.15,455952,887120501.064
Georgia,1965,,63.1,2.78,4429322,34464447691.0466
Ghana,1965,120.8,49,6.88,7882606,20712011156.3631
Granada,1965,,64.4,5.6,98067,242075210.16786
Grecia,1965,42.3,72.7,2.33,8521363,79170547698.1209
Guatemala,1965,132.6,49.3,6.78,4704965,21731135525.5165
Guinea,1965,204.5,42,6.17,3890716,5155670060.2434
Guinea Ecuatorial,1965,,38.8,5.72,298238,437906759.33542
Guinea-Bisau,1965,,40.4,5.87,575005,895665278.326
Guyana,1965,58.3,61.5,6.03,635128,2534403034.03456
Haiti,1965,179.1,44.8,6.14,4223820,9590012836.6248
Honduras,1965,120.5,53.5,7.44,2377157,6695118896.27307
Hungria,1965,44.4,69.4,1.83,10141119,85723427440.1267
India,1965,153.2,43.8,5.92,490140146,642287719926.605
Indonesia,1965,130.6,49.1,5.6,101365130,171463996098.707
Irak,1965,102.1,60.5,7.02,8202140,58051062190.6264
Iran,1965,156,49.2,7.17,25036978,182262734040.432
Irlanda,1965,24.7,70.7,4.03,2873153,29178517703.7013
Islandia,1965,15.5,73.3,3.7,192333,3177037893.17226
Islas Marshall,1965,75.2,52.7,8.16,17402,44466522.45112
Islas Salomon,1965,103.3,54.5,6.94,156686,259643046.6033
Israel,1965,,71.2,4.09,2331451,26291647191.8476
Italia,1965,35.7,70.6,2.6,51480728,730038788457.656
Jamaica,1965,52.4,65.7,5.73,1769192,10711428881.0035
Japon,1965,19.1,70.4,2.08,100916019,1043321092970.34
Jordania,1965,82.8,57.7,7.95,1099440,7123046132.9232
Kazajistan,1965,,64.2,3.9,10993183,135579648410.987
Kenia,1965,101.2,53.3,7.95,9338078,16630856012.1007
Kiribati,1965,113.9,55.4,6.38,53439,198588086.92722
Kuwait,1965,72.6,64.6,7.33,521174,37634183775.7258
Laos,1965,,38.9,6.27,2376200,2324389810.44
Lesoto,1965,140.9,50.7,5.78,854090,831812317.8623
Letonia,1965,,71.4,1.74,2252762,24823236314.0536
Libano,1965,51.4,69.6,5.73,2088831,19460530239.4896
Liberia,1965,206.8,44.4,6.61,1291156,5819269956.43828
Libia,1965,126.6,48.6,7.81,1804015,15281868540.9179
Liechtenstein,1965,,71.2,2.96,18602,
Lituania,1965,,71.4,2.25,2965262,38455160193.2323
Luxemburgo,1965,24.4,69.3,2.39,329702,7963626532.60084
Macedonia del Norte,1965,,62.1,3.5,1533466,10291436107.2483
Madagascar,1965,111,46.7,7.19,5819116,11952408400.4864
Malasia,1965,53.4,61.5,5.81,9056408,30215830080.7309
Malaui,1965,213.3,44.5,7.12,4096157,2670699320.34997
Maldivas,1965,205.3,50.5,7.09,104102,303166574.15502
Mali,1965,209.2,40.5,7.05,5815487,5973210509.41823
Malta,1965,30.6,69.8,2.46,327398,984363987.39604
Marruecos,1965,133,49.1,6.95,13239171,32271758745.9854
Mauricio,1965,60.5,61.9,5.51,752660,3755306419.6296
Mauritania,1965,120.3,54.2,6.49,945838,2512143770.11534
Mexico,1965,87.6,60.6,6.81,43174477,322229976145.106
"Micronesia, Estados Federados de",1965,,50.9,6.76,50684,100753712.4542
Moldavia,1965,,62.1,2.71,3385972,29437576606.9889
Monaco,1965,,72.3,2.66,22941,1104850265.87466
Mongolia,1965,,52.2,7.4,1131177,2166539846.69838
Montenegro,1965,,69.6,3.16,502892,3510537741.85504
Mozambique,1965,185.6,49.7,6.55,7406421,4070363305.28883
Myanmar,1965,,41.9,5.94,24279431,25549870922.2369
Namibia,1965,,49.3,6.42,660558,5417659080.2595
Nauru,1965,,52.7,5.48,5832,198506533.90464
Nepal,1965,200.7,49.2,6.01,11173411,13235503218.7226
Nicaragua,1965,126.6,55.8,7.03,2072681,13383914502.5811
Niger,1965,,41.5,7.44,4049695,7633626114.18745
Nigeria,1965,191,44.6,6.36,50086764,123727351676.816
Noruega,1965,16,73.9,2.93,3723172,67648361860.3446
Nueva Zelanda,1965,18.7,71.4,3.48,2636494,53961554054.7833
Oman,1965,197.6,52,7.38,585236,1306930260.82912
Paises Bajos,1965,14.5,73.4,3.03,12301125,229486978915.095
Pakistan,1965,160.5,51.6,6.78,52209010,72999255936.6784
Palaos,1965,,57.5,7.01,10547,278647208.16504
Panama,1965,59,67.9,5.72,1308835,6672949665.78295
Papua Nueva Guinea,1965,116.1,51.5,6.21,2235820,4059466806.582
Paraguay,1965,60,67.6,6.35,2125177,7332561745.8923
Peru,1965,118.2,57.1,6.75,11761085,76690809925.0496
Polonia,1965,40.8,69.7,2.52,31288336,219439703260.178
Portugal,1965,66.4,65.7,3.16,8889625,68654805005.25
Reino Unido,1965,20.1,71.4,2.85,54359020,954242510556.791
Republica Centroafricana,1965,151.7,44.5,6.02,1877854,2960388232.13848
Republica Checa,1965,,70.3,2.17,9706847,115759704053.374
Republica Democratica del Congo,1965,,45.6,6.19,17427802,31189021543.4601
Republica Dominicana,1965,94.6,57.2,7.05,3808963,9934065442.26356
Republica Eslovaca,1965,,70.6,2.77,4365047,47986791891.5566
Republica Kirguisa,1965,,58.8,5.36,2615057,16095802142.2531
Republica del Congo,1965,99.7,42.4,6.21,1207880,3267001266.6484
Ruanda,1965,122.2,38.6,8.24,3423210,3409949648.3514
Rumania,1965,,67.9,1.9,18713054,82449055727.4549
Rusia,1965,,69.6,2.11,126634214,1471599601681.23
Samoa,1965,,64.3,7.64,127978,563097910.66926
San Cristobal y Nieves,1965,,61.1,6.01,51139,213806721.90152
San Marino,1965,,72.8,2.33,17305,406342375.7366
San Vicente y las Granadinas,1965,,61.3,6.74,90927,312036971.90328
Santa Lucia,1965,,60.9,6.69,97493,285844852.88194
Santa Sede,1965,,,1,851,
Santo Tome y Principe,1965,62.9,53.8,6.35,71680,168620010.496
Senegal,1965,125.7,47.8,7.19,3849788,11110576713.124
Serbia,1965,,64.4,2.11,7031133,57735015210.8604
Seychelles,1965,66,62.7,5.73,48270,193963650.8934
Sierra Leona,1965,207.6,42.8,6.32,2468666,4304521316.6914
Singapur,1965,27.3,67,4.63,1870822,10074528605.245
Siria,1965,96.2,61.2,7.54,5435267,27500935939.3237
Somalia,1965,,52.5,7.26,3277874,3944874387.06558
Sri Lanka,1965,60.4,64,4.94,10916965,23795135579.0071
Suazilandia,1965,131.3,42.4,6.8,388336,601515272.36528
Sudafrica,1965,,56.7,5.89,19089380,136601973619.629
Sudan,1965,99.8,48.2,6.84,9858030,19388863013.4927
Sudan del Sur,1965,,47.7,7.17,3189835,4905666385.51
Suecia,1965,13.7,74,2.4,7733007,154020934126.524
Suiza,1965,18.4,72.3,2.58,5856419,157929525208.01
Surinam,1965,,64.3,6.32,320000,3175868851.2
Tailandia,1965,86.8,60.7,6.24,31149337,65523841465.7226
Tanzania,1965,137.3,48.8,6.74,11470728,11669860870.4455
Tayikistan,1965,,57.4,6.71,2492998,14477768426.6347
Timor Oriental,1965,,43.4,6.05,507034,507441244.63846
Togo,1965,147.7,44,6.92,1853771,3175549931.29299
Tonga,1965,53.8,62.8,6.48,75924,121725045.18792
Trinidad y Tobago,1965,48.8,64.6,4.82,928425,10308270150.1455
Tunez,1965,155.7,52.2,7.11,4561385,12732376177.8307
Turkmenistan,1965,,59.8,6.74,1915916,15033343392.3231
Turquia,1965,144.1,56.7,6.19,32345220,143256335386.67
Tuvalu,1965,,51.3,4.73,5715,12273486.96555
Ucrania,1965,,71.7,1.95,45386892,433286470087.977
Uganda,1965,120.9,47.7,7.05,8849203,12243765146.5907
Uruguay,1965,52.1,68.4,2.84,2681169,23733203660.1111
Uzbekistan,1965,,64.2,6.8,9921681,60790001377.2005
Vanuatu,1965,92.8,57.7,6.55,74358,141629474.3976
Venezuela,1965,53.1,65.6,6.03,9697790,124708390015.593
Vietnam,1965,60.7,55.8,6.2,37129656,58895459862.2986
Yemen,1965,263.6,44.3,8.02,6195593,8598816686.01692
Yibuti,1965,,55.1,6.83,109092,651638032.6788
Zambia,1965,114,43.6,7.14,3692086,8686756185.9784
Zimbabue,1965,80.5,55.9,7.25,4458462,10853665001.5369
Afganistan,1966,220.7,53.8,7.36,10266395,24190291262.8223
Albania,1966,90.2,65.1,5.34,1950044,6639988976.01168
Alemania,1966,,70.6,2.5,76611031,1371823689025.44
Andorra,1966,,74.3,2.76,14626,526401674.66974
Angola,1966,,41.7,7.22,5581386,26005674896.2355
Antigua y Barbuda,1966,,66.4,4.3,60900,354463369.722
Arabia Saudita,1966,,50,7.62,3039887,61787541677.0621
Argelia,1966,149.3,47.4,7.7,12590069,50124842213.3028
Argentina,1966,58.89,66.4,2.97,22453893,286739067499.8
Armenia,1966,,65.3,3.82,2246159,17543413056.7063
Australia,1966,18.3,71,2.88,11592485,219189361072.116
Austria,1966,27.3,70.1,2.67,7321519,117157883953.441
Azerbaiyan,1966,,57.5,5.62,4751900,35931839831.637
Bahamas,1966,,64.3,4.7,154874,3938620551.94428
Banglades,1966,155,44.2,6.78,61669806,81722031418.894
Barbados,1966,49.2,68.2,4.11,244996,1868313690.57132
Barein,1966,81.3,60,6.96,207543,2164984831.48059
Belgica,1966,23.3,70.7,2.52,9455003,158093093594.327
Belice,1966,,66.1,6.38,107906,337908761.2224
Benin,1966,166.8,46.5,6.62,2814317,5009627424.30579
Bielorrusia,1966,,72.4,2.29,8752970,68947138737.9804
Bolivia,1966,156.5,47.6,6.2,4199550,17340669060.087
Bosnia y Herzegovina,1966,,65,3.39,3610562,11842467886.6868
Botsuana,1966,97,49.9,6.62,577866,511126799.43768
Brasil,1966,112.1,59.7,5.53,86139359,395665438915.78
Brunei,1966,,61,6.45,115874,12154718849.0772
Bulgaria,1966,39,70.8,2.04,8258785,52588790501.7655
Burkina Faso,1966,151.8,45.5,6.52,5237933,5131242014.13697
Burundi,1966,144.5,44.4,7.14,3217960,2552942371.8056
Butan,1966,,43.5,6.67,269820,332028703.5642
Cabo Verde,1966,,59.4,6.99,252976,307471634.5632
Camboya,1966,,51.9,6.29,6201232,13528603142.2883
Camerun,1966,148.1,47.1,5.87,5837295,11610690532.5858
Canada,1966,22.1,71.9,2.76,20053671,410698060277.644
Catar,1966,,61.8,6.57,72192,6199272143.03232
Chad,1966,,44.9,6.36,3440903,4342686462.43668
Chile,1966,87.4,59.7,4.31,9181722,76029797537.0723
China,1966,,56.9,6.3,742402213,696499625226.63
Chipre,1966,,66.9,3.36,623390,3800306041.0294
Cisjordania y Gaza,1966,,60.5,7.78,1146394,3295023883.07914
Colombia,1966,79,61.2,6.19,18702688,92179256258.5686
Comoras,1966,,52.4,7,218663,269502420.82875
Corea del Norte,1966,65.2,63.8,3.71,13569094,20925137452.2359
Corea del Sur,1966,57.8,59.4,4.78,29845941,65389192778.8922
Costa Rica,1966,66.3,66.6,5.76,1638116,10002800800.173
Costa de Marfil,1966,178.7,47,7.86,4617519,16582511760.944
Croacia,1966,,68,2.22,4374301,46956009366.2202
Cuba,1966,39.2,70.9,4.41,8193450,40673685896.736
Dinamarca,1966,17,72.5,2.61,4797207,101810529930.969
Dominica,1966,57,65.1,5.86,64507,138637693.53852
Ecuador,1966,104.6,59.6,6.51,5463748,26544821021.9548
Egipto,1966,173.6,50.1,6.31,31406541,75529789882.4354
El Salvador,1966,113.6,56.9,6.57,3290961,14373220005.7682
Emiratos Arabes Unidos,1966,97.5,56.9,6.53,173976,4602731321.44848
Eritrea,1966,,36.2,6.52,1124957,1166710780.26673
Eslovenia,1966,,67.9,2.46,1689636,23037082125.2941
Espana,1966,33.9,71.1,2.91,32465884,342179948411.045
Estados Unidos,1966,22.7,70.2,2.76,198265406,4882925018771.08
Estonia,1966,,70.6,1.89,1306438,17057975059.8726
Etiopia,1966,143.1,43.3,6.68,24952689,23661902118.2241
Filipinas,1966,59.1,63.3,6.69,33617170,100204038599.396
Finlandia,1966,15.8,69.6,2.4,4581441,66761390078.5283
Fiyi,1966,45.3,64,5.52,486487,1700017758.78562
Francia,1966,17.7,72.1,2.78,49184656,846394232946.989
Gabon,1966,,45.6,4.86,554463,3714165989.37657
Gambia,1966,134.9,50.6,6.15,468516,979068164.44104
Georgia,1966,,63.5,2.73,4503014,37270575769.9417
Ghana,1966,120.7,49.2,6.87,8074521,20525930499.2005
Granada,1966,,64.9,5.3,98121,246081243.20376
Grecia,1966,41.2,73,2.39,8579992,83967223069.6099
Guatemala,1966,129.9,49.3,6.76,4840958,23009743846.683
Guinea,1966,202.6,42.3,6.19,3964155,5335780934.0667
Guinea Ecuatorial,1966,,39.3,5.74,304859,448909505.25962
Guinea-Bisau,1966,,40.9,5.89,566908,859701843.31448
Guyana,1966,57.3,61.9,5.94,648646,2661720164.77846
Haiti,1966,176,44.9,6.09,4302639,9583027112.04795
Honduras,1966,116.7,54.3,7.41,2446751,6979484385.14947
Hungria,1966,43.2,69.6,1.89,10170405,90203166856.467
India,1966,151,44.1,5.87,500740247,639388306171.489
Indonesia,1966,127,49.5,5.59,103792754,172335343345.375
Irak,1966,97.4,60.7,7.04,8485104,61192506979.8134
Iran,1966,149.9,50.8,7.17,25829270,203411661789.188
Irlanda,1966,23.3,70.7,3.94,2888887,29370825271.5419
Islandia,1966,15,73.4,3.57,195596,3433568978.90152
Islas Marshall,1966,72.6,53.1,8.2,17927,46866633.36537
Islas Salomon,1966,98.2,54.7,6.94,160393,270762218.94999
Israel,1966,,71.5,3.94,2433835,27707011093.4532
Italia,1966,34.3,71.2,2.58,51919067,767699558924.904
Jamaica,1966,50.8,66.3,5.7,1791475,10909644841.851
Japon,1966,17.5,71.2,1.67,101887835,1144102423934.4
Jordania,1966,78.9,58.2,8,1178360,7511015997.13
Kazajistan,1966,,64.4,3.83,11288989,144970357218.597
Kenia,1966,99,53.6,7.97,9717816,18943227250.757
Kiribati,1966,110.1,55.9,6.32,54425,207447041.33475
Kuwait,1966,68,64.5,7.35,572590,42641367714.7267
Laos,1966,,39.3,6.27,2431084,2391920719.72124
Lesoto,1966,140.1,51.1,5.76,881870,831235052.901
Letonia,1966,,71.3,1.79,2274349,26182938138.9699
Libano,1966,50.5,70.2,5.65,2148260,20791633245.4306
Liberia,1966,204.6,44.6,6.62,1324383,6630527727.5256
Libia,1966,119.8,49.7,7.88,1849063,17308162347.3772
Liechtenstein,1966,,71.6,2.78,19066,
Lituania,1966,,71.4,2.27,3000357,40365748122.4752
Luxemburgo,1966,23.4,69.4,2.34,333077,8083647467.73121
Macedonia del Norte,1966,,63,3.42,1557349,11254601615.5424
Madagascar,1966,108.1,47,7.17,5974279,12244635679.9057
Malasia,1966,51.2,61.9,5.62,9284688,31753154798.568
Malaui,1966,212.3,44.8,7.17,4197926,2979770615.92146
Maldivas,1966,199.2,50.9,7.15,108507,322798152.46875
Mali,1966,206.1,40.5,7.08,5902204,6142635768.98972
Malta,1966,29.5,70,2.3,325675,1084127021.1205
Marruecos,1966,130.4,49.6,6.9,13597065,32743849990.9324
Mauricio,1966,65.5,62.3,5.43,768650,3732760936.1185
Mauritania,1966,117.6,54.4,6.54,974157,2609046954.25782
Mexico,1966,86,61,6.79,44629106,344217806398.57
"Micronesia, Estados Federados de",1966,,51.4,6.79,52258,105712321.4908
Moldavia,1966,,62.5,2.67,3440655,31412545142.7132
Monaco,1966,,72.3,2.63,23131,1188094014.63877
Mongolia,1966,,52.5,7.43,1163754,2320348538.84184
Montenegro,1966,,69.9,3.07,508634,3734218543.49152
Mozambique,1966,185,49.8,6.58,7562990,4216542008.2185
Myanmar,1966,,42.3,5.9,24836496,24326575168.6094
Namibia,1966,,49.1,6.45,677655,5655081372.20235
Nauru,1966,,53,5.41,6043,232848435.76745
Nepal,1966,195.9,49.5,5.98,11408710,14110779679.917
Nicaragua,1966,125,55.7,6.99,2137820,13941362508.9174
Niger,1966,,41.4,7.46,4165544,7587036198.01536
Nigeria,1966,186.8,44.8,6.38,51188234,118938643267.636
Noruega,1966,15.4,74,2.89,3752789,70137855018.5362
Nueva Zelanda,1966,18.3,71.3,3.39,2682582,57059849754.3236
Oman,1966,187.8,52.6,7.4,598804,1372105048.48916
Paises Bajos,1966,14.2,73.4,2.9,12464289,234865498919.738
Pakistan,1966,155.7,52.6,6.78,53678667,78386998752.6736
Palaos,1966,,58,6.93,10805,300309380.68375
Panama,1966,57.6,67.7,5.64,1348388,7152717558.77472
Papua Nueva Guinea,1966,112.7,52.1,6.23,2285774,4338071203.43518
Paraguay,1966,59.6,67.5,6.24,2177584,7354544764.0416
Peru,1966,114.8,57.5,6.68,12101297,82631047909.5491
Polonia,1966,37.9,70.1,2.44,31568284,232065408914.234
Portugal,1966,63.6,65.7,3.16,8872479,70982061653.9727
Reino Unido,1966,19.6,71.4,2.77,54676344,966531574325.811
Republica Centroafricana,1966,148.6,44.7,6.05,1918082,2917099895.21384
Republica Checa,1966,,70.4,2.03,9736239,120249734365.597
Republica Democratica del Congo,1966,,46.2,6.23,17931929,33501027070.355
Republica Dominicana,1966,92.8,59.9,6.94,3921847,11150950552.8643
Republica Eslovaca,1966,,70.6,2.66,4402202,50232386499.5058
Republica Kirguisa,1966,,59.4,5.31,2697633,16945944094.5385
Republica del Congo,1966,97.3,42.8,6.25,1242534,3456803220.56484
Ruanda,1966,123,38.8,8.23,3521626,3521662695.34292
Rumania,1966,,67.6,1.88,18776259,89441146482.2843
Rusia,1966,,69.5,2.1,127533631,1589366078289.29
Samoa,1966,,64.4,7.58,131073,581730644.90802
San Cristobal y Nieves,1966,,62.5,5.78,49898,209424947.78208
San Marino,1966,,72.9,2.33,17523,438052250.59002
San Vicente y las Granadinas,1966,,62,6.64,92052,310093042.81104
Santa Lucia,1966,,61.4,6.61,98463,296495043.74067
Santa Sede,1966,,,1,813,
Santo Tome y Principe,1966,61.1,54.6,6.37,72576,180379174.752
Senegal,1966,125.3,47.7,7.21,3964299,11412676368.1173
Serbia,1966,,64.8,2.08,7093227,63307151911.6202
Seychelles,1966,64,63,6.1,49456,194681662.1992
Sierra Leona,1966,204.2,43,6.36,2514638,4562356431.93806
Singapur,1966,26.4,67.3,4.41,1919090,11178568809.4527
Siria,1966,91.7,61.4,7.55,5609047,24944877067.7786
Somalia,1966,,52.5,7.26,3365106,4498967462.80338
Sri Lanka,1966,58.6,64.4,4.83,11183928,23866184392.927
Suazilandia,1966,128.9,42.9,6.8,398766,624259986.33402
Sudafrica,1966,,56.9,5.9,19690087,142915899641.789
Sudan,1966,98.6,48.5,6.87,10197578,19266449928.0183
Sudan del Sur,1966,,47.8,7.21,3236423,5520809842.13716
Suecia,1966,13,74.1,2.36,7805592,156249807897.508
Suiza,1966,17.6,72.6,2.5,5917962,162774840547.78
Surinam,1966,,64.8,6.2,331135,3367730690.84095
Tailandia,1966,83.8,60.7,6.17,32086071,72287026687.1422
Tanzania,1966,135.4,49.2,6.8,11827459,12958007484.8428
Tayikistan,1966,,58,6.79,2577184,15394335117.9837
Timor Oriental,1966,,43.9,5.97,515696,532776980.89424
Togo,1966,144.7,44.6,6.95,1918513,3488215472.67152
Tonga,1966,50.7,63.1,6.39,78002,124908160.27122
Trinidad y Tobago,1966,47.7,64.7,4.58,942937,10724832210.4313
Tunez,1966,148.4,52.9,7.05,4652287,12901088062.1133
Turkmenistan,1966,,60.3,6.69,1971737,16066270939.5494
Turquia,1966,140.2,57.2,6.12,33177672,160987037445.392
Tuvalu,1966,,51.6,4.64,5686,12319179.39542
Ucrania,1966,,71.7,2.03,45802519,459834476525.286
Uganda,1966,119,47.9,7.07,9122864,12955939948.8501
Uruguay,1966,51.7,68.4,2.82,2707646,24495662720.4076
Uzbekistan,1966,,64.7,6.66,10289294,65087340595.9418
Vanuatu,1966,89.8,58,6.52,76590,147158000.1945
Venezuela,1966,52.2,65.7,5.9,10024854,123917455477.075
Vietnam,1966,59.9,56.2,6.02,38024836,58680470670.3548
Yemen,1966,256,44.6,8.07,6351494,8759743169.46922
Yibuti,1966,,55.4,6.85,115269,694029285.53343
Zambia,1966,113.3,44.1,7.16,3812003,8838022486.25621
Zimbabue,1966,78.3,56.2,7.22,4601217,11006276017.6295
Afganistan,1967,217,54.1,7.36,10505959,25166820233.4783
Albania,1967,86.8,65.6,5.31,2008521,7078226325.36354
Alemania,1967,,70.7,2.43,76970791,1369804094101.5
Andorra,1967,,74.6,2.78,15837,618619453.19865
Angola,1967,,42,7.28,5641807,27642686830.5867
Antigua y Barbuda,1967,,66.9,4.17,61837,369035574.18354
Arabia Saudita,1967,,50.9,7.63,3157242,69154224203.4818
Argelia,1967,149.2,48.2,7.71,12876118,54822155225.8477
Argentina,1967,58.73,66.4,2.99,22799059,294261428037.735
Armenia,1967,,65.8,3.72,2307492,18491372855.6594
Australia,1967,18.3,71.1,2.85,11810519,231391763717.216
Austria,1967,26.4,70,2.63,7376289,120465866606.49
Azerbaiyan,1967,,58.5,5.35,4867301,38201631213.8792
Bahamas,1967,,65,4.62,162267,4333216840.68252
Banglades,1967,153,44.3,6.8,63510929,79516894896.5253
Barbados,1967,47.1,68.6,3.6,247091,2074957378.95303
Barein,1967,74.5,60.6,6.85,214189,2351385945.51691
Belgica,1967,22.5,70.7,2.41,9505919,163573134273.098
Belice,1967,78.2,66.5,6.36,111272,356992410.9192
Benin,1967,164,46.8,6.64,2872997,5117564490.59971
Bielorrusia,1967,,72.4,2.26,8823254,71941609216.0075
Bolivia,1967,153.6,48.3,6.17,4292572,18531908021.3964
Bosnia y Herzegovina,1967,,65.3,3.22,3656223,11525260763.191
Botsuana,1967,94.1,50.3,6.61,580933,575165764.40518
Brasil,1967,109.8,60.1,5.35,88446124,412382770214.929
Brunei,1967,,61.7,6.33,121017,12932384588.8575
Bulgaria,1967,38.4,70.6,2.04,8311124,54744551568.5027
Burkina Faso,1967,150.9,45.6,6.58,5326348,5531688515.88032
Burundi,1967,145.3,44.8,7.16,3300690,2821862796.5142
Butan,1967,,44,6.67,278852,346697335.74812
Cabo Verde,1967,,59.7,6.98,261404,329833202.0126
Camboya,1967,,52.1,6.24,6332944,14359106718.5414
Camerun,1967,143.1,47.4,5.96,5977318,11355477593.5129
Canada,1967,21.2,72.1,2.55,20408780,420358953067.763
Catar,1967,,62.5,6.5,81439,7741249512.82774
Chad,1967,,45,6.39,3508512,4379584624.05408
Chile,1967,79,60.3,4.18,9348939,77603005897.8917
China,1967,,57.1,5.76,761026026,684187001345.421
Chipre,1967,,67.3,3.29,629251,4297955807.19001
Cisjordania y Gaza,1967,,33.4,7.76,1135820,3154778349.8504
Colombia,1967,77.1,61.5,5.98,19235618,95270715121.9512
Comoras,1967,,52.6,7.02,223859,286876994.15827
Corea del Norte,1967,61.9,64.2,4.05,13958350,21802495893.2165
Corea del Sur,1967,54,60,4.62,30495728,69659625157.8342
Costa Rica,1967,64.6,67,5.46,1689523,10534391285.392
Costa de Marfil,1967,174.2,47.4,7.89,4799744,16843919017.7382
Croacia,1967,,68.3,2.1,4400269,48746783962.9229
Cuba,1967,39.3,71.1,4.3,8352625,45692235298.6562
Dinamarca,1967,16.1,72.8,2.35,4835217,105625193662.588
Dominica,1967,53.9,65.5,5.74,65585,142235379.86775
Ecuador,1967,102.4,60.1,6.43,5629057,27984887216.1172
Egipto,1967,169.9,50.5,6.25,32196360,74738103655.6308
El Salvador,1967,111.8,57.2,6.49,3385184,14988058453.9453
Emiratos Arabes Unidos,1967,90.6,57.7,6.53,179700,8192623714.662
Eritrea,1967,,36.6,6.52,1152339,1243528401.84702
Eslovenia,1967,,68.1,2.38,1703870,23791830114.703
Espana,1967,32.1,71.4,2.96,32820751,358684192132.732
Estados Unidos,1967,22,70.5,2.6,200699911,4977686856360.08
Estonia,1967,,70.5,1.91,1320053,17797903518.9012
Etiopia,1967,142.7,43.4,6.7,25620276,24785501820.0134
Filipinas,1967,58,63.4,6.57,34621320,104760327093.805
Finlandia,1967,15.1,69.7,2.32,4606650,67756187175.354
Fiyi,1967,44.5,64.3,5.31,498873,1926593552.93013
Francia,1967,17.1,72.1,2.65,49574909,881102799557.422
Gabon,1967,,46.3,4.92,563108,4017371195.25196
Gambia,1967,132.6,50.8,6.19,481588,995529823.48552
Georgia,1967,,63.9,2.74,4582952,39908623513.7436
Ghana,1967,120.6,49.4,6.9,8271913,20691710267.6695
Granada,1967,,65.3,5.04,98066,249769729.23706
Grecia,1967,39.9,72.9,2.47,8655156,88250913155.9369
Guatemala,1967,127.1,49.2,6.72,4978862,24024939604.1633
Guinea,1967,200.9,42.6,6.2,4040153,5448515469.27961
Guinea Ecuatorial,1967,,39.9,5.77,311805,470128768.72065
Guinea-Bisau,1967,,41.3,5.93,569011,925912753.91903
Guyana,1967,56.6,62.2,5.84,662311,2771490629.03557
Haiti,1967,172.9,45.3,6.05,4382999,9385297174.78424
Honduras,1967,113.1,55.1,7.36,2518648,7254742336.22776
Hungria,1967,42,69.5,2.01,10206810,94955442603.579
India,1967,148.9,44.4,5.82,511606372,684354121017.845
Indonesia,1967,123.4,50,5.58,106526393,170428963068.28
Irak,1967,93,61.1,7.05,8778869,59838915957.2741
Iran,1967,191.3,52.2,7.15,26628432,228292556671.871
Irlanda,1967,21.9,71.1,3.84,2905420,30957460423.3538
Islandia,1967,14.4,73.5,3.29,198783,3375041192.84358
Islas Marshall,1967,70.2,53.6,8.17,18655,49921517.05905
Islas Salomon,1967,92.8,54.9,6.94,164245,282814263.7307
Israel,1967,,70.8,3.82,2538657,28721595424.8782
Italia,1967,33.1,71.2,2.51,52338334,819503967928.477
Jamaica,1967,49.3,66.9,5.68,1812865,11045631608.2003
Japon,1967,16.3,71.6,2.15,102965527,1260883811066.55
Jordania,1967,75.2,57.4,8.06,1271183,7935027806.36491
Kazajistan,1967,,64.6,3.77,11584428,154353074534.051
Kenia,1967,97.1,53.9,7.97,10111057,20084862872.3015
Kiribati,1967,106.5,56.4,6.18,54996,214969127.04456
Kuwait,1967,63.7,64.5,7.33,628089,44216537020.6606
Laos,1967,,39.9,6.28,2487715,2461652503.5568
Lesoto,1967,138.9,51.4,5.75,913982,921571660.8289
Letonia,1967,,71,1.82,2296079,27517493486.4549
Libano,1967,49.8,70.7,5.55,2206731,19786687120.0131
Liberia,1967,201.7,44.8,6.64,1358435,6719624681.5932
Libia,1967,113.3,50.7,7.92,1898199,18525313976.5138
Liechtenstein,1967,,72,2.48,19554,
Lituania,1967,24.1,71.4,2.27,3035378,42217565718.9457
Luxemburgo,1967,22.4,69.5,2.24,335517,8153447589.06132
Macedonia del Norte,1967,,63.6,3.32,1582492,11826438254.846
Madagascar,1967,105.4,47.3,7.16,6136486,13221201821.6644
Malasia,1967,49.1,62.4,5.42,9507099,32279085024.7557
Malaui,1967,211.5,45,7.21,4303012,3095529473.65004
Maldivas,1967,193.1,51.2,7.23,112528,342052646.66976
Mali,1967,203,40.5,7.12,5990906,6157813419.97778
Malta,1967,28.3,70.2,2.19,323813,1145182604.02581
Marruecos,1967,127.9,50.2,6.85,13968175,34217590781.439
Mauricio,1967,68.4,62.6,4.64,784257,3695184530.36985
Mauritania,1967,114.8,54.6,6.59,1003843,2834776751.50763
Mexico,1967,84.1,61.3,6.75,46129608,365440063272.979
"Micronesia, Estados Federados de",1967,,51.9,6.82,53846,110801555.88476
Moldavia,1967,,62.9,2.62,3494202,33369440378.15
Monaco,1967,,72.4,2.59,23230,1272511540.261
Mongolia,1967,,53,7.4,1196996,2493729920.14592
Montenegro,1967,,70.2,2.91,514096,3868197151.04768
Mozambique,1967,184.1,49.9,6.61,7724550,4531862708.3685
Myanmar,1967,,42.7,5.86,25406429,24196443499.7821
Namibia,1967,62.3,49.6,6.47,696045,5527996051.15065
Nauru,1967,,53.4,5.29,6135,267615904.02375
Nepal,1967,191.3,49.8,5.96,11652716,13812750483.5485
Nicaragua,1967,123.1,55.5,6.94,2205567,14926746906.8581
Niger,1967,133.1,41.4,7.48,4283590,7671955867.1002
Nigeria,1967,182.6,44.5,6.4,52293065,100397290247.415
Noruega,1967,14.8,74,2.79,3784110,74450461750.8564
Nueva Zelanda,1967,17.9,71.4,3.32,2723419,54020311613.2918
Oman,1967,178.5,53.4,7.43,613318,2275035091.76744
Paises Bajos,1967,13.8,73.6,2.8,12607834,246452932587.197
Pakistan,1967,151.5,53.2,6.79,55214768,81037653213.6114
Palaos,1967,,58.5,6.84,10988,321272415.493
Panama,1967,56.2,67.7,5.53,1388628,7733154145.3074
Papua Nueva Guinea,1967,109.5,52.7,6.24,2337532,4562284836.46748
Paraguay,1967,59.3,67.4,6.1,2229994,7864349535.15822
Peru,1967,111.6,57.9,6.6,12448814,85352673462.5818
Polonia,1967,35.7,70.2,2.34,31828630,239190389234.18
Portugal,1967,61.7,66.1,3.16,8845842,75738330434.3099
Reino Unido,1967,19.1,71.9,2.67,54973661,981229322558.175
Republica Centroafricana,1967,145.6,44.9,6.07,1960444,2988431316.25576
Republica Checa,1967,,70.2,1.92,9758983,124993249931.609
Republica Democratica del Congo,1967,,46.4,6.26,18462782,33286410273.7959
Republica Dominicana,1967,91.1,60.3,6.75,4038928,11452137523.6486
Republica Eslovaca,1967,,70.6,2.49,4436104,52606423443.8882
Republica Kirguisa,1967,,60.1,5.24,2780169,17812827249.8921
Republica del Congo,1967,94.9,43.1,6.28,1278691,3740703852.09678
Ruanda,1967,124,39.1,8.21,3629577,3793255932.54699
Rumania,1967,,67,3.59,18998555,96244679082.1585
Rusia,1967,,69.4,2.02,128342644,1704208834537.96
Samoa,1967,,64.9,7.54,133764,598757671.27812
San Cristobal y Nieves,1967,,64,5.46,48605,204694784.46985
San Marino,1967,,73.1,2.31,17688,470624628.55848
San Vicente y las Granadinas,1967,,62.8,6.53,93124,278630359.53276
Santa Lucia,1967,,61.9,6.51,99504,308193439.69296
Santa Sede,1967,,,1,766,
Santo Tome y Principe,1967,59.5,55.4,6.39,73596,190584975.82992
Senegal,1967,124.7,47.8,7.24,4083870,11218438181.2146
Serbia,1967,,65.1,2.05,7154389,64881570574.7143
Seychelles,1967,61.8,63.3,5.9,50667,213839366.69535
Sierra Leona,1967,200.8,43.2,6.39,2562384,4386359857.98912
Singapur,1967,25.3,67.6,3.91,1965679,12577317510.8141
Siria,1967,87.4,61.6,7.56,5790198,26401004113.492
Somalia,1967,,52.5,7.25,3454537,4756252314.21525
Sri Lanka,1967,57,64.8,4.78,11457328,25836690655.5797
Suazilandia,1967,126.5,43.5,6.77,409031,679779368.23468
Sudafrica,1967,,57.2,5.85,20314066,153086048942.995
Sudan,1967,97.4,48.6,6.9,10550597,18737912919.479
Sudan del Sur,1967,,47.9,7.23,3277648,5749039397.44816
Suecia,1967,12.6,74.2,2.27,7866404,160931522973.632
Suiza,1967,16.9,72.8,2.39,5991733,168727920108.208
Surinam,1967,,65.3,6.04,342679,3571028419.44711
Tailandia,1967,80.8,60.9,6.07,33037801,77302242242.278
Tanzania,1967,133.5,49.5,6.86,12200109,13542878372.7667
Tayikistan,1967,,58.7,6.87,2664130,16311182973.5358
Timor Oriental,1967,,44.5,5.88,524648,558143726.59512
Togo,1967,141.8,45.1,6.96,1995890,3716619559.1083
Tonga,1967,47.8,63.3,6.32,79814,127642829.22482
Trinidad y Tobago,1967,46.7,64.8,4.32,956418,10889766348.1066
Tunez,1967,141.4,53.6,6.95,4760970,12720036185.6982
Turkmenistan,1967,,60.8,6.62,2027403,17095348426.1257
Turquia,1967,136.6,58,6.04,34050421,168743705059.617
Tuvalu,1967,,52,4.49,5652,12352643.87652
Ucrania,1967,,71.6,2.04,46215988,484557979786.564
Uganda,1967,117.2,48.1,7.1,9408924,13652137399.567
Uruguay,1967,51.2,68.3,2.79,2732277,23482888779.3316
Uzbekistan,1967,,65.1,6.57,10659180,69386719283.8512
Vanuatu,1967,86.6,58.4,6.51,78921,153035064.73701
Venezuela,1967,51.3,65.8,5.77,10358513,126798849121.556
Vietnam,1967,59,56.5,5.93,38895080,50747243230.712
Yemen,1967,247.8,45.1,8.12,6516444,8940715347.06504
Yibuti,1967,,55.7,6.86,121649,733932269.93592
Zambia,1967,112.9,44.6,7.17,3936343,9884718123.15064
Zimbabue,1967,76.3,56.4,7.18,4748307,11633431209.3116
Afganistan,1968,213.3,54.3,7.38,10756922,26359988173.0464
Albania,1968,83.5,66.1,5.31,2068841,7527882147.27776
Alemania,1968,23.5,70.4,2.34,77321279,1437074057052.64
Andorra,1968,,74.9,2.77,17176,728174800.6824
Angola,1968,,42.3,7.33,5702699,27337139284.8765
Antigua y Barbuda,1968,,67.4,4.01,62809,384319767.91758
Arabia Saudita,1968,,51.9,7.61,3282711,77511396161.4445
Argelia,1968,148.7,49,7.71,13172614,60826697418.4015
Argentina,1968,58.58,66.1,3.01,23150583,307600714262.751
Armenia,1968,,66.3,3.61,2367319,19740481074.5181
Australia,1968,18.2,71,2.89,12030013,244604389676.985
Austria,1968,25.7,70,2.59,7414623,125404004827.538
Azerbaiyan,1968,,59.4,5.2,4976483,41114733027.5819
Bahamas,1968,25,65.6,4.51,170089,4732839097.05627
Banglades,1968,151.5,45.2,6.8,65408276,86416428548.4807
Barbados,1968,45.1,68.9,3.57,248540,2290978826.953
Barein,1968,68.2,61.3,6.72,219337,2530057754.29793
Belgica,1968,21.9,70.6,2.31,9549700,170138048331.867
Belice,1968,75.5,67,6.34,114713,386970998.792
Benin,1968,161.5,47.1,6.67,2934257,5295672474.12963
Bielorrusia,1968,,72.4,2.26,8891328,76144689170.9395
Bolivia,1968,150.6,49.1,6.13,4388944,18352812751.0123
Bosnia y Herzegovina,1968,,65.4,3.08,3698794,11849020370.5874
Botsuana,1968,91.2,50.8,6.59,583966,637767745.28424
Brasil,1968,107.4,60.6,5.17,90741240,452451475503.9
Brunei,1968,,62.4,6.18,126222,13741100901.9228
Bulgaria,1968,37.3,70.6,2.26,8370638,55068333570.6107
Burkina Faso,1968,150.2,45.6,6.64,5418644,5684570023.18128
Burundi,1968,145.9,45.1,7.18,3380387,2789870913.3957
Butan,1968,192.1,44.5,6.66,288311,362424289.08842
Cabo Verde,1968,,60.1,6.97,270164,348030181.7848
Camboya,1968,,52.5,6.19,6467324,15153672815.136
Camerun,1968,137.3,47.7,6.05,6125863,12179992389.3045
Canada,1968,20.2,72.3,2.41,20734172,440333212271.445
Catar,1968,,63.2,6.42,91749,9188756851.47
Chad,1968,,45.1,6.43,3578231,4387016227.07985
Chile,1968,72.7,61,4.04,9514716,79458633273.7891
China,1968,,57.3,6.5,781011025,652471613506.79
Chipre,1968,,67.8,3.24,635157,4497680760.53328
Cisjordania y Gaza,1968,,57.8,7.72,1121742,2846228697.81414
Colombia,1968,74.9,62.7,5.75,19766796,100542449084.443
Comoras,1968,,52.9,7.05,230244,287945283.06432
Corea del Norte,1968,58.6,64.5,3.87,14365596,22727435782.448
Corea del Sur,1968,49.9,60.7,4.51,31175290,77262966036.3297
Costa Rica,1968,63.5,67.3,5.06,1739731,11300022868.1243
Costa de Marfil,1968,169.9,47.9,7.91,4990021,19236059248.3149
Croacia,1968,,68.5,2.03,4423828,51120242489.8201
Cuba,1968,39.5,71.1,4.2,8509522,43338395369.4133
Dinamarca,1968,15.2,73.1,2.12,4864796,110172406577.653
Dominica,1968,51.1,65.8,5.59,66732,141745683.43716
Ecuador,1968,100.3,60.3,6.35,5799680,29242948668.9152
Egipto,1968,166.9,51.2,6.19,32998319,77257695159.3513
El Salvador,1968,110.1,57.2,6.39,3480773,15259036903.5801
Emiratos Arabes Unidos,1968,83.8,58.4,6.54,199416,11080320661.746
Eritrea,1968,,36.9,6.51,1181737,1308394224.47982
Eslovenia,1968,,68.3,2.26,1716926,25294839186.7709
Espana,1968,30.1,71.5,2.92,33170120,380105120529.03
Estados Unidos,1968,21.3,70.2,2.51,203011019,5185269880108.93
Estonia,1968,,70.4,2.02,1334299,18847606112.9288
Etiopia,1968,142.4,43.5,6.71,26337930,25471122122.3907
Filipinas,1968,57,63.4,6.45,35638342,109182424988.361
Finlandia,1968,14.4,69.8,2.14,4627346,68816176437.1435
Fiyi,1968,43.9,64.5,5.1,510002,2079007103.23706
Francia,1968,16.5,72.1,2.57,49947251,913999246235.438
Gabon,1968,,47.1,4.98,572257,4151799718.12466
Gambia,1968,130.5,51,6.21,495269,1015459173.36574
Georgia,1968,,64.3,2.69,4663584,42031670759.6976
Ghana,1968,120.6,49.6,6.9,8475729,20774111877.3595
Granada,1968,,65.7,4.84,98078,253583377.91436
Grecia,1968,38.3,73,2.47,8717917,94622366514.673
Guatemala,1968,124.2,48.6,6.68,5118111,26194778661.0349
Guinea,1968,199,42.9,6.21,4118550,5621957074.005
Guinea Ecuatorial,1968,,40.4,5.78,318849,477997112.12133
Guinea-Bisau,1968,,41.7,5.97,578170,960385710.0914
Guyana,1968,56,62.5,5.72,676160,2800549840.8224
Haiti,1968,169.8,45.5,6.01,4465328,9738794053.20976
Honduras,1968,109.5,55.8,7.3,2593057,7637537059.78435
Hungria,1968,41,69.4,2.06,10244544,95686493094.0518
India,1968,146.9,46,5.75,522716889,701653501711.885
Indonesia,1968,119.8,50.5,5.57,109450006,184924176668.96
Irak,1968,88.9,61.4,7.07,9085016,70577388418.6278
Iran,1968,176.8,52.7,7.09,27437391,263067148291.907
Irlanda,1968,20.7,71.1,3.77,2922794,33593040624.8493
Islandia,1968,13.9,73.7,3.07,201504,3173814258.37632
Islas Marshall,1968,68,54,8.14,19862,54404433.41782
Islas Salomon,1968,87.3,55.3,6.93,168282,294771875.45004
Israel,1968,,71.5,3.72,2645470,32064839791.1847
Italia,1968,32,71,2.49,52712156,878657586839.63
Jamaica,1968,47.9,67.5,5.58,1833765,11353729224.531
Japon,1968,15.1,71.9,2.06,104237471,1408502596613.86
Jordania,1968,71.8,60.3,8.13,1372460,7575186810.219
Kazajistan,1968,,64.8,3.63,11879182,166612346556.843
Kenia,1968,95.2,54.2,7.96,10518823,21171868074.8681
Kiribati,1968,103.2,57,6.02,55529,222544293.51113
Kuwait,1968,60,65,7.28,687716,48877855427.7589
Laos,1968,,40.3,6.28,2546377,2533887810.19187
Lesoto,1968,137,51.8,5.73,948105,918699295.8798
Letonia,1968,,70.8,1.86,2317284,29327585350.2354
Libano,1968,49.1,71.2,5.43,2266368,22250067182.7533
Liberia,1968,198.5,45,6.66,1393530,6987257817.1533
Libia,1968,107.1,51.8,7.97,1952781,23786484737.4102
Liechtenstein,1968,,72.3,2.22,20081,
Lituania,1968,23.3,71.2,2.31,3070265,44778560821.7475
Luxemburgo,1968,21.3,69.7,2.12,337007,8546770010.37992
Macedonia del Norte,1968,,64.2,3.21,1608930,12298399758.4824
Madagascar,1968,91.5,47.7,7.14,6306493,14078360947.662
Malasia,1968,47.2,62.7,5.28,9725281,34673930929.2197
Malaui,1968,210.8,45,7.26,4411054,3087090742.48874
Maldivas,1968,186.9,51.5,7.28,116075,360455612.65425
Mali,1968,200.3,40.6,7.14,6082979,6372304095.15574
Malta,1968,27.2,70.3,2.08,323512,1252833810.25096
Marruecos,1968,125.4,50.7,6.79,14347899,36004466380.2655
Mauricio,1968,66.5,62.8,4.59,799280,3537757158.3928
Mauritania,1968,112.2,54.8,6.61,1034739,3259536704.5428
Mexico,1968,82,61.4,6.71,47668303,396849181957.481
"Micronesia, Estados Federados de",1968,,52.4,6.84,55457,116110817.79472
Moldavia,1968,,63.2,2.6,3547082,35954507621.3338
Monaco,1968,,72.4,2.57,23437,1369252590.2174
Mongolia,1968,,53.4,7.38,1229930,2667788706.4855
Montenegro,1968,,70.5,2.79,519308,4120940357.6794
Mozambique,1968,183.5,50,6.64,7892613,4760603641.99278
Myanmar,1968,126.6,42.8,5.81,25989662,25908727593.5658
Namibia,1968,62.3,50.1,6.49,715542,5637444164.38542
Nauru,1968,,53.7,5.14,6328,312475451.98128
Nepal,1968,186.8,50,5.95,11906266,13872961115.4043
Nicaragua,1968,121.1,55.5,6.89,2275836,15092207071.2341
Niger,1968,134.5,41.4,7.49,4403637,7774722495.22374
Nigeria,1968,178.2,44.2,6.42,53432783,100029813891.801
Noruega,1968,14.2,73.9,2.75,3816088,76050155088.3188
Nueva Zelanda,1968,17.5,71.4,3.32,2754526,53626804080.505
Oman,1968,169.3,54.5,7.45,628798,4125569779.40498
Paises Bajos,1968,13.4,73.5,2.71,12740845,261973635598.161
Pakistan,1968,147.7,53.8,6.79,56810507,85805142241.0816
Palaos,1968,,59,6.71,11080,340808607.7896
Panama,1968,54.7,67.6,5.41,1429447,8260335058.29266
Papua Nueva Guinea,1968,106.3,53.3,6.25,2390803,4805487324.73049
Paraguay,1968,58.9,67.3,5.98,2282391,8044827116.03451
Peru,1968,108.7,58.2,6.51,12803993,84385542620.328
Polonia,1968,34.4,70.4,2.29,32078388,252228633165.124
Portugal,1968,60.2,66.6,3.12,8809704,82884059668.4566
Reino Unido,1968,18.7,71.7,2.59,55240645,1026525965625.26
Republica Centroafricana,1968,142.6,45.2,6.09,2005100,3017246408.6
Republica Checa,1968,,69.9,1.86,9775113,130352411417.292
Republica Democratica del Congo,1968,,46.7,6.28,19012189,35119522753.6601
Republica Dominicana,1968,89.3,60.6,6.55,4157189,11433885358.3611
Republica Eslovaca,1968,,70.4,2.4,4466440,55275471937.6992
Republica Kirguisa,1968,,60.7,5.17,2862894,18716791374.2057
Republica del Congo,1968,92.7,43.7,6.32,1316519,4015164421.01119
Ruanda,1968,125.5,39.3,8.19,3744010,3952107766.6952
Rumania,1968,64.1,67.2,3.54,19361055,99197458998.4969
Rusia,1968,,69.3,1.98,129065041,1825585659467.25
Samoa,1968,,65.2,7.49,136020,614158758.1044
San Cristobal y Nieves,1968,,65,5.17,47245,199653105.6663
San Marino,1968,,73.2,2.3,17861,505727693.77029
San Vicente y las Granadinas,1968,,63.6,6.41,94123,294498958.55804
Santa Lucia,1968,,62.5,6.39,100675,321792732.56625
Santa Sede,1968,,,1,718,
Santo Tome y Principe,1968,58.2,56.2,6.42,74765,200999544.10695
Senegal,1968,124,47.9,7.25,4207587,11890927987.7369
Serbia,1968,,65.3,2.03,7214020,66516400695.195
Seychelles,1968,59.3,63.6,5.63,51885,240053530.8231
Sierra Leona,1968,197.3,43.4,6.39,2611532,4828265179.82424
Singapur,1968,24.1,67.9,3.53,2010092,14364893749.6313
Siria,1968,83.2,62.1,7.57,5978742,26980247679.2911
Somalia,1968,,52.5,7.23,3546590,4831851056.7673
Sri Lanka,1968,55.7,65,4.66,11736088,27294193841.6056
Suazilandia,1968,124.1,43.9,6.77,419147,643601413.06895
Sudafrica,1968,,57.5,5.78,20957287,160060627062.156
Sudan,1968,96.4,48.8,6.94,10917999,19994316847.143
Sudan del Sur,1968,,48,7.24,3321528,5756161157.23992
Suecia,1968,12.1,74.2,2.07,7912128,165335112120.031
Suiza,1968,16.2,72.8,2.29,6067657,175855596868.084
Surinam,1968,,65.8,5.87,354616,3786089536.60136
Tailandia,1968,77.8,61.2,5.93,34002560,82645183347.6608
Tanzania,1968,131.4,49.9,6.89,12602076,14445381530.4992
Tayikistan,1968,,59.3,6.91,2753848,17532560471.0486
Timor Oriental,1968,,45,5.81,533875,585290242.95875
Togo,1968,138.8,45.6,6.97,2080226,3944903787.20206
Tonga,1968,44.9,63.6,6.23,81353,129918908.93044
Trinidad y Tobago,1968,45.7,64.9,4.09,969006,11435749396.5653
Tunez,1968,134.8,54.4,6.8,4879899,13866781069.9567
Turkmenistan,1968,,61.2,6.55,2083069,18438845453.2462
Turquia,1968,133.1,58.6,5.95,34921684,180765171208.412
Tuvalu,1968,,52.3,4.36,5624,12397848.95856
Ucrania,1968,,71.5,2.03,46614325,508568463546.492
Uganda,1968,115.5,48.3,7.13,9708632,13920233843.183
Uruguay,1968,50.5,68.3,2.77,2754606,23666130925.2651
Uzbekistan,1968,,65.5,6.4,11032155,74939036702.5098
Vanuatu,1968,83.4,58.7,6.46,81314,159102400.59824
Venezuela,1968,50.3,65.8,5.62,10697530,133298141143.824
Vietnam,1968,58.2,52.6,6.05,39734609,49251000968.6614
Yemen,1968,239.2,45.6,8.16,6690524,9108561533.23472
Yibuti,1968,,56,6.87,128250,771687651.3075
Zambia,1968,112.2,45.2,7.19,4065593,10195067454.895
Zimbabue,1968,74.7,56.6,7.13,4900440,11198987636.0868
Afganistan,1969,209.8,54.6,7.4,11017409,27085916730.8409
Albania,1969,80.2,66.5,5.28,2126875,7975976837.425
Alemania,1969,22.7,70.2,2.2,77944020,1532123029331.25
Andorra,1969,,75.2,2.77,18555,853770986.7735
Angola,1969,,42.7,7.39,5763685,28239304513.3231
Antigua y Barbuda,1969,,67.9,3.83,63819,400420256.89995
Arabia Saudita,1969,,52.8,7.59,3417114,85944317701.4599
Argelia,1969,147.7,49.8,7.71,13475960,66182257467.004
Argentina,1969,60,65.9,3.05,23508711,334332811659.423
Armenia,1969,,66.8,3.48,2424030,20156188592.5323
Australia,1969,18.1,71.1,2.89,12272380,258562051808.176
Austria,1969,25.3,69.9,2.48,7440301,132963696374.013
Azerbaiyan,1969,,60,5.05,5081774,42364771554.1995
Bahamas,1969,25.5,66,4.36,177981,5207584401.86892
Banglades,1969,150.4,46.8,6.81,67294133,89015290181.4949
Barbados,1969,43.1,69.2,3.34,249444,2505142260.12024
Barein,1969,62.4,62,6.57,222469,2699382901.72057
Belgica,1969,21.3,70.7,2.28,9589188,180684931461.702
Belice,1969,72.8,67.5,6.32,118040,411054485.8056
Benin,1969,159.2,47.4,6.71,2998222,5463901517.34654
Bielorrusia,1969,,72.2,2.23,8954597,77171007612.2186
Bolivia,1969,147.5,49.9,6.07,4488232,18988003076.429
Bosnia y Herzegovina,1969,,65.6,2.96,3737765,12638998852.2777
Botsuana,1969,88.3,51.3,6.56,587066,666117108.0503
Brasil,1969,105,61,5.04,93045777,486864119821.567
Brunei,1969,,63.2,6,131446,14577407747.8596
Bulgaria,1969,35.8,70.6,2.27,8435276,57039730239.3892
Burkina Faso,1969,149.7,45.6,6.66,5513177,5737577693.29197
Burundi,1969,146.2,45.3,7.22,3454590,2740142580.2346
Butan,1969,186,45.1,6.66,298214,378927074.38432
Cabo Verde,1969,121.4,60.5,6.95,279248,365537785.00208
Camboya,1969,,52.8,6.14,6604725,15528701099.1203
Camerun,1969,131.5,48.1,6.14,6283462,12768669627.8188
Canada,1969,19.4,72.5,2.36,21037618,461374551918.001
Catar,1969,53.5,63.9,6.33,103025,10094682320.7457
Chad,1969,137.3,45.2,6.48,3651113,4649628657.06702
Chile,1969,69.1,61.6,3.91,9680282,81503765453.3864
China,1969,84.1,57.8,6.16,802140332,702161135885.144
Chipre,1969,,68.3,3.18,641189,4911005349.18283
Cisjordania y Gaza,1969,,58.4,7.69,1113086,2955572035.42666
Colombia,1969,72.7,64.3,5.51,20291942,106279495691.515
Comoras,1969,,53.2,7.07,237001,288845722.41318
Corea del Norte,1969,55.3,64.8,3.86,14767615,23664199259.462
Corea del Sur,1969,45.7,61.5,4.45,31852761,87441392666.7639
Costa Rica,1969,62.7,67.8,4.85,1789276,11928618216.0968
Costa de Marfil,1969,165.4,48.4,7.93,5192221,20138895574.4183
Croacia,1969,,68.7,1.95,4444447,55227286333.4492
Cuba,1969,39,71.3,4.13,8666640,43136614518.2136
Dinamarca,1969,14.6,73.3,2,4891799,116871095071.688
Dominica,1969,48.1,66.2,5.41,67934,156678387.29962
Ecuador,1969,98.2,60.3,6.25,5975236,30331546999.3334
Egipto,1969,164.3,51.2,6.12,33811615,83244199511.1615
El Salvador,1969,108.4,56.6,6.28,3576485,15634468664.4834
Emiratos Arabes Unidos,1969,77.2,59.1,6.53,239660,16228718598.975
Eritrea,1969,128.7,37.3,6.51,1212005,1354265189.79955
Eslovenia,1969,,68.3,2.18,1728683,27729826856.1893
Espana,1969,27.8,71.4,2.9,33496935,415506126956.703
Estados Unidos,1969,20.6,70.5,2.5,205300033,5314730188777.61
Estonia,1969,,70.2,2.11,1348702,19124709566.1248
Etiopia,1969,142.5,43.6,6.72,27072571,26357448495.5836
Filipinas,1969,56.1,63.7,6.33,36660799,113442245241.305
Finlandia,1969,13.9,69.9,1.93,4624084,75045699961.8519
Fiyi,1969,43.5,64.7,4.9,520797,2116798181.23185
Francia,1969,15.8,72,2.53,50355295,971734127676.785
Gabon,1969,,47.9,5.05,583276,4577784729.0986
Gambia,1969,128.3,51.2,6.24,509440,1088182541.5424
Georgia,1969,,64.7,2.69,4743028,44385126871.3476
Ghana,1969,120.5,49.8,6.95,8690383,21503159109.395
Granada,1969,,66.1,4.69,98204,257880785.37712
Grecia,1969,36.1,73.3,2.43,8747073,104483409986.154
Guatemala,1969,121.2,48.3,6.64,5257081,27463253682.6251
Guinea,1969,197.1,43.2,6.23,4198300,5726679695.624
Guinea Ecuatorial,1969,,40.9,5.8,322517,463432340.30392
Guinea-Bisau,1969,,42.2,6.01,581610,1004046458.3055
Guyana,1969,55.6,62.7,5.57,690223,3003811118.77785
Haiti,1969,166.6,45.8,5.95,4549334,10085246261.3214
Honduras,1969,105.8,55.9,7.23,2670289,7613420090.42151
Hungria,1969,39.9,69.3,2.04,10281589,98111283790.8697
India,1969,144.8,46.4,5.68,533880544,754160943106.511
Indonesia,1969,116.4,51.1,5.55,112517639,198378563244.286
Irak,1969,85.1,61.5,7.09,9403356,73083012316.2121
Iran,1969,163.1,54.2,7,28273482,300292291835.104
Irlanda,1969,19.7,71,3.82,2940753,35737003198.2773
Islandia,1969,13.4,73.7,2.99,203377,3238567568.82975
Islas Marshall,1969,65.9,54.4,8.11,21305,59729651.9245
Islas Salomon,1969,81.9,55.6,6.97,172476,284940179.68248
Israel,1969,,71.3,3.68,2754157,36749184066.1935
Italia,1969,30.9,71,2.47,53060137,925417002904.086
Jamaica,1969,46.3,68,5.47,1855127,11951616498.6665
Japon,1969,14.2,72.1,2.03,105475170,1568302249700.77
Jordania,1969,68.6,61.1,8.19,1473100,8399607273.014
Kazajistan,1969,,64.9,3.51,12156212,171990721931.825
Kenia,1969,93.3,54.5,7.95,10939695,22721936865.693
Kiribati,1969,100,57.5,5.86,56360,231663726.0252
Kuwait,1969,56.6,65.9,7.18,749452,50799303144.7559
Laos,1969,,40.8,6.29,2606959,2608539886.00719
Lesoto,1969,134.5,52,5.71,983202,930218719.023
Letonia,1969,,70.6,1.88,2337666,29937860307.7691
Libano,1969,48.6,71.7,5.31,2328159,22738078254.8433
Liberia,1969,194.9,45.3,6.64,1429605,7442748764.1954
Libia,1969,101.4,52.9,8.01,2014293,25716184120.5058
Liechtenstein,1969,,72.6,2.14,20622,
Lituania,1969,22.1,71.1,2.33,3103419,45493840502.9067
Luxemburgo,1969,20.3,69.8,2.02,338263,9411805685.17911
Macedonia del Norte,1969,,64.8,3.1,1636345,13685019075.6087
Madagascar,1969,92.4,48,7.12,6484716,14612236490.3054
Malasia,1969,45.3,63.1,5.16,9947597,36319253110.2461
Malaui,1969,209.6,45.1,7.27,4521184,3311714743.84192
Maldivas,1969,180.5,51.8,7.32,119564,378946655.7252
Mali,1969,197.9,40.6,7.17,6177704,6304473204.26976
Malta,1969,26,70.5,2.02,324753,1323561154.20243
Marruecos,1969,123,51.3,6.73,14734255,38399613690.1854
Mauricio,1969,62.8,63.1,3.97,813741,3410671501.29534
Mauritania,1969,110,55.1,6.65,1066754,3301516081.49922
Mexico,1969,79.8,61.6,6.63,49233194,417447219998.254
"Micronesia, Estados Federados de",1969,,52.9,6.88,57145,121762556.21035
Moldavia,1969,,63.5,2.57,3599990,37118170329.6849
Monaco,1969,,72.5,2.54,23831,1484811290.20499
Mongolia,1969,,54,7.34,1262284,2855653581.16992
Montenegro,1969,,70.8,2.79,524446,4606155409.8404
Mozambique,1969,182.6,50.2,6.67,8066951,5051257216.10484
Myanmar,1969,123.9,43.3,5.75,26585112,26691546027.5942
Namibia,1969,62.5,50.6,6.51,736120,5921621872.5972
Nauru,1969,,54.1,4.94,6581,367869352.99206
Nepal,1969,182.6,50.3,5.9,12167036,14489125284.251
Nicaragua,1969,118.9,55.8,6.83,2348398,16187974134.6185
Niger,1969,136.1,41.3,7.5,4525725,7465585226.62275
Nigeria,1969,173.7,44.4,6.44,54631914,123154270210.942
Noruega,1969,13.7,73.9,2.7,3847304,79407966482.4455
Nueva Zelanda,1969,17.2,71.5,3.27,2784399,58757206756.8098
Oman,1969,160.4,55.5,7.48,645255,5173618933.2087
Paises Bajos,1969,13.1,73.4,2.74,12890636,278599043155.616
Pakistan,1969,144.3,54.4,6.8,58460939,91355893324.1802
Palaos,1969,,59.5,6.58,11159,361069810.84454
Panama,1969,53.2,67.7,5.29,1470886,8894063240.65276
Papua Nueva Guinea,1969,103.1,53.9,6.26,2446927,5258027943.1757
Paraguay,1969,58.4,67.4,5.84,2334992,8339754632.91696
Peru,1969,106,58.4,6.42,13166767,86432531361.085
Polonia,1969,33.4,70.3,2.26,32322775,248294950964.701
Portugal,1969,58.1,66.7,3.11,8754238,84245638932.5136
Reino Unido,1969,18.4,71.7,2.5,55456207,1026617441129.46
Republica Centroafricana,1969,139.8,45.4,6.06,2051515,3190125437.4834
Republica Checa,1969,,69.6,1.89,9787789,132998702577.341
Republica Democratica del Congo,1969,150.7,47.1,6.3,19570445,38376769803.153
Republica Dominicana,1969,87.5,61,6.37,4277035,12599958759.5851
Republica Eslovaca,1969,,70.1,2.44,4495038,56808542190.8799
Republica Kirguisa,1969,,61.2,5.18,2944840,19633061812.7312
Republica del Congo,1969,90.6,44.2,6.35,1356182,4338244150.5665
Ruanda,1969,127.3,39.7,8.18,3861271,4354606327.92771
Rumania,1969,60.9,67.6,3.11,19701808,104515734315.691
Rusia,1969,,69,1.99,129762187,1888715630105.63
Samoa,1969,,65.5,7.43,138233,629673983.82967
San Cristobal y Nieves,1969,,65.6,4.97,45731,193971116.02554
San Marino,1969,,73.4,2.31,18026,543036937.93934
San Vicente y las Granadinas,1969,57.5,64,6.27,95058,300186568.87596
Santa Lucia,1969,,63,6.25,101879,336448951.61567
Santa Sede,1969,,,1,678,
Santo Tome y Principe,1969,57.4,57,6.44,76083,212336046.53835
Senegal,1969,123.1,48,7.26,4334974,11059444711.1459
Serbia,1969,,65.6,2,7271051,74715620395.1182
Seychelles,1969,56.8,64,5.49,53081,231844405.57831
Sierra Leona,1969,194.1,43.7,6.4,2661365,5265294709.3439
Singapur,1969,22.9,68.4,3.23,2052157,16427334717.631
Siria,1969,79.2,62.4,7.59,6175166,31627815038.7629
Somalia,1969,,52.6,7.21,3641015,4224389746.85665
Sri Lanka,1969,54.6,65.1,4.5,12013858,28751900873.0697
Suazilandia,1969,121.7,44.4,6.76,429875,667044990.1875
Sudafrica,1969,,57.7,5.72,21614676,169192185380.749
Sudan,1969,95.5,49,6.96,11298936,21341708157.6362
Sudan del Sur,1969,,48.1,7.27,3365533,4959322750.13788
Suecia,1969,11.7,74.3,1.93,7968011,172941486625.053
Suiza,1969,15.6,72.9,2.19,6136351,185534259858.798
Surinam,1969,,66.3,5.7,366906,4012420867.80834
Tailandia,1969,74.8,61.7,5.71,34973782,88377697550.8022
Tanzania,1969,129.5,50.3,6.95,13036700,14659102583.529
Tayikistan,1969,,59.9,6.91,2845273,18051863456.4737
Timor Oriental,1969,,45.6,5.73,543356,611865117.32984
Togo,1969,135.8,46.1,7.02,2164814,4409407847.04572
Tonga,1969,42.1,63.8,6.17,82885,132161951.82575
Trinidad y Tobago,1969,44.8,65,3.85,980706,11758400433.7847
Tunez,1969,128.4,54.9,6.62,5004697,14331845650.216
Turkmenistan,1969,,61.5,6.48,2139024,19047990174.6619
Turquia,1969,129.6,59.2,5.87,35787774,190934053254.948
Tuvalu,1969,,52.7,4.23,5631,12534275.17875
Ucrania,1969,,71.1,2.01,46976256,540995538966.106
Uganda,1969,114.2,48.5,7.12,10014858,15274255719.7024
Uruguay,1969,49.6,68.2,2.77,2773974,25028815793.7447
Uzbekistan,1969,,65.8,6.34,11403150,77430984255.2895
Vanuatu,1969,80.4,59,6.41,83755,165334518.31575
Venezuela,1969,49.2,65.8,5.47,11040280,137189216641.21
Vietnam,1969,57.3,54.8,6.02,40582096,52845712814.2878
Yemen,1969,230,46.1,8.2,6875859,9310163986.09491
Yibuti,1969,,56.3,6.88,136078,820031806.61632
Zambia,1969,111.1,45.8,7.19,4197116,9825206592.2626
Zimbabue,1969,73.4,57,7.05,5058181,13543423229.2586
Afganistan,1970,206.1,54.8,7.4,11290128,27975955055.7653
Albania,1970,76.8,67,5.16,2181220,8455544743.0004
Alemania,1970,22.1,70.4,2.02,78205102,1592721627204.96
Andorra,1970,,75.4,2.79,19977,997625260.27227
Angola,1970,180,43,7.43,5852788,30305283960.5434
Antigua y Barbuda,1970,,68.3,3.63,64528,415043305.532
Arabia Saudita,1970,118,53.8,7.58,3562470,96931351251.6156
Argelia,1970,146,50.6,7.7,13783719,72523953860.1391
Argentina,1970,59.5,66.3,3.09,23878327,348628353447.149
Armenia,1970,,67.1,3.33,2475633,21798108688.9424
Australia,1970,17.8,71,2.86,12599411,271937574767.234
Austria,1970,25,70,2.29,7466319,142002762589.815
Azerbaiyan,1970,,60.6,4.9,5183825,46305253693.2237
Bahamas,1970,26,66.4,4.21,184982,4948164172.00182
Banglades,1970,149.5,42.2,6.84,69058894,94694675588.0607
Barbados,1970,41.1,69.3,3.08,249387,2745000467.01087
Barein,1970,57.2,62.7,6.43,224809,2877844369.56861
Belgica,1970,20.6,70.9,2.25,9630504,191747582655.314
Belice,1970,70.3,67.9,6.3,120736,433532479.29376
Benin,1970,157.1,47.6,6.74,3065057,5527215755.5715
Bielorrusia,1970,,72.1,2.29,9014897,83042571408.7891
Bolivia,1970,144.4,50.6,6,4590010,19352919797.0321
Bosnia y Herzegovina,1970,60,65.9,2.79,3773247,12906624889.7568
Botsuana,1970,85.3,51.8,6.55,590334,728469895.02078
Brasil,1970,102.5,61.5,4.93,95375651,535559169594.885
Brunei,1970,58,63.9,5.8,135138,15266540832.9936
Bulgaria,1970,34.1,70.7,2.18,8490825,59543325563.211
Burkina Faso,1970,149.3,45.8,6.69,5610304,5732414622.88768
Burundi,1970,146.4,45.6,7.21,3530432,3422171232.11136
Butan,1970,181.2,45.6,6.65,308528,396176963.6264
Cabo Verde,1970,112.4,60.9,6.94,287885,388252728.35895
Camboya,1970,,45,6.07,6639182,14188715091.9087
Camerun,1970,126.2,48.4,6.2,6449793,13341020281.5847
Canada,1970,18.5,72.7,2.27,21440022,473416660104.722
Catar,1970,50.4,64.5,6.23,116350,10622533339.288
Chad,1970,135.9,45.2,6.53,3727828,4861976426.1952
Chile,1970,67.6,62.3,3.78,9845344,82307996084.3037
China,1970,80.4,58.4,6.09,823308967,779883938956.979
Chipre,1970,29,68.9,3.07,647446,5046397732.81808
Cisjordania y Gaza,1970,,59,7.65,1116280,3157370553.0004
Colombia,1970,70.4,65.5,5.28,20811782,112696931482.823
Comoras,1970,151.5,53.6,7.1,244185,305526953.1513
Corea del Norte,1970,52,65.2,3.85,15172775,24626411434.9562
Corea del Sur,1970,41.4,62.3,4.46,32542197,94581330604.5325
Costa Rica,1970,61.2,68.4,4.59,1838949,12688569703.5575
Costa de Marfil,1970,161,48.9,7.94,5411567,22041831414.391
Croacia,1970,34,68.8,1.88,4462673,59371083358.7884
Cuba,1970,37.4,71.6,3.98,8824382,41915936541.2031
Dinamarca,1970,13.9,73.4,1.96,4928668,118521500834.546
Dominica,1970,44.7,66.7,5.22,68908,172124824.6256
Ecuador,1970,96,60.7,6.14,6155387,32231415523.347
Egipto,1970,162,51.4,6.06,34623990,93243614832.2106
El Salvador,1970,106.7,57.4,6.18,3668796,15957985858.992
Emiratos Arabes Unidos,1970,70.9,59.5,6.52,286536,22184831175.8974
Eritrea,1970,127.3,37.7,6.54,1243453,1331874321.1035
Eslovenia,1970,25,68.4,2.11,1739861,30366535405.1707
Espana,1970,25.5,72,2.88,33812723,429950437094.753
Estados Unidos,1970,19.9,70.8,2.52,207796339,5286574156110.58
Estonia,1970,21,70.2,2.17,1361866,20592035748.0156
Etiopia,1970,142.5,43.6,6.78,27829128,26933782578.0211
Filipinas,1970,55.4,63.8,6.22,37622204,116557987532.536
Finlandia,1970,13.2,70.2,1.82,4606305,80394095386.9729
Fiyi,1970,43.1,64.9,4.71,531188,2349756310.10848
Francia,1970,15.1,72.7,2.48,50813075,1023250788161.31
Gabon,1970,,48.8,5.1,595846,5016879226.56182
Gambia,1970,126,51.5,6.26,524105,1035607486.4731
Georgia,1970,,65,2.7,4804055,49934433866.8355
Ghana,1970,120.1,50.1,6.95,8925813,23814729683.4201
Granada,1970,,66.4,4.46,98414,262480121.11616
Grecia,1970,33.7,73.6,2.44,8747776,112879010461.466
Guatemala,1970,118.2,49.5,6.6,5396966,29028479146.4458
Guinea,1970,195.2,43.4,6.24,4277535,5656469157.6789
Guinea Ecuatorial,1970,,41.2,5.81,320803,437945168.23491
Guinea-Bisau,1970,,42.6,6.04,584403,920881384.2129
Guyana,1970,55.4,62.9,5.41,702705,3141672985.95555
Haiti,1970,163.4,46,5.91,4635124,10394852979.2645
Honduras,1970,102.2,57.2,7.17,2750715,7769732470.3449
Hungria,1970,39,69.3,1.98,10315143,97363798322.0541
India,1970,142.8,46.9,5.62,545864268,774185131585.288
Indonesia,1970,113.1,51.8,5.49,115657495,216094112059.215
Irak,1970,81.5,61.8,7.07,9735611,72945162523.5036
Iran,1970,150.8,55,6.8,29145100,259635947699.904
Irlanda,1970,19,71.2,3.85,2961403,36422830504.066
Islandia,1970,12.8,73.7,2.82,204478,3460663571.98366
Islas Marshall,1970,64,54.8,8.08,22530,64645952.1798
Islas Salomon,1970,76.5,55.8,6.98,176579,297210820.88477
Israel,1970,24,71.5,3.79,2864778,40527999841.5755
Italia,1970,29.7,71.6,2.4,53390236,980573349328.678
Jamaica,1970,44.8,68.5,5.35,1878196,13400558737.1174
Japon,1970,13.4,72.3,2.04,106712368,1719760779412.35
Jordania,1970,65.7,60.7,8.18,1565163,7626784146.12774
Kazajistan,1970,,65.1,3.51,12419057,188276136055.394
Kenia,1970,91.3,54.9,7.94,11368791,23328597695.1678
Kiribati,1970,97.3,58,5.71,57510,242449716.5613
Kuwait,1970,53.5,66.9,7.03,809114,81468732287.252
Laos,1970,141.1,41.2,6.31,2669702,2685872918.9544
Lesoto,1970,131.6,52.3,5.7,1019273,950703253.80913
Letonia,1970,21,70.5,1.96,2357559,32454949805.3358
Libano,1970,48.1,72.1,5.19,2386114,24249842170.1606
Liberia,1970,191.3,45.6,6.58,1466676,7874647567.07472
Libia,1970,96,53.8,8.05,2082589,26080052017.8993
Liechtenstein,1970,,72.8,2.09,21143,
Lituania,1970,20.5,71,2.4,3135872,49066362887.6442
Luxemburgo,1970,19.3,69.9,1.97,339332,9535247082.7964
Macedonia del Norte,1970,85,65.4,3.01,1664208,14873758215.5635
Madagascar,1970,93.2,48.4,7.1,6672003,15341787978.9229
Malasia,1970,43.5,63.5,5.04,10178802,38283992388.5303
Malaui,1970,207.7,45,7.3,4633944,3549189470.75448
Maldivas,1970,174,52.2,7.39,123219,398979859.16088
Mali,1970,195.7,40.8,7.18,6276472,6691142311.74224
Malta,1970,24.7,70.7,2.07,326011,1482203123.74134
Marruecos,1970,120.8,51.9,6.68,15129449,40081792163.7299
Mauricio,1970,60.3,63.4,3.82,827696,3469878030.57152
Mauritania,1970,108.5,55.3,6.68,1099806,3767956978.18596
Mexico,1970,77.5,62,6.53,50814953,445265050015.402
"Micronesia, Estados Federados de",1970,,53.4,6.93,58922,127722600.90632
Moldavia,1970,50,63.6,2.57,3643517,40591728697.706
Monaco,1970,,72.6,2.5,24229,1610000483.42125
Mongolia,1970,,54.7,7.31,1295272,3058576897.98584
Montenegro,1970,,71,2.69,529671,5033998358.88567
Mozambique,1970,181.9,50.4,6.7,8250506,5075826880.78906
Myanmar,1970,121.4,43.7,5.68,27193016,28045841192.3507
Namibia,1970,62.6,51.1,6.52,757868,6173416091.70524
Nauru,1970,,54.4,4.74,6710,424589749.1022
Nepal,1970,178.6,50.4,5.87,12436190,14870218144.3803
Nicaragua,1970,116.6,56.3,6.77,2423065,16405834128.6363
Niger,1970,137.6,41.1,7.51,4650275,7762009771.4425
Nigeria,1970,168.9,45.7,6.47,55893838,155338831003.516
Noruega,1970,13.1,74,2.51,3875345,80966678424.4632
Nueva Zelanda,1970,16.9,71.6,3.17,2822177,57835674166.6108
Oman,1970,151.8,56.4,7.52,662680,5337275766.2404
Paises Bajos,1970,12.6,73.5,2.57,13052078,294204874826.636
Pakistan,1970,141.1,55,6.8,60166719,100750894741.999
Palaos,1970,,60,6.39,11368,386944026.40264
Panama,1970,51.4,68,5.18,1513070,9969062691.2188
Papua Nueva Guinea,1970,100.1,54.5,6.25,2505628,5884024788.92636
Paraguay,1970,58,67.5,5.72,2388028,8834459413.53172
Peru,1970,103.4,50,6.32,13501237,91637238326.8934
Polonia,1970,32.2,70.3,2.25,32542633,259554854814.005
Portugal,1970,55.4,67.4,3.01,8669523,90611956377.3296
Reino Unido,1970,18,71.9,2.42,55663801,1043132417268.03
Republica Centroafricana,1970,137,45.6,6.03,2097505,3266362230.4038
Republica Checa,1970,21,69.6,1.92,9801252,135236375940.047
Republica Democratica del Congo,1970,149,47.4,6.33,20137436,38500846451.8876
Republica Dominicana,1970,85.7,61.4,6.18,4399290,14269899017.5812
Republica Eslovaca,1970,25,69.9,2.42,4525871,58208043262.3523
Republica Kirguisa,1970,92.8,61.4,5.2,3025142,20565285563.1294
Republica del Congo,1970,88.5,44.7,6.38,1397638,4720152767.58366
Ruanda,1970,129.4,40,8.15,3980669,4659459962.50427
Rumania,1970,57.2,68.1,2.81,20011625,109582232871.835
Rusia,1970,35.4,69,2.01,130367189,2063304134089.75
Samoa,1970,73,65.8,7.34,140400,645117453.864
San Cristobal y Nieves,1970,57.5,65.8,4.73,44606,189860605.04778
San Marino,1970,,73.5,2.32,18168,582186891.61728
San Vicente y las Granadinas,1970,58.6,64.2,6.12,95964,329388116.63868
Santa Lucia,1970,57.5,63.7,6.1,103165,350782896.77125
Santa Sede,1970,,,1,655,
Santo Tome y Principe,1970,57.1,57.8,6.47,77626,224174086.94124
Senegal,1970,121.7,48.1,7.26,4466328,11916760698.6864
Serbia,1970,,65.9,1.97,7324425,77367339198.6255
Seychelles,1970,54.1,64.3,5.31,54252,255420411.93108
Sierra Leona,1970,191,43.9,6.41,2712286,5596748159.38574
Singapur,1970,22,68.6,3.07,2091558,18767528349.1214
Siria,1970,75.3,62.7,7.62,6380609,28924907744.7949
Somalia,1970,,53.2,7.18,3738448,4584572692.91056
Sri Lanka,1970,53.6,65.3,4.39,12287110,30376902185.3759
Suazilandia,1970,119.3,44.9,6.75,441216,859713082.2144
Sudafrica,1970,,58,5.63,22279984,178420765418.094
Sudan,1970,94.7,49.1,6.99,11695771,20500255596.9977
Sudan del Sur,1970,,48.2,7.29,3409614,5302421899.25058
Suecia,1970,11.3,74.6,1.92,8042780,182793064610.355
Suiza,1970,15,73.2,2.1,6180922,196947555246.413
Surinam,1970,,66.7,5.53,379442,4250976490.9346
Tailandia,1970,71.8,62.6,5.45,35954408,103961556630.711
Tanzania,1970,127.6,50.7,7,13492677,15392510686.4496
Tayikistan,1970,108,60.5,6.91,2936779,19718724688.1032
Timor Oriental,1970,,46.1,5.66,553069,639020430.11235
Togo,1970,132.8,46.6,7.04,2244773,4362068865.62361
Tonga,1970,39.6,64,6.07,84401,134513662.46089
Trinidad y Tobago,1970,43.9,65.1,3.71,991471,12265546376.5949
Tunez,1970,122.2,55.9,6.43,5131396,16517769346.7195
Turkmenistan,1970,,61.8,6.4,2195616,20895696442.1222
Turquia,1970,126.2,59.8,5.78,36638465,200720478449.337
Tuvalu,1970,,53.1,4.08,5663,12712233.36803
Ucrania,1970,27.96,70.9,2.08,47261306,550424160686.59
Uganda,1970,113.5,48.8,7.15,10321603,15352545316.1761
Uruguay,1970,48.6,68.2,2.77,2790807,25922193750.5315
Uzbekistan,1970,,66,6.31,11762638,84762957772.1631
Vanuatu,1970,77.5,59.4,6.35,86266,171879026.7662
Venezuela,1970,48.1,65.9,5.32,11387790,147565757455.034
Vietnam,1970,56.4,55,6.02,41475230,53384537036.8072
Yemen,1970,221.1,46.7,8.23,7065279,11124689169.4871
Yibuti,1970,,56.7,6.88,145175,1043626817.54375
Zambia,1970,109.3,46.5,7.22,4321718,10237413694.1215
Zimbabue,1970,72.4,57.3,6.98,5215918,16616665014.0472
Afganistan,1971,202.2,55,7.43,11567667,28228002982.7268
Albania,1971,74.1,67.6,5.08,2234992,8888670485.96592
Alemania,1971,21.4,70.7,1.95,78345872,1628524643585.54
Andorra,1971,,75.6,2.83,21442,1069068234.78366
Angola,1971,,43.4,7.47,5991102,31410912412.6177
Antigua y Barbuda,1971,,68.7,3.46,64729,440179996.25922
Arabia Saudita,1971,,54.7,7.56,3724031,116458281044.433
Argelia,1971,143.6,51.4,7.67,14098936,65869282248.4476
Argentina,1971,58.8,66.7,3.11,24257208,362925512584.335
Armenia,1971,,67.4,3.29,2525345,22334638521.0781
Australia,1971,17.4,71.3,2.95,12997964,284856495042.306
Austria,1971,24.7,70.3,2.19,7499635,148826801718.145
Azerbaiyan,1971,,61,4.76,5283505,48183411567.8465
Bahamas,1971,26.4,66.8,4.06,190857,5012149103.60001
Banglades,1971,148.9,41.5,6.83,70276758,89550062602.3415
Barbados,1971,39.2,69.5,3.2,249168,2811299738.71392
Barein,1971,52.5,63.4,6.28,230733,3057910436.52135
Belgica,1971,19.7,71.1,2.21,9666531,198169931528.479
Belice,1971,67.9,68.3,6.29,122805,457614626.65875
Benin,1971,154.9,47.8,6.77,3134767,5608593080.01396
Bielorrusia,1971,,72.1,2.31,9079747,85182004313.3293
Bolivia,1971,141.3,51.3,5.95,4694342,20116235836.3833
Bosnia y Herzegovina,1971,,66.2,2.75,3809376,13532327763.4051
Botsuana,1971,82.2,52.4,6.54,600481,908147660.53662
Brasil,1971,100,62,4.84,97739273,593547628380.703
Brunei,1971,,64.6,5.62,137921,16309928138.8141
Bulgaria,1971,32.6,70.8,2.11,8538898,61666436356.2488
Burkina Faso,1971,148.5,45.8,6.7,5707999,5774292499.50586
Burundi,1971,146.3,46,7.21,3617289,3528874426.45842
Butan,1971,176.2,46.2,6.64,319211,405279038.36562
Cabo Verde,1971,104.2,61.2,6.91,294046,407812062.18756
Camboya,1971,,45.4,6.01,6620880,13523336690.9592
Camerun,1971,121.6,48.7,6.26,6624408,13776006659.3285
Canada,1971,17.7,72.9,2.1,21895691,497347098724.152
Catar,1971,47.5,65.1,6.15,131346,13136123718.6768
Chad,1971,134.5,44.7,6.58,3807316,4965083674.269
Chile,1971,66.7,62.5,3.65,10009701,88839841104.2411
China,1971,76.8,58.9,5.52,844069867,818123539119.86
Chipre,1971,,69.2,3.04,654050,5679150513.787
Cisjordania y Gaza,1971,,63.2,7.61,1134113,3531913803.22843
Colombia,1971,68.1,65.5,5.06,21319096,118499078050.974
Comoras,1971,148.1,54,7.12,251865,320365298.3022
Corea del Norte,1971,50,65.5,3.74,15572457,26447684632.1664
Corea del Sur,1971,37.3,63,4.26,33239853,103561849006.648
Costa Rica,1971,57.8,69,4.36,1888539,13457634279.3107
Costa de Marfil,1971,156.4,49.4,7.94,5650868,23507529337.9748
Croacia,1971,,69,1.97,4480162,64397149593.1248
Cuba,1971,34.5,72.1,3.8,8979085,45572168130.9206
Dinamarca,1971,13.3,73.4,2.04,4963062,121433633673.658
Dominica,1971,41,67.3,4.99,69532,185757143.11188
Ecuador,1971,93.7,60.8,6.01,6340052,34014364714.883
Egipto,1971,159.6,52.6,5.99,35433368,97139537339.6482
El Salvador,1971,104.9,58.1,6.13,3757523,16631199454.1647
Emiratos Arabes Unidos,1971,65.1,60.5,6.52,335027,26051203941.3611
Eritrea,1971,126.2,38.1,6.54,1276154,1387346625.22016
Eslovenia,1971,,68.6,2.16,1752711,32653717653.3558
Espana,1971,24,72,2.9,34157451,450803652220.961
Estados Unidos,1971,19.1,71.2,2.32,210426432,5422566686560.84
Estonia,1971,,70.3,2.2,1374514,21110238735.6762
Etiopia,1971,142.5,43.7,6.84,28600106,27919639408.0003
Filipinas,1971,54.9,64.1,6.08,38518659,121496064590.032
Finlandia,1971,12.6,70.4,1.69,4612127,81656165409.5483
Fiyi,1971,42.9,65.1,4.51,541121,2484576416.57575
Francia,1971,14.4,72.8,2.5,51293059,1068690503157.57
Gabon,1971,,49.6,5.16,608348,5554875217.02984
Gambia,1971,123.8,51.8,6.33,539388,1034131448.5668
Georgia,1971,,65.1,2.71,4843145,51107766551.109
Ghana,1971,119.5,50.3,6.95,9176264,25320583163.5402
Granada,1971,,66.7,4.31,98648,281271643.9764
Grecia,1971,31.9,73.8,2.41,8787038,121098508135.698
Guatemala,1971,115.2,51.1,6.55,5538355,30523805684.7721
Guinea,1971,193.2,43.7,6.26,4355200,6005230931.712
Guinea Ecuatorial,1971,,41.6,5.81,315940,440238912.4986
Guinea-Bisau,1971,,42.9,6.06,586221,872624416.57038
Guyana,1971,55.2,62.9,5.26,712662,3240251449.88472
Haiti,1971,160.1,46.3,5.88,4723244,11153466397.8375
Honduras,1971,98.7,57.9,7.11,2834616,8032356796.41024
Hungria,1971,38.5,69.4,1.93,10343969,102010126589.881
India,1971,140.6,47.4,5.57,558096387,776077969625.545
Indonesia,1971,109.9,52.5,5.4,118833702,228101712848.642
Irak,1971,78.1,62.7,7.06,10077809,77825974330.7922
Iran,1971,126,56,6.55,30029071,294012707495.805
Irlanda,1971,18.5,71.4,3.93,2993120,37598649972.6864
Islandia,1971,12.3,73.7,2.92,206161,3880918430.37335
Islas Marshall,1971,62.3,55.1,8.04,23366,68644414.69228
Islas Salomon,1971,71.4,56.1,6.99,180637,301044649.45702
Israel,1971,,71.9,3.85,2977300,45015219020.965
Italia,1971,28.2,71.9,2.4,53707795,994116401408.772
Jamaica,1971,43.3,68.9,5.21,1903728,13517295056.0266
Japon,1971,12.6,73.1,2.09,107952030,1782270226964.5
Jordania,1971,62.9,62.3,8.15,1645145,7807875723.69715
Kazajistan,1971,68.2,65.1,3.53,12684813,196322339095.644
Kenia,1971,89.3,55.3,7.92,11788904,24917917085.0958
Kiribati,1971,94.8,58.5,5.55,58652,235524961.84888
Kuwait,1971,50.6,67.4,6.84,865076,88658416572.3772
Laos,1971,139.6,41.7,6.3,2734628,2811509003.43664
Lesoto,1971,128.7,52.4,5.7,1056246,861253218.1245
Letonia,1971,,70.5,2.02,2377073,33511938024.1197
Libano,1971,47.6,72.5,5.05,2446314,26529563159.0683
Liberia,1971,187.8,45.9,6.54,1504077,8221659216.68376
Libia,1971,90.9,54.7,8.1,2153534,24873645920.1169
Liechtenstein,1971,,73,2.03,21594,
Lituania,1971,18.9,71.1,2.41,3170709,50453107404.8115
Luxemburgo,1971,18.1,70.1,1.95,341956,9785446927.46112
Macedonia del Norte,1971,,66,2.93,1691216,15909845075.4669
Madagascar,1971,94.2,48.7,7.07,6868868,15972478449.1108
Malasia,1971,41.7,63.9,4.92,10423453,43412958670.0654
Malaui,1971,204.8,44.9,7.31,4751434,4024136654.02532
Maldivas,1971,167.1,52.5,7.38,127035,416985140.15325
Mali,1971,193.5,40.8,7.2,6377944,6836620794.71896
Malta,1971,23.6,70.9,2.12,327293,1518743582.80935
Marruecos,1971,118.8,52.4,6.62,15527225,41805638005.9412
Mauricio,1971,59.4,63.8,3.51,841106,3485760891.76644
Mauritania,1971,107.5,55.4,6.7,1133702,3888541367.62934
Mexico,1971,75.1,62.6,6.42,52412558,462165227573.363
"Micronesia, Estados Federados de",1971,,53.9,6.94,60636,132754571.40768
Moldavia,1971,49.7,63.3,2.56,3677927,42093604371.2618
Monaco,1971,,72.8,2.47,24576,1742209467.92448
Mongolia,1971,,55.4,7.3,1330071,3231426913.5366
Montenegro,1971,,71.3,2.67,535109,5296146099.50236
Mozambique,1971,181.2,50.5,6.7,8456317,5283592693.21755
Myanmar,1971,118.9,44.4,5.62,27807219,28599520080.3682
Namibia,1971,62.8,51.6,6.52,780584,6470319468.11096
Nauru,1971,,54.7,4.54,6762,430430299.5132
Nepal,1971,174.6,50.6,5.85,12710061,14637679146.4094
Nicaragua,1971,114,57.1,6.71,2499825,17279010334.6035
Niger,1971,139.1,40.6,7.52,4776225,8201329787.9385
Nigeria,1971,164.1,46.2,6.53,57214684,175825616931.776
Noruega,1971,12.7,74.2,2.49,3902751,85256401161.8339
Nueva Zelanda,1971,16.5,71.7,3.18,2867165,60078343714.3964
Oman,1971,143.9,57.1,7.56,681119,5360369722.32924
Paises Bajos,1971,12.2,73.6,2.37,13208354,305540200421.378
Pakistan,1971,138.3,50.8,6.8,61847899,101134857699.444
Palaos,1971,,60.4,6.16,11759,384260221.71394
Panama,1971,49.5,68.6,5.05,1556081,10913233887.511
Papua Nueva Guinea,1971,97.1,55.1,6.23,2566421,6313028687.46121
Paraguay,1971,57.4,67.6,5.59,2442537,9300545787.52926
Peru,1971,100.9,60.4,6.21,13838067,94890760433.0789
Polonia,1971,30.6,70.5,2.25,32771296,276649411165.173
Portugal,1971,51.8,67.8,3,8685582,96530167699.466
Reino Unido,1971,17.7,72.2,2.34,55890372,1064382607486.85
Republica Centroafricana,1971,134.5,45.8,5.99,2141450,3140253009.8075
Republica Checa,1971,,69.9,1.99,9822779,142970852163.554
Republica Democratica del Congo,1971,147.5,47.7,6.34,20695569,41109231651.221
Republica Dominicana,1971,83.7,61.8,6.01,4524234,15794924440.315
Republica Eslovaca,1971,,70,2.43,4560418,60384089727.2774
Republica Kirguisa,1971,91.8,61.1,5.18,3101442,21414318687.7427
Republica del Congo,1971,86.5,45.3,6.42,1441039,5173256185.57203
Ruanda,1971,131.5,40.1,8.09,4100044,4651528126.30272
Rumania,1971,53.4,68.7,2.6,20293482,124456924714.686
Rusia,1971,34.1,69.1,2.05,130987113,2165818325317.2
Samoa,1971,,66.2,7.22,142503,660572874.52959
San Cristobal y Nieves,1971,55.6,65.7,4.51,44206,200069092.07008
San Marino,1971,,73.7,2.33,18419,601977422.1459
San Vicente y las Granadinas,1971,59.6,64.5,5.95,96872,337914579.34944
Santa Lucia,1971,52.6,64.4,5.95,104564,368914214.2032
Santa Sede,1971,,,1,651,
Santo Tome y Principe,1971,57.1,58.5,6.49,79330,236484941.7204
Senegal,1971,119.8,48.3,7.26,4601864,11844887218.1427
Serbia,1971,,66.2,1.96,7375140,85256326565.7102
Seychelles,1971,51.4,64.7,5.69,55511,294837210.76428
Sierra Leona,1971,188,44.2,6.43,2763222,5626152489.49908
Singapur,1971,21,68.8,3.02,2128433,21050216098.3929
Siria,1971,71.7,63,7.6,6598094,31233141759.6956
Somalia,1971,,53.7,7.15,3837691,4740972436.99937
Sri Lanka,1971,52.7,65.1,4.27,12551910,30076688798.3793
Suazilandia,1971,116.6,45.5,6.74,453183,886561495.0353
Sudafrica,1971,,58.3,5.57,22942143,186792379204.491
Sudan,1971,94,49.3,7.02,12105539,21590347803.9484
Sudan del Sur,1971,,48.3,7.3,3468646,5425671369.92886
Suecia,1971,10.9,74.7,1.96,8098102,183590143417.648
Suiza,1971,14.3,73.5,2.04,6213530,205636684943.138
Surinam,1971,,67.2,5.36,391932,4688561322.78696
Tailandia,1971,68.7,63.1,5.25,36937387,108044189570.989
Tanzania,1971,125.8,51.1,7.04,13971451,16071305736.3556
Tayikistan,1971,,61,6.91,3028837,20504365603.6595
Timor Oriental,1971,,46.7,5.58,562966,667925792.00518
Togo,1971,130,47.1,7.06,2317976,4665671790.20544
Tonga,1971,37.4,64.3,5.96,85896,136653842.98368
Trinidad y Tobago,1971,43.1,65.2,3.61,1002585,12278728946.6479
Tunez,1971,116.4,56.7,6.29,5261658,18191947233.6542
Turkmenistan,1971,,62,6.32,2253119,21830730496.6188
Turquia,1971,122.8,60.4,5.67,37518611,216050237479.221
Tuvalu,1971,,53.4,3.94,5685,12905498.8299
Ucrania,1971,27.9,71,2.11,47573287,595172702569.256
Uganda,1971,113.2,49,7.18,10618206,15693330353.6843
Uruguay,1971,47.9,68.2,2.77,2806462,25747244819.5315
Uzbekistan,1971,,66.2,6.28,12111511,87717445222.8927
Vanuatu,1971,74.6,59.7,6.29,88862,178566316.67766
Venezuela,1971,46.8,66,5.17,11741008,149326429086.453
Vietnam,1971,55.5,55.7,6.07,42449276,55365626663.742
Yemen,1971,212.5,48.9,8.26,7257462,12913821851.2802
Yibuti,1971,,56.3,6.88,155136,1129736642.96448
Zambia,1971,106.7,47.1,7.26,4442525,10313517391.8757
Zimbabue,1971,71.6,57.7,6.94,5374712,18131265654.4298
Afganistan,1972,198.2,55.2,7.45,11853696,23845896985.0598
Albania,1972,71,68.1,4.98,2289265,9330371874.4401
Alemania,1972,20.6,71,1.73,78719918,1692853651501.74
Andorra,1972,,75.8,2.91,22957,1181730891.47894
Angola,1972,,43.8,7.49,6174262,32111379527.9048
Antigua y Barbuda,1972,,69.1,3.29,64615,466069217.5158
Arabia Saudita,1972,110.3,55.7,7.54,3905722,142266087577.866
Argelia,1972,140.6,52.2,7.63,14427072,79880915054.9837
Argentina,1972,58,67,3.14,24644328,371426354860.554
Armenia,1972,,67.7,3.2,2577079,22414366617.8558
Australia,1972,16.8,71.7,2.74,13304896,292681306837.3
Austria,1972,24.1,70.6,2.08,7543259,157735087797.82
Azerbaiyan,1972,,61.3,4.59,5380917,49078078741.9858
Bahamas,1972,26.8,67.1,3.89,196055,4817281158.25825
Banglades,1972,148.2,49.1,6.82,71641519,78179195905.783
Barbados,1972,37.3,69.6,3.15,249658,2813347276.24814
Barein,1972,48.1,64.1,6.14,242113,3451676401.52084
Belgica,1972,18.7,71.4,2.09,9694853,207605265895.895
Belice,1972,65.4,68.6,6.28,124676,473800170.97512
Benin,1972,152.5,48.1,6.8,3207543,6119178931.8495
Bielorrusia,1972,,72.1,2.28,9144633,85585949510.8529
Bolivia,1972,138,52,5.89,4800978,21322438937.9329
Bosnia y Herzegovina,1972,,66.8,2.67,3848271,13953496770.008
Botsuana,1972,79.1,53.2,6.56,622407,1152342326.03451
Brasil,1972,97.4,62.6,4.74,100146797,661791196595.674
Brunei,1972,,65.3,5.5,142189,17636440427.1684
Bulgaria,1972,31.6,70.9,2.04,8579913,64604416902.2057
Burkina Faso,1972,147.1,46,6.72,5807234,6389874193.72638
Burundi,1972,146.2,18.6,7.21,3617128,3315865619.76056
Butan,1972,171.2,46.7,6.64,330264,408568246.92288
Cabo Verde,1972,96.5,61.7,6.89,297386,415500742.52444
Camboya,1972,,45.8,5.94,6673886,12892060844.2112
Camerun,1972,118.2,49,6.29,6806872,14334112745.2174
Canada,1972,16.7,72.9,1.94,22230880,522204066137.309
Catar,1972,44.8,65.6,6.07,146506,15229179737.128
Chad,1972,131.8,45.3,6.85,3893252,4641904153.62212
Chile,1972,65.7,62.7,3.53,10174678,86957524732.9181
China,1972,73.3,59.4,5.11,863677814,802401678183.331
Chipre,1972,,69.5,2.99,661063,6044759814.18543
Cisjordania y Gaza,1972,,63.8,7.59,1164750,4072497720.0225
Colombia,1972,65.9,64.7,4.86,21819563,126672006721.866
Comoras,1972,145.1,54.4,7.14,260077,329468898.5933
Corea del Norte,1972,48,65.9,3.89,15975069,28969487101.1327
Corea del Sur,1972,33.3,63.7,4.02,33936465,110010448892.258
Costa Rica,1972,52.5,69.7,4.16,1938248,14530611805.5998
Costa de Marfil,1972,151.3,49.9,7.94,5909716,24664858304.751
Croacia,1972,,69.4,2.01,4497891,66428668904.3782
Cuba,1972,30.9,72.7,3.61,9123891,47938940241.3445
Dinamarca,1972,12.5,73.5,2.03,4991573,126598379522.081
Dominica,1972,37,68.3,4.67,70060,201201350.7058
Ecuador,1972,91.2,61,5.87,6529034,35767997495.1007
Egipto,1972,156.8,52.4,5.93,36258328,100181605440.939
El Salvador,1972,102.9,58.6,6.03,3846830,17507914158.0031
Emiratos Arabes Unidos,1972,59.6,61.2,6.5,385014,29752454191.8345
Eritrea,1972,124.8,38.5,6.54,1309235,1438970762.008
Eslovenia,1972,,69,2.17,1768217,34442461094.0816
Espana,1972,22.6,72.8,2.87,34539867,492801754888.118
Estados Unidos,1972,18.3,71.3,2.06,212842573,5674775437444.52
Estonia,1972,,70.4,2.15,1387212,21196172084.8319
Etiopia,1972,142.5,43.8,6.9,29374608,29162955430.7237
Filipinas,1972,54.7,63.4,5.94,39408560,126572372417.183
Finlandia,1972,12,70.9,1.58,4639548,87522356054.2957
Fiyi,1972,42.7,65.3,4.32,550499,2655668606.18341
Francia,1972,13.7,72.9,2.43,51743874,1110054278301.73
Gabon,1972,,50.4,5.24,620960,6208465108.6656
Gambia,1972,121.5,52.1,6.37,555370,1035541296.9807
Georgia,1972,,65,2.67,4877277,52448040376.3031
Ghana,1972,118.2,50.7,6.92,9438187,24466670204.9501
Granada,1972,,67.1,4.18,98777,302496519.08889
Grecia,1972,30.8,73.9,2.39,8849378,134861695910.049
Guatemala,1972,112.1,52.7,6.51,5682833,32629416379.5361
Guinea,1972,191.1,43.9,6.28,4431292,6191378183.99452
Guinea Ecuatorial,1972,,41.9,5.81,309468,434935140.84864
Guinea-Bisau,1972,,43.2,6.08,586620,913239679.7556
Guyana,1972,55,62.8,5.08,721617,3158596019.90322
Haiti,1972,156.6,46.5,5.85,4813868,11296457565.5584
Honduras,1972,95.2,58.6,7.06,2922064,8429790784.59072
Hungria,1972,38.4,69.7,1.93,10374303,105629025065.226
India,1972,138.3,48.2,5.48,570482142,765345235708.113
Indonesia,1972,106.7,53.2,5.32,122039841,250006219811.391
Irak,1972,74.9,62.8,7.02,10430164,75071609584.1278
Iran,1972,120.7,56.7,6.26,30921179,340099056506.143
Irlanda,1972,18.3,71.3,3.85,3037153,39932305232.5908
Islandia,1972,11.8,73.9,3.09,209203,4099639832.2431
Islas Marshall,1972,60.7,55.5,8,23992,72094154.602
Islas Salomon,1972,66.8,56.3,6.99,184994,213587281.27026
Israel,1972,,72,3.8,3079401,50269956122.3051
Italia,1972,26.5,72.1,2.35,54067563,1022529518883.79
Jamaica,1972,41.8,69.3,5.06,1931542,14221609511.9723
Japon,1972,11.9,73.5,2.11,109238955,1911735624109.07
Jordania,1972,60.2,62.9,8.12,1714555,8157900388.9201
Kazajistan,1972,66.9,65.2,3.55,12951798,200446793404.844
Kenia,1972,87.3,55.7,7.89,12206060,26220357097.9742
Kiribati,1972,92.6,58.8,5.37,59778,263031368.6637
Kuwait,1972,47.9,67.7,6.64,920352,93469886021.4048
Laos,1972,138.2,42.2,6.28,2801660,2895857664.6694
Lesoto,1972,125.4,52.6,5.69,1094063,1023596513.71159
Letonia,1972,,70.4,2.01,2395874,33876231065.982
Libano,1972,47.2,73,4.91,2509729,29796658066.8424
Liberia,1972,184.4,46.2,6.6,1542670,8464696624.81
Libia,1972,86,55.6,8.07,2226091,27007268879.3872
Liechtenstein,1972,,73.4,1.98,21992,
Lituania,1972,18.4,71.1,2.35,3204905,50795580458.3893
Luxemburgo,1972,17.1,70.4,1.75,346072,10451500840.8659
Macedonia del Norte,1972,,66.6,2.87,1717395,16738845933.05
Madagascar,1972,95.3,49,7.04,7074398,15771341652.7868
Malasia,1972,39.8,64.5,4.82,10676835,46905626549.6442
Malaui,1972,200.6,44.7,7.33,4874475,4394975672.70075
Maldivas,1972,159.7,52.9,7.37,130968,423235133.19792
Mali,1972,191.1,41.1,7.22,6483726,7145309904.93486
Malta,1972,22.3,71.3,2.03,328609,1622850977.97864
Marruecos,1972,116.8,53,6.55,15924692,42891825801.5142
Mauricio,1972,58.7,64.1,3.41,853604,3782667756.61676
Mauritania,1972,107,55.6,6.71,1168355,3991018649.79545
Mexico,1972,72.7,63,6.28,54030168,500076685664.048
"Micronesia, Estados Federados de",1972,,54.3,6.96,62278,137073490.00806
Moldavia,1972,48.5,63.1,2.56,3713997,42777810055.146
Monaco,1972,,73,2.44,24862,1868900850.80946
Mongolia,1972,,56.2,7.28,1366821,3385105287.04323
Montenegro,1972,,71.5,2.61,540698,5650130560.48292
Mozambique,1972,180.5,50.6,6.7,8692935,5423325338.4516
Myanmar,1972,116.5,44.8,5.53,28428324,28284084938.2553
Namibia,1972,62.9,52.1,6.53,804399,6572126128.8084
Nauru,1972,,55,4.36,6812,436470026.48444
Nepal,1972,170.9,50.6,5.8,12989099,15039589731.6506
Nicaragua,1972,111.2,50,6.65,2573578,17891498582.91
Niger,1972,140.4,41,7.52,4904845,7774571418.3093
Nigeria,1972,159.2,46.8,6.58,58601748,185796581842.239
Noruega,1972,12.2,74.4,2.39,3932909,89654414695.2987
Nueva Zelanda,1972,16.2,71.8,3,2919258,62469358063.9178
Oman,1972,136.1,57.3,7.59,700593,5824004079.39108
Paises Bajos,1972,11.7,73.7,2.15,13342772,313128041602.84
Pakistan,1972,135.7,55.9,6.81,63583194,101633932698.167
Palaos,1972,,60.8,5.9,12194,436870753.46096
Panama,1972,47.4,69.4,4.91,1599723,11403049697.1868
Papua Nueva Guinea,1972,94.4,55.7,6.2,2628432,6731564120.05536
Paraguay,1972,56.8,67.8,5.46,2499881,9892185784.54227
Peru,1972,98.3,61.4,6.09,14210147,97312956000.8378
Polonia,1972,28.8,71.1,2.24,33041996,291973659740.935
Portugal,1972,47.6,68.6,2.86,8815597,105062161897.619
Reino Unido,1972,17.2,72,2.18,56079239,1099280268188.51
Republica Centroafricana,1972,132.1,46.1,5.96,2183769,3054670752.12768
Republica Checa,1972,,70.1,2.09,9858068,151341932375.018
Republica Democratica del Congo,1972,145.9,48,6.37,21251160,41366784028.9788
Republica Dominicana,1972,81.6,62.2,5.84,4651883,17599922652.049
Republica Eslovaca,1972,,70.2,2.48,4599800,62715972594.022
Republica Kirguisa,1972,90.8,60.8,5.14,3173944,22255823015.7671
Republica del Congo,1972,84.4,45.9,6.44,1486468,5414317880.9528
Ruanda,1972,134.1,40.3,8.09,4220335,4599558856.6739
Rumania,1972,50.1,69.1,2.48,20555576,134704238037.085
Rusia,1972,32.9,69.1,2.07,131726419,2246280559264.19
Samoa,1972,,66.5,7.07,144538,675842297.18784
San Cristobal y Nieves,1972,53.8,65.5,4.16,44033,207682216.929
San Marino,1972,,73.9,2.29,18787,640211856.79384
San Vicente y las Granadinas,1972,60.3,65.1,5.77,97790,423594214.659
Santa Lucia,1972,47.9,65.1,5.81,106002,379798147.60758
Santa Sede,1972,,,1,663,
Santo Tome y Principe,1972,57.5,59.2,6.51,81041,241381603.14815
Senegal,1972,117.5,48.5,7.26,4741631,12545108956.3775
Serbia,1972,,66.5,1.95,7424739,89593626770.8127
Seychelles,1972,48.6,65.2,5.16,56889,313734314.73447
Sierra Leona,1972,185.2,44.5,6.45,2814388,5680698165.76604
Singapur,1972,19.6,69,3.03,2164334,23842562025.1997
Siria,1972,68.2,63.4,7.57,6826024,38392701267.8882
Somalia,1972,,54.6,7.12,3939436,5541485807.81024
Sri Lanka,1972,51.9,65.2,4.16,12809205,30634433321.9081
Suazilandia,1972,113.4,46.1,6.72,465788,993415342.3758
Sudafrica,1972,,58.6,5.49,23609456,190186893812.879
Sudan,1972,93.4,49.5,6.98,12527856,21033736787.8915
Sudan del Sur,1972,,48.4,7.31,3542497,6299880025.48184
Suecia,1972,10.4,74.8,1.91,8122425,186643881419.313
Suiza,1972,13.6,73.8,1.91,6261081,213561800785.993
Surinam,1972,,67.6,5.18,397413,5027961692.32677
Tailandia,1972,65.8,63,5.08,37933929,111511653873.966
Tanzania,1972,124,51.5,7.05,14479308,17173228573.634
Tayikistan,1972,116,61.6,6.89,3123691,20877352198.7762
Timor Oriental,1972,,47.2,5.49,572962,696678218.2399
Togo,1972,127.2,47.6,7.07,2384994,4811006438.5587
Tonga,1972,35.3,64.5,5.86,87356,138794551.54632
Trinidad y Tobago,1972,42.2,65.4,3.55,1014921,12820910794.9288
Tunez,1972,110.9,57.6,6.19,5396557,21374412975.8533
Turkmenistan,1972,,62.1,6.2,2311430,22331221748.2783
Turquia,1972,119.3,60.9,5.55,38430221,231023428030.988
Tuvalu,1972,,52.3,3.81,5692,12909996.79692
Ucrania,1972,27,70.9,2.13,47946893,613846197436.227
Uganda,1972,113.7,49.3,7.19,10885796,15651561239.0993
Uruguay,1972,47.8,68.2,2.78,2821644,25058032111.4054
Uzbekistan,1972,,66.2,6.25,12465106,88849628304.2421
Vanuatu,1972,71.9,59.9,6.23,91562,185645757.56986
Venezuela,1972,45.5,66,5.04,12099180,151448357286.019
Vietnam,1972,54.7,52.2,6.1,43429168,58057431594.8155
Yemen,1972,204.3,49.5,8.27,7460068,13798061278.6663
Yibuti,1972,,57.4,6.85,166256,1194397960.63616
Zambia,1972,103.7,47.8,7.3,4569309,11274344646.2183
Zimbabue,1972,71.1,58.2,6.94,5542445,19720620886.9803
Afganistan,1973,194.3,55.3,7.49,12157999,24866198639.9258
Albania,1973,68.3,68.7,4.83,2344105,9841295824.4029
Alemania,1973,19.7,71.3,1.55,78966971,1766916488172.92
Andorra,1973,,76.1,2.83,24523,1301773967.80911
Angola,1973,,44.2,7.5,6388528,35025613734.0258
Antigua y Barbuda,1973,,69.3,3.13,64342,498935176.03164
Arabia Saudita,1973,104.1,56.6,7.48,4106344,178552929469.012
Argelia,1973,137,53.1,7.59,14771147,82754400839.6135
Argentina,1973,56.8,67.2,3.17,25046005,388773470340.713
Armenia,1973,,68,3.08,2630860,24262776755.8592
Australia,1973,16.2,71.8,2.49,13518685,305348490733.861
Austria,1973,23,71,1.93,7585105,165129455620.857
Azerbaiyan,1973,,61.7,4.43,5476609,53867622281.7327
Bahamas,1973,27.2,67.5,3.73,200791,5157262551.15315
Banglades,1973,147.4,50.1,6.8,73722294,80352624992.1145
Barbados,1973,35.4,69.9,2.87,250322,2819744641.81746
Barein,1973,44.2,64.8,5.97,255320,3931607535.102
Belgica,1973,17.7,71.6,1.95,9718035,219265183123.369
Belice,1973,63.2,68.9,6.29,126445,466296104.7481
Benin,1973,149.8,48.4,6.81,3283496,6347019471.90856
Bielorrusia,1973,,72.1,2.21,9205712,92660265178.129
Bolivia,1973,134.7,52.7,5.85,4910200,22601769377.738
Bosnia y Herzegovina,1973,,67.3,2.54,3887376,14275539784.693
Botsuana,1973,75.9,53.9,6.59,652408,1414115621.54896
Brasil,1973,94.9,63.1,4.64,102600976,751341656115.668
Brunei,1973,,65.9,5.36,147369,19092911552.8353
Bulgaria,1973,31.1,71,2.15,8624800,67638516744.256
Burkina Faso,1973,144.6,46.1,6.77,5911927,5993182357.38537
Burundi,1973,146.1,46.3,7.22,3611991,3488200049.80998
Butan,1973,166.4,47.2,6.63,341705,413233701.02105
Cabo Verde,1973,89.6,62.3,6.86,299881,420328518.52505
Camboya,1973,,46.1,5.56,6739726,13866831163.9047
Camerun,1973,116,49.3,6.33,6996660,14801655254.4894
Canada,1973,15.9,73.1,1.85,22512227,555206167376.654
Catar,1973,42.2,66.1,6.01,161841,17920762007.4198
Chad,1973,131.2,46,6.87,3985909,4438967306.62591
Chile,1973,63.7,63.5,3.41,10340362,81363813415.8314
China,1973,69.7,59.8,4.73,882576946,845087071957.818
Chipre,1973,,69.6,2.4,665937,6147152329.84668
Cisjordania y Gaza,1973,,36.8,7.55,1202258,3856347660.43952
Colombia,1973,63.5,64.2,4.68,22325374,134338082276.155
Comoras,1973,142.2,54.8,7.17,268820,356038197.3824
Corea del Norte,1973,46,66.3,3.35,16350367,31747508094.411
Corea del Sur,1973,29.5,64.4,3.8,34625849,125264036084.516
Costa Rica,1973,47,70.5,3.99,1988343,15571724926.4646
Costa de Marfil,1973,146.1,50.5,7.94,6184944,26425853274.5928
Croacia,1973,,69.8,2.01,4515758,69332044067.3999
Cuba,1973,27.8,73.2,3.4,9255328,52423334337.7869
Dinamarca,1973,11.6,73.7,1.92,5021756,130989203957.606
Dominica,1973,32.9,69.7,4.28,70585,220160678.95735
Ecuador,1973,88.4,61.6,5.73,6722033,40289120523.7228
Egipto,1973,153.2,52.8,5.84,37102043,102257606693.972
El Salvador,1973,100.8,59.5,5.93,3938068,18347269548.4519
Emiratos Arabes Unidos,1973,54.7,61.8,6.46,436399,33539536094.9156
Eritrea,1973,123.9,38.9,6.55,1342669,1461783235.85388
Eslovenia,1973,,69.4,2.2,1784572,36759513765.8195
Espana,1973,21.3,72.8,2.84,34926524,534076258690.426
Estados Unidos,1973,17.5,71.5,1.92,215006551,5956266149364.72
Estonia,1973,,70.4,2.09,1399341,22942689186.5971
Etiopia,1973,142.4,43.9,6.96,30166785,29733896461.9356
Filipinas,1973,54.5,63.5,5.79,40294130,136206913700.969
Finlandia,1973,11.3,71.3,1.5,4665914,93042560550.1152
Fiyi,1973,42.4,65.2,4.16,559222,2928462804.3282
Francia,1973,13.1,73.2,2.32,52162210,1167916905120.82
Gabon,1973,,51.2,5.29,633995,6803477210.5538
Gambia,1973,119.1,52.4,6.41,571991,1130947795.12687
Georgia,1973,,64.9,2.62,4911008,55716538226.2474
Ghana,1973,116.5,51,6.87,9714617,25330995266.268
Granada,1973,,67.4,4.05,98709,328487489.08443
Grecia,1973,30.1,74.1,2.37,8893400,142490230800.386
Guatemala,1973,109.1,53.9,6.49,5831631,34698324231.7007
Guinea,1973,189.1,44.1,6.31,4506324,6322854703.60476
Guinea Ecuatorial,1973,,42.3,5.8,302281,461301388.31329
Guinea-Bisau,1973,,43.4,6.1,592808,913814658.3352
Guyana,1973,54.9,62.6,4.87,730138,3212966946.29398
Haiti,1973,153,46.8,5.81,4906743,11865289800.0823
Honduras,1973,91.7,57.4,6.99,3011459,9025404809.62835
Hungria,1973,38.6,69.7,1.95,10407439,111619801800.241
India,1973,135.8,49.1,5.4,583465598,788858225550.004
Indonesia,1973,103.6,53.9,5.25,125288515,280548197750.458
Irak,1973,71.9,63,6.99,10795869,88595098016.0324
Iran,1973,115.9,57.8,6.06,31839838,368006122789.512
Irlanda,1973,18,71.2,3.71,3084434,41698517007.6846
Islandia,1973,11.3,74.3,2.94,212381,4359441512.49113
Islas Marshall,1973,59.5,56,7.95,24581,75613226.94925
Islas Salomon,1973,62.6,56.6,7,189774,236100473.15634
Israel,1973,,70,3.61,3163044,52280181484.7293
Italia,1973,24.5,72.2,2.32,54450567,1087756110136.65
Jamaica,1973,40.3,69.8,5,1961219,14892133705.3878
Japon,1973,11.3,73.6,2.15,110614736,2044769351636.5
Jordania,1973,57.8,63.5,8.06,1778094,8108338476.43044
Kazajistan,1973,65.6,65.2,3.51,13208121,220409710190.089
Kenia,1973,85.2,56.1,7.86,12634835,27574992175.8894
Kiribati,1973,90.8,59.5,5.2,60824,316586755.27384
Kuwait,1973,45.3,67.8,6.43,977654,88629095874.1419
Laos,1973,136.8,42.8,6.28,2870573,3137695060.39263
Lesoto,1973,122,53,5.69,1132697,1286281549.68127
Letonia,1973,,70.3,1.95,2415783,36942532913.931
Libano,1973,46.6,73.4,4.79,2572935,31243548329.8196
Liberia,1973,181,46.5,6.65,1583588,8741740197.94972
Libia,1973,81.3,56.5,8.05,2314193,27351353157.0481
Liechtenstein,1973,,73.7,1.94,22397,
Lituania,1973,18.9,71.1,2.22,3236222,55091772563.6681
Luxemburgo,1973,16.1,70.6,1.58,349201,11314844964.3338
Macedonia del Norte,1973,,67.1,2.72,1743816,17829965496.4411
Madagascar,1973,96.7,49.4,7.01,7288048,15396128066.2742
Malasia,1973,38,65,4.73,10935621,52937584890.9112
Malaui,1973,195.5,44.4,7.34,5003938,4594015949.47318
Maldivas,1973,152,53.3,7.4,134952,425437248.81984
Mali,1973,188.2,41.3,7.22,6597106,6947980075.54236
Malta,1973,21.2,71.6,2.08,330053,1681685916.87933
Marruecos,1973,114.7,53.6,6.48,16326269,44238618303.7545
Mauricio,1973,57.4,64.3,3.07,865144,4174005934.40824
Mauritania,1973,106.6,55.7,6.72,1203838,4051381814.68344
Mexico,1973,70.5,63.3,6.12,55667284,540035277154.463
"Micronesia, Estados Federados de",1973,,54.9,6.97,63986,188285538.88664
Moldavia,1973,47.3,63.2,2.57,3752623,46902226525.5025
Monaco,1973,,73.2,2.41,25072,2036359118.13776
Mongolia,1973,,57,7.24,1405502,3725654398.68342
Montenegro,1973,,71.6,2.51,546262,5704801073.33308
Mozambique,1973,179.8,50.7,6.7,8954242,5540171833.76712
Myanmar,1973,114,45.2,5.44,29026388,28526841830.6728
Namibia,1973,63.1,52.6,6.54,828928,6808084132.35712
Nauru,1973,,55.3,4.19,6866,443300246.3022
Nepal,1973,167.2,50.7,5.7,13275239,14906581878.2875
Nicaragua,1973,107.9,58.9,6.59,2649278,18864704449.6631
Niger,1973,141.4,40.9,7.53,5037865,6442737837.6501
Nigeria,1973,154.1,47.3,6.63,60082139,200522868175.26
Noruega,1973,11.6,74.5,2.23,3960593,93610249458.0362
Nueva Zelanda,1973,15.8,72,2.74,2978988,66732274201.825
Oman,1973,128.6,57.9,7.63,721179,4978768348.09449
Paises Bajos,1973,11.3,74.1,1.91,13453744,327754447705.388
Pakistan,1973,133.4,56.3,6.81,65461912,108283973606.436
Palaos,1973,,61.1,5.59,12552,534593623.33632
Panama,1973,45.4,70.1,4.74,1643690,12003587705.7967
Papua Nueva Guinea,1973,91.7,56.2,6.16,2690629,7230415704.40908
Paraguay,1973,56.1,68.1,5.35,2561102,10602644447.2418
Peru,1973,95.8,62,5.97,14582867,102086067953.998
Polonia,1973,26.9,71.4,2.25,33333274,307613689113.325
Portugal,1973,43.3,68.9,2.77,8939237,117218961231.795
Reino Unido,1973,16.6,72.1,2.04,56188791,1164435370394.04
Republica Centroafricana,1973,129.9,46.3,5.93,2226008,3173806011.50992
Republica Checa,1973,,70.1,2.31,9906210,159281759796.395
Republica Democratica del Congo,1973,144.2,48.4,6.39,21827665,45056262281.1975
Republica Dominicana,1973,79.4,62.7,5.67,4782227,19793657160.1307
Republica Eslovaca,1973,,70.2,2.56,4643676,64977201333.1854
Republica Kirguisa,1973,90,61,5.02,3244870,23104550723.379
Republica del Congo,1973,82.5,46.5,6.42,1533680,6385443920.5952
Ruanda,1973,137.3,40.5,8.09,4345047,4690214709.39945
Rumania,1973,47.3,69.2,2.39,20798323,143438154494.315
Rusia,1973,31.8,69.1,2.01,132475149,2442505691225.77
Samoa,1973,,66.9,6.91,146516,690967889.74396
San Cristobal y Nieves,1973,52.1,65.3,3.97,43880,213272650.7724
San Marino,1973,,74.1,2.23,18992,698280135.32448
San Vicente y las Granadinas,1973,60.5,65.9,5.59,98691,374831733.03069
Santa Lucia,1973,43.7,65.7,5.69,107498,387028134.5926
Santa Sede,1973,,,1,685,
Santo Tome y Principe,1973,58,59.8,6.53,82798,245259452.35954
Senegal,1973,114.7,48.7,7.26,4885181,11784969608.8796
Serbia,1973,,66.8,1.94,7473514,95325929310.817
Seychelles,1973,45.8,65.8,4.78,58300,343928205.313
Sierra Leona,1973,182.6,44.7,6.47,2866955,5879689501.231
Singapur,1973,17.8,69.3,2.78,2200137,26393063773.7192
Siria,1973,65,62.5,7.55,7060321,34508566093.2047
Somalia,1973,,54.7,7.09,4045592,4920610544.95704
Sri Lanka,1973,51,64.9,4,13060916,31570699219.895
Suazilandia,1973,109.7,46.7,6.72,479038,1022314282.03338
Sudafrica,1973,,58.9,5.41,24294263,198519843220.151
Sudan,1973,92.7,49.9,6.94,13049315,20632857730.2504
Sudan del Sur,1973,,49.1,7.31,3627383,5569234076.60662
Suecia,1973,9.8,74.9,1.87,8137169,192818744604.218
Suiza,1973,12.8,74.2,1.81,6307403,220501558219.299
Surinam,1973,,67.9,5.01,395772,5281744241.01012
Tailandia,1973,62.9,62.9,4.85,38947787,121655122112.871
Tanzania,1973,122.1,51.9,7.06,15010101,17749771502.6008
Tayikistan,1973,112.8,62.1,6.84,3222290,22934851015.9143
Timor Oriental,1973,,47.8,5.39,582855,726246976.25025
Togo,1973,124.4,48.1,7.08,2448749,4590528261.58278
Tonga,1973,33.5,64.6,5.8,88805,140895484.72165
Trinidad y Tobago,1973,41.3,65.6,3.47,1027851,12891097591.2315
Tunez,1973,105.4,58.4,6.12,5537242,21169923092.3449
Turkmenistan,1973,,62.3,6.15,2370919,24630973267.6563
Turquia,1973,115.9,61.3,5.41,39329533,239726202354.615
Tuvalu,1973,,54.1,3.71,5681,17074031.55354
Ucrania,1973,26.2,71,2.04,48277121,619447326058.319
Uganda,1973,114.7,49.6,7.19,11144236,15512684237.7259
Uruguay,1973,48.5,68.7,2.86,2837133,25544026502.6205
Uzbekistan,1973,,66.3,6.16,12831047,97017112396.2863
Vanuatu,1973,69.3,60.3,6.15,94362,193121806.11978
Venezuela,1973,44.2,66.2,4.91,12463537,158195143398.947
Vietnam,1973,53.8,55.4,6.11,44409861,59196269884.2941
Yemen,1973,196.7,50.2,8.29,7672796,15305432585.736
Yibuti,1973,,57.8,6.82,178449,1280996239.29348
Zambia,1973,100.7,48.5,7.34,4702693,11118363698.7186
Zimbabue,1973,70.7,58.4,6.94,5720404,20473340560.2342
Afganistan,1974,190.3,55.4,7.53,12469127,26540766874.8932
Albania,1974,65.8,69.2,4.7,2399401,10130548008.8514
Alemania,1974,18.8,71.6,1.52,78996693,1775821347407.73
Andorra,1974,,76.4,2.74,26130,1407416153.7969
Angola,1974,,44.6,7.5,6613367,35662880934.6241
Antigua y Barbuda,1974,,69.5,2.93,64058,509704048.2584
Arabia Saudita,1974,98.5,57.5,7.43,4323632,212919248180.755
Argelia,1974,133,54.1,7.55,15133502,86770669097.4865
Argentina,1974,55.2,67,3.22,25461351,410770874712.425
Armenia,1974,,68.3,2.98,2686445,24325357367.9124
Australia,1974,15.3,71.8,2.38,13719495,309471764933.113
Austria,1974,21.6,71.2,1.9,7597967,171085968713.823
Azerbaiyan,1974,,61.9,4.31,5572225,54983524863.8535
Bahamas,1974,27.2,67.6,3.57,205342,4269155343.69648
Banglades,1974,146.4,49.9,6.78,75839348,90175296355.327
Barbados,1974,33.6,70.2,2.65,250777,2658084688.05991
Barein,1974,40.7,65.5,5.79,269038,4368496534.5714
Belgica,1974,16.7,71.9,1.84,9735806,227284616675.252
Belice,1974,61.2,69.2,6.29,128185,505185085.02585
Benin,1974,146.8,48.7,6.82,3362633,6742176815.86232
Bielorrusia,1974,,72.1,2.19,9265678,94703713370.7175
Bolivia,1974,131.3,53.4,5.8,5022475,23442005939.8967
Bosnia y Herzegovina,1974,,67.8,2.45,3926472,15096059977.0596
Botsuana,1974,72.7,54.7,6.61,685448,1555181827.29736
Brasil,1974,92.3,63.4,4.5,105089675,809482440820.737
Brunei,1974,,66.4,5.18,152656,21060901176.168
Bulgaria,1974,30.5,70.9,2.29,8682755,70481034842.1848
Burkina Faso,1974,141,46.3,6.84,6024904,6023752339.6004
Burundi,1974,146,46.5,7.22,3703590,3488266758.7746
Butan,1974,161.6,47.7,6.62,353538,433311809.78574
Cabo Verde,1974,83.4,62.8,6.82,302570,429214809.6319
Camboya,1974,,46.4,4.8,6783240,12495490448.3436
Camerun,1974,114.7,49.5,6.36,7193583,15427877190.7493
Canada,1974,15,73.3,1.81,22824082,572344654053.287
Catar,1974,39.9,66.5,5.94,177362,17909458659.1852
Chad,1974,130.6,46.1,6.86,4078356,5062945486.82988
Chile,1974,60.4,65.5,3.29,10505817,81403133450.8411
China,1974,66.2,60.3,4.17,900307582,848023848732.073
Chipre,1974,,50.3,2.28,663254,5548827528.03626
Cisjordania y Gaza,1974,,64.9,7.52,1241133,4621892797.44123
Colombia,1974,61,64.5,4.53,22833469,141181119380.913
Comoras,1974,139.3,55.3,7.16,278075,368847314.22875
Corea del Norte,1974,44,66.7,3.14,16673121,34766957139.8291
Corea del Sur,1974,26,65,3.56,35287837,135906703106.469
Costa Rica,1974,42.3,71.2,3.89,2039643,16336492685.7873
Costa de Marfil,1974,140.7,51,7.93,6474057,27456601916.3709
Croacia,1974,,70.2,1.98,4533953,75642467300.6996
Cuba,1974,26,73.4,3.16,9374183,55297680915.1867
Dinamarca,1974,10.9,73.8,1.9,5045632,129143490014.41
Dominica,1974,29,71,3.84,71091,236989089.82926
Ecuador,1974,85.5,62.7,5.58,6918573,43486669420.6666
Egipto,1974,148.8,53.9,5.78,37969667,105728707348.272
El Salvador,1974,98.4,60.2,5.82,4029671,19454667285.705
Emiratos Arabes Unidos,1974,50.2,62.3,6.41,489087,40056090243.5158
Eritrea,1974,126.3,36.1,6.57,1375688,1458547229.01056
Eslovenia,1974,,69.8,2.12,1801036,40425626039.7946
Espana,1974,20,73.1,2.87,35361762,569944586276.923
Estados Unidos,1974,16.7,72.1,1.87,217076476,5890606181804.71
Estonia,1974,,70.3,2.08,1411547,23490964538.8039
Etiopia,1974,142.4,43.1,7.02,30957273,29611978265.8755
Filipinas,1974,54.4,63.9,5.69,41174341,139257966639.691
Finlandia,1974,10.8,71.5,1.61,4690355,95477044378.9723
Fiyi,1974,42,65.6,4.07,567489,2979130500.71988
Francia,1974,12.7,73.4,2.13,52504738,1202240490550.87
Gabon,1974,,52.2,5.33,647691,9342290858.20833
Gambia,1974,116.7,52.8,6.42,589085,1199047997.119
Georgia,1974,,65,2.57,4944635,56773748039.8756
Ghana,1974,114.2,51.4,6.82,10000523,27035714293.9109
Granada,1974,,67.7,3.92,98486,349269774.40374
Grecia,1974,29.4,74.4,2.43,8929114,134993310721.468
Guatemala,1974,106,54.2,6.46,5981197,36741841639.2108
Guinea,1974,186.8,44.3,6.34,4580510,6699904464.9636
Guinea Ecuatorial,1974,,42.7,5.8,294953,484505840.29367
Guinea-Bisau,1974,,46.9,6.12,613338,969388400.25852
Guyana,1974,54.8,62.6,4.64,738057,3454240658.30094
Haiti,1974,149.5,47.1,5.78,5001796,12595299006.8829
Honduras,1974,88.3,54.8,6.91,3099836,9519890778.42328
Hungria,1974,38.1,69.6,2.28,10453913,116001499161.823
India,1974,133.1,49.5,5.33,597041391,790728251370.254
Indonesia,1974,100.6,54.6,5.09,128555045,295583920454.757
Irak,1974,68.9,61.4,6.95,11167761,94672884588.5404
Iran,1974,110.9,58.4,5.97,32796463,395522220572.828
Irlanda,1974,17.5,71.4,3.59,3132177,43319184042.4635
Islandia,1974,10.8,74.6,2.66,215266,4584679651.87624
Islas Marshall,1974,58.4,56.5,7.9,25296,85776078.90816
Islas Salomon,1974,58.7,56.9,7.01,195041,296125720.19261
Israel,1974,25,72,3.64,3239981,55077928738.6522
Italia,1974,22.5,72.6,2.29,54821113,1138458193671.41
Jamaica,1974,39,70.2,4.67,1990906,14240105418.6758
Japon,1974,10.6,74,2.07,112009694,2001176371571.46
Jordania,1974,55.5,64,8,1839182,8446469929.57172
Kazajistan,1974,64.5,65.2,3.45,13454570,224031415261.578
Kenia,1974,83,56.6,7.82,13070078,28893849040.2712
Kiribati,1974,89.5,60.3,5.09,61219,452955271.36853
Kuwait,1974,42.8,67.9,6.23,1038346,78345427957.7257
Laos,1974,135.4,44.5,6.29,2939761,3241869125.67342
Lesoto,1974,118.4,53.4,5.75,1172420,1358950439.233
Letonia,1974,,70.1,1.98,2436995,37670145844.3634
Libano,1974,46.1,73.8,4.65,2635185,32078736471.6409
Liberia,1974,177.5,46.8,6.69,1626362,8988219458.0057
Libia,1974,76.9,57.6,8.02,2432211,33532507405.6238
Liechtenstein,1974,,74,1.9,22802,
Lituania,1974,19.8,71.1,2.21,3266362,56098151350.0641
Luxemburgo,1974,15.1,70.8,1.59,351425,11744835265.1908
Macedonia del Norte,1974,,67.6,2.7,1770545,18921790671.9916
Madagascar,1974,98.2,49.7,6.99,7509726,15640139715.3767
Malasia,1974,36.1,65.5,4.62,11200906,56932141543.0786
Malaui,1974,189.9,44.1,7.34,5141337,4871493516.24804
Maldivas,1974,144.4,53.8,7.38,138978,445210078.91094
Mali,1974,184.8,41.4,7.23,6715436,6758462134.2238
Malta,1974,20.1,71.8,2.08,331679,1844376735.4799
Marruecos,1974,112.4,54.3,6.4,16733842,46467189603.5753
Mauricio,1974,54.5,64.4,3.45,876463,4441034453.79559
Mauritania,1974,106.1,56,6.73,1240188,4495815254.2758
Mexico,1974,68.5,63.9,5.95,57320149,571356103341.437
"Micronesia, Estados Federados de",1974,,55.5,6.93,65749,222001872.61181
Moldavia,1974,46.1,63.5,2.56,3793847,47954385687.1433
Monaco,1974,,73.4,2.38,25235,2172010920.25295
Mongolia,1974,,57.8,7.17,1446050,3924522624.4065
Montenegro,1974,,71.7,2.43,551732,6127727688.53044
Mozambique,1974,179,50.9,6.67,9236093,5674162701.27752
Myanmar,1974,111.6,45.6,5.34,29598167,29322804301.0772
Namibia,1974,63.3,53.2,6.55,854320,7275959481.1184
Nauru,1974,,55.6,4.07,6923,451109405.27912
Nepal,1974,163.6,50.7,5.75,13568435,15783871156.4658
Nicaragua,1974,104.2,59.8,6.52,2732075,21342645302.1693
Niger,1974,141.8,40.8,7.54,5174953,7002811086.5125
Nigeria,1974,149.2,47.9,6.7,61679144,224104554635.806
Noruega,1974,11,74.7,2.13,3985280,97353253799.6928
Nueva Zelanda,1974,15.4,72.2,2.57,3041231,70428627719.5356
Oman,1974,121.2,58.6,7.67,746988,5928077174.50476
Paises Bajos,1974,10.9,74.4,1.77,13559669,339568337720.523
Pakistan,1974,131.2,56.6,6.81,67415487,112555552156.234
Palaos,1974,,61.5,5.26,12687,770795603.70831
Panama,1974,43.5,70.9,4.58,1687926,12263169178.2429
Papua Nueva Guinea,1974,89.2,56.7,6.11,2752671,7474537429.93704
Paraguay,1974,55.3,68.4,5.27,2625621,11477400340.3021
Peru,1974,93.3,63.4,5.84,14956552,108587831637.908
Polonia,1974,25.4,71.5,2.27,33642461,325608507315.535
Portugal,1974,39.4,69,2.7,9059176,117978490464.267
Reino Unido,1974,16,72.3,1.92,56224550,1134677726298.55
Republica Centroafricana,1974,127.9,46.5,5.9,2269338,3056862621.7323
Republica Checa,1974,,70.2,2.46,9965949,167851623098.35
Republica Democratica del Congo,1974,142.5,48.9,6.4,22418878,46731471226.4303
Republica Dominicana,1974,77.2,63.2,5.44,4914197,20966383317.1893
Republica Eslovaca,1974,,70.2,2.61,4690645,67475255309.8629
Republica Kirguisa,1974,89.3,61.4,4.89,3314021,23466740481.5398
Republica del Congo,1974,80.9,47.2,6.39,1582301,6362747436.24415
Ruanda,1974,141.1,40.8,8.1,4474228,4662255999.94704
Rumania,1974,44.8,69.7,2.66,21033552,155962556986.201
Rusia,1974,30.8,69,2.03,133259158,2550448272267.72
Samoa,1974,,67.2,6.75,149431,621767195.36161
San Cristobal y Nieves,1974,50.5,65.3,3.81,43738,222044994.14556
San Marino,1974,,74.4,2.13,19030,742217064.4251
San Vicente y las Granadinas,1974,60.1,66.7,5.38,99556,340094830.55816
Santa Lucia,1974,39.8,66.3,5.57,109076,411562108.76308
Santa Sede,1974,,,1,708,
Santo Tome y Principe,1974,58.5,60.4,6.53,84672,259522671.46176
Senegal,1974,111.5,48.8,7.25,5029437,12216096949.4947
Serbia,1974,,67.1,1.93,7522485,104157634642.668
Seychelles,1974,42.8,66.3,5.1,59739,349616715.36219
Sierra Leona,1974,180,45,6.53,2920459,6082933779.71231
Singapur,1974,16,69.7,2.35,2235075,28040202699.825
Siria,1974,62,64.1,7.52,7302160,42103694411.3064
Somalia,1974,,54.4,7.06,4151842,4897973511.58832
Sri Lanka,1974,50,64.3,3.86,13305693,32487401169.4177
Suazilandia,1974,105.8,47.3,6.71,492988,1211552918.48028
Sudafrica,1974,91.1,59.1,5.3,24989108,210106578366.74
Sudan,1974,92,50.1,6.91,13580723,23146231909.1458
Sudan del Sur,1974,,49.1,7.31,3723259,5536031411.37833
Suecia,1974,9.2,75,1.87,8160639,197837045989.226
Suiza,1974,12,74.5,1.73,6341377,221525247348.92
Surinam,1974,,68.1,4.81,393676,4956233802.014
Tailandia,1974,60.2,63.3,4.6,39952891,126066092147.218
Tanzania,1974,120.2,52.3,7.12,15561630,18219617561.2059
Tayikistan,1974,109.4,62.7,6.77,3324499,23093177977.4667
Timor Oriental,1974,,48.3,5.29,590827,769946384.99921
Togo,1974,121.8,48.7,7.09,2511760,4765803552.7832
Tonga,1974,31.9,64.9,5.77,90683,148135031.47034
Trinidad y Tobago,1974,40.4,66,3.32,1040761,13324697092.0281
Tunez,1974,99.9,59.3,6.05,5684674,22801269366.8941
Turkmenistan,1974,,62.5,6.09,2432028,24813406752.5808
Turquia,1974,112.4,61.7,5.24,40210234,255566499539.074
Tuvalu,1974,,54.4,3.63,5822,19972310.80052
Ucrania,1974,25.5,70.9,2.06,48576570,680783562629.428
Uganda,1974,116.3,49.8,7.19,11424846,15413460130.3988
Uruguay,1974,49.3,69.1,2.96,2853944,26440450947.8976
Uzbekistan,1974,,66.3,6.05,13209011,97576909151.7796
Vanuatu,1974,66.9,60.8,6.06,97260,258530170.2234
Venezuela,1974,42.9,66.5,4.79,12835351,165029205109.943
Vietnam,1974,52.8,55.2,5.78,45413537,58067068125.5852
Yemen,1974,189,50.8,8.33,7896783,16014661314.9514
Yibuti,1974,,58.2,6.78,192613,1259780453.3911
Zambia,1974,98.1,49.1,7.36,4842746,11748707612.705
Zimbabue,1974,70.5,58.9,6.88,5908328,21109307483.2034
Afganistan,1975,186.6,55.6,7.54,12773954,28461463856.6392
Albania,1975,63.1,69.7,4.57,2454859,10430269653.8318
Alemania,1975,17.7,71.6,1.48,78701865,1753631511936.39
Andorra,1975,,76.7,2.46,27773,1451918540.38344
Angola,1975,,44.9,7.49,6842947,28267920836.7211
Antigua y Barbuda,1975,,69.6,2.77,63839,476639553.98382
Arabia Saudita,1975,93.1,58.3,7.37,4556287,207926305871.082
Argelia,1975,128.7,55,7.49,15678596,93226646270.4726
Argentina,1975,53.2,67.2,3.27,25874107,406507457021.521
Armenia,1975,,68.5,2.92,2743660,24392149783.1034
Australia,1975,14.4,72.3,2.21,13893989,315844904035.419
Austria,1975,19.8,71.3,1.82,7577830,169623206252.191
Azerbaiyan,1975,,62.2,4.22,5669260,56120065741.2376
Bahamas,1975,27.2,67.6,3.42,209886,3612959887.52274
Banglades,1975,145.2,50.8,6.73,77854351,88346792783.8792
Barbados,1975,31.8,70.6,2.45,251175,2653576747.416
Barein,1975,37.7,66.1,5.62,283243,4013103817.52115
Belgica,1975,15.8,72,1.75,9748476,223035077081.732
Belice,1975,59.2,69.4,6.28,130387,506135066.16669
Benin,1975,143.5,48.9,6.83,3445407,6243856042.61979
Bielorrusia,1975,,71.8,2.13,9324281,96774025614.187
Bolivia,1975,127.9,54.1,5.75,5137539,24987991472.1723
Bosnia y Herzegovina,1975,,68.2,2.39,3965743,15387634831.7682
Botsuana,1975,69.5,55.3,6.61,720380,1700500443.3216
Brasil,1975,89.8,63.7,4.42,107619565,848256468582.611
Brunei,1975,,66.9,4.99,158070,20931638884.2
Bulgaria,1975,29.8,70.9,2.24,8723148,75702645719.0388
Burkina Faso,1975,136.6,46.6,6.91,6147569,5912011369.1132
Burundi,1975,145.7,46.7,7.24,3796612,3482847987.02608
Butan,1975,157.1,48.2,6.62,365791,417594401.89402
Cabo Verde,1975,78,63.3,6.77,305847,355886223.95196
Camboya,1975,178.2,26.8,4.1,6581371,11405624074.9255
Camerun,1975,114.3,49.7,6.4,7397120,16152177547.6224
Canada,1975,14.2,73.6,1.8,23148986,579782980434.725
Catar,1975,37.7,66.9,5.86,193087,19085353063.7867
Chad,1975,130,46.3,6.88,4167234,5957346916.92474
Chile,1975,55.3,66.5,3.18,10671559,70239828473.7285
China,1975,62.6,60.8,3.57,916116793,885803853333.651
Chipre,1975,,69.7,2.11,659405,4654978414.9766
Cisjordania y Gaza,1975,78,65.4,7.48,1279321,4611511517.29513
Colombia,1975,58.4,65.3,4.4,23344644,143533447369.518
Comoras,1975,136.2,55.9,7.16,287692,394807833.00672
Corea del Norte,1975,42,67.2,3.05,16971055,38134030675.4571
Corea del Sur,1975,22.8,65.5,3.31,35875743,144989060077.438
Costa Rica,1975,38,72,3.8,2092719,16581768341.0677
Costa de Marfil,1975,135.1,51.5,7.91,6776297,28682501841.5191
Croacia,1975,,70.5,1.95,4552730,78173009083.5421
Cuba,1975,24.7,73.5,2.82,9479726,58186408123.9374
Dinamarca,1975,10.3,74,1.91,5060400,127193481357.276
Dominica,1975,25.5,72,3.46,71570,246639047.4438
Ecuador,1975,82.5,63.8,5.43,7118251,46819629185.9288
Egipto,1975,143.7,54.6,5.75,38875327,113988255075.256
El Salvador,1975,95.6,60.8,5.71,4120449,20461355805.8867
Emiratos Arabes Unidos,1975,45.9,62.9,6.35,542856,40386945096.102
Eritrea,1975,123.9,36.6,6.59,1408210,1389486989.0419
Eslovenia,1975,,70,2.17,1817598,42777144028.9074
Espana,1975,20.4,73.4,2.77,35795769,580199061939.705
Estados Unidos,1975,16,72.6,1.82,219129301,5831919654593.12
Estonia,1975,,70.1,2.04,1423504,24045787232.991
Etiopia,1975,142.7,43.2,7.08,31723252,28993655235.9819
Filipinas,1975,54.4,64.4,5.6,42120826,145368283019.42
Finlandia,1975,10,71.9,1.68,4711168,96408178811.7325
Fiyi,1975,41.4,65.8,4.1,575906,3016943239.10254
Francia,1975,12.4,73.4,1.94,52746325,1184099871593.21
Gabon,1975,,53.2,5.39,662197,10880066894.629
Gambia,1975,114.4,53.2,6.43,606821,1273455150.53263
Georgia,1975,56.6,65.3,2.55,4979409,57861670949.626
Ghana,1975,111.5,51.7,6.76,10294308,23729895570.9668
Granada,1975,,68,3.75,98126,359834059.08632
Grecia,1975,28.5,74.4,2.42,9016967,143203636781.328
Guatemala,1975,102.9,54.2,6.41,6128731,37258562601.966
Guinea,1975,184.5,44.5,6.37,4653876,6928730612.1336
Guinea Ecuatorial,1975,,43.2,5.79,287901,544905886.91094
Guinea-Bisau,1975,,47,6.15,650966,1063722599.02378
Guyana,1975,54.6,62.6,4.45,745393,3779516518.39168
Haiti,1975,146,47.3,5.75,5099086,12767315784.6023
Honduras,1975,85,60.7,6.87,3193234,9648313486.20568
Hungria,1975,35.8,69.5,2.36,10515652,120621759633.254
India,1975,130.3,49.5,5.2,611309535,854751734587.343
Indonesia,1975,97.8,55.2,5.03,131843848,300276469366.253
Irak,1975,66.2,61.8,6.91,11543639,109498324898.378
Iran,1975,105.8,59,5.95,33802973,404473262406.744
Irlanda,1975,17,71.7,3.37,3180119,45588931840.47
Islandia,1975,10.3,75.2,2.64,218028,4593039765.77172
Islas Marshall,1975,57.5,56.9,7.83,26154,85155319.64916
Islas Salomon,1975,55.1,55.6,6.99,200744,259695398.43264
Israel,1975,22.4,72.3,3.61,3318089,56435329668.2373
Italia,1975,20.5,72.7,2.18,55166045,1110716985725.11
Jamaica,1975,37.8,70.6,4.44,2018981,14134558502.2818
Japon,1975,10,74.5,1.92,113321196,2043937482007.44
Jordania,1975,53.3,64.6,7.93,1899055,8653659135.4523
Kazajistan,1975,63.4,65.2,3.4,13700843,227633305580.467
Kenia,1975,80.7,57,7.8,13511671,28723927667.8955
Kiribati,1975,88.5,61,5.02,60987,464313151.03437
Kuwait,1975,40.5,68.2,6.06,1104863,69914908743.4629
Laos,1975,134,45,6.29,3005521,3445668730.5744
Lesoto,1975,114.6,53.7,5.83,1213643,1242820858.86665
Letonia,1975,,69.9,1.95,2455771,38371117285.7229
Libano,1975,45.4,67,4.52,2693191,22535652469.9209
Liberia,1975,174.2,47,6.74,1670913,8615208947.70222
Libia,1975,72.8,58.6,7.98,2571556,35608510360.6435
Liechtenstein,1975,,74.3,1.9,23198,
Lituania,1975,20.2,71,2.18,3295733,57104725908.3885
Luxemburgo,1975,14.2,70.9,1.56,353680,10946392760.2912
Macedonia del Norte,1975,,68,2.69,1797972,19872369321.9005
Madagascar,1975,99.5,50,6.97,7739336,15828449897.4395
Malasia,1975,34.2,65.9,4.5,11471914,57204588571.749
Malaui,1975,184,43.9,7.36,5287367,5050759124.45478
Maldivas,1975,137.2,54.2,7.32,143158,406303518.37342
Mali,1975,180.9,41.7,7.25,6837261,7563759090.38292
Malta,1975,19,71.9,2.15,333450,2189179361.3625
Marruecos,1975,109.9,54.8,6.3,17150786,49534586265.8162
Mauricio,1975,49.6,64.6,3.2,888023,4428638581.47812
Mauritania,1975,105.1,55.5,6.71,1277330,5061751183.3894
Mexico,1975,66.6,64.6,5.74,58982400,603001656115.2
"Micronesia, Estados Federados de",1975,,56.1,6.88,67428,224933639.68656
Moldavia,1975,44.9,63.8,2.52,3836946,49048327358.5094
Monaco,1975,,73.6,2.35,25500,2206971276.09
Mongolia,1975,,58.3,7.07,1488296,4229783354.29304
Montenegro,1975,,71.8,2.38,557151,6404317552.48194
Mozambique,1975,178,51.4,6.66,9540817,5688619017.87608
Myanmar,1975,109.1,46.1,5.25,30176565,30311637115.5339
Namibia,1975,63.4,53.7,6.53,881032,7430861925.22576
Nauru,1975,,55.9,3.97,6987,460376889.75279
Nepal,1975,159.9,50.7,5.73,13870695,15949540584.5809
Nicaragua,1975,100.3,60.5,6.45,2816943,21886882507.1615
Niger,1975,141.4,40.8,7.54,5317019,6800913292.55372
Nigeria,1975,144.4,48.4,6.77,63410815,222731135746.029
Noruega,1975,10.5,74.9,1.99,4007365,102241645687.376
Nueva Zelanda,1975,14.9,72.4,2.36,3094032,69139457943.8237
Oman,1975,114.2,59.2,7.71,778864,7529145701.98128
Paises Bajos,1975,10.5,74.4,1.67,13680035,338347922477.22
Pakistan,1975,129.4,57,6.81,69461175,116412315688.756
Palaos,1975,,61.8,4.9,12655,800373233.7805
Panama,1975,41.8,71.7,4.41,1732389,12450296937.0027
Papua Nueva Guinea,1975,86.9,57.2,6.07,2814820,7465958957.5014
Paraguay,1975,54.5,68.7,5.18,2691648,12289252428.6336
Peru,1975,91,65.3,5.71,15333957,114332141033.089
Polonia,1975,24.5,71.3,2.28,33964399,340999047927.552
Portugal,1975,36,69.1,2.75,9182302,111186217247.989
Reino Unido,1975,15.4,72.6,1.81,56220143,1117645502962.37
Republica Centroafricana,1975,126,46.7,5.88,2313916,3080661106.2458
Republica Checa,1975,,70.4,2.43,10030774,178178956372.948
Republica Democratica del Congo,1975,140.7,49.2,6.42,23021101,44589675963.5426
Republica Dominicana,1975,74.9,63.7,5.24,5046776,22012647786.906
Republica Eslovaca,1975,,70.3,2.54,4739166,69601842356.5636
Republica Kirguisa,1975,87.9,61.9,4.76,3381363,23811491464.0807
Republica del Congo,1975,79.2,47.8,6.36,1627032,6312300234.48552
Ruanda,1975,144.8,41,8.1,4607728,4495082689.27488
Rumania,1975,42.8,69.8,2.6,21268070,167394922461.706
Rusia,1975,29.9,68.5,2,134136098,2675676399749.94
Samoa,1975,,67.4,6.61,153344,606582555.64544
San Cristobal y Nieves,1975,49.2,65.3,3.68,43606,225265296.33398
San Marino,1975,,74.6,2.05,19046,728278246.51536
San Vicente y las Granadinas,1975,59,67.3,5.17,100387,312527579.0812
Santa Lucia,1975,36.3,66.8,5.36,110725,433161390.788
Santa Sede,1975,,,1,726,
Santo Tome y Principe,1975,58.9,60.9,6.53,86708,273086184.41796
Senegal,1975,108,49,7.25,5170810,13109731279.5777
Serbia,1975,,67.4,1.92,7572438,107761247545.713
Seychelles,1975,39.7,66.8,4.75,61218,361146829.47984
Sierra Leona,1975,177.5,45.2,6.55,2974657,6070298743.81231
Singapur,1975,14.3,70.1,2.08,2268523,29255325201.0237
Siria,1975,59.1,64.5,7.49,7554364,49472574057.8667
Somalia,1975,,52.4,7.03,4257535,5384406718.92105
Sri Lanka,1975,48.7,64.5,3.82,13548984,33163594906.289
Suazilandia,1975,101.6,48,6.71,507673,1605392259.35469
Sudafrica,1975,86.6,59.4,5.19,25690940,213793949894.536
Sudan,1975,91.3,50.5,6.87,14064798,26270922114.4055
Sudan del Sur,1975,,49.2,7.33,3821494,6082008626.65654
Suecia,1975,8.7,75,1.77,8192641,201809273238.171
Suiza,1975,11.2,74.9,1.61,6338600,207823576592.242
Surinam,1975,,68.3,4.63,391170,5490403245.0033
Tailandia,1975,57.6,64.3,4.36,40940005,131263949575.457
Tanzania,1975,118.2,52.7,7.1,16138361,19294229597.3208
Tayikistan,1975,106.7,63.2,6.69,3430425,23255818008.8947
Timor Oriental,1975,,43.7,5.19,598158,814442786.96418
Togo,1975,119.2,49.1,7.09,2574622,4713307741.39522
Tonga,1975,30.4,65.1,5.75,93017,154973438.73067
Trinidad y Tobago,1975,39.5,66.3,3.21,1053469,13374550739.5033
Tunez,1975,94.2,60.1,5.97,5839262,24336534566.773
Turkmenistan,1975,,62.6,6,2494570,24995768115.3388
Turquia,1975,108.8,61.9,5.09,41053126,275006644322.049
Tuvalu,1975,61.7,54.6,3.58,6117,20791550.56695
Ucrania,1975,25,70.5,2.05,48865229,698001019262.527
Uganda,1975,118.4,50.1,7.2,11725240,15035490644.6588
Uruguay,1975,49.4,69.5,3.02,2872320,27855228009.5232
Uzbekistan,1975,,66.4,5.92,13598521,98142911645.539
Vanuatu,1975,64.6,61.2,5.98,100269,245639234.84022
Venezuela,1975,41.7,67,4.69,13215892,172311732370.276
Vietnam,1975,51.8,61.4,5.62,46482903,56373985984.4991
Yemen,1975,181.2,51.5,8.37,8133598,17063532179.386
Yibuti,1975,,58.5,6.74,209908,1432722553.57248
Zambia,1975,96.3,49.7,7.42,4990086,11475473825.0887
Zimbabue,1975,70.3,59.3,6.83,6098658,21434972666.3324
Afganistan,1976,182.6,55.8,7.56,13059851,30317531343.5136
Albania,1976,60.8,70.1,4.37,2510580,10745121496.9278
Alemania,1976,16.5,72,1.49,78364505,1829405284772.52
Andorra,1976,,76.8,2.21,29436,1542636167.41608
Angola,1976,,45.2,7.49,7074664,26822372067.5252
Antigua y Barbuda,1976,,69.8,2.78,63762,430161348.29658
Arabia Saudita,1976,88.2,59.2,7.33,4807933,239713585083.596
Argelia,1976,124,55.9,7.41,16409170,101094940068.753
Argentina,1976,50.5,66.8,3.32,26282283,404689802110.986
Armenia,1976,70.8,68.8,2.84,2818165,24599411338.9126
Australia,1976,13.5,72.6,2.06,14046755,325863726074.471
Austria,1976,18.1,71.7,1.68,7564457,176673000453.788
Azerbaiyan,1976,,62.5,4.12,5791041,57509063988.2698
Bahamas,1976,26.9,67.6,3.3,214501,3771305923.29883
Banglades,1976,143.5,51,6.66,79855318,93177734024.1506
Barbados,1976,30,70.2,2.24,251442,2742834851.12088
Barein,1976,35,66.6,5.45,297863,4981724519.04979
Belgica,1976,14.9,72.2,1.74,9758901,234428646940.362
Belice,1976,57.3,69.5,6.25,133099,502515627.21235
Benin,1976,140.1,49.3,6.83,3532196,6296082819.54204
Bielorrusia,1976,,71.6,2.09,9380086,98856202663.7986
Bolivia,1976,124.5,54.7,5.74,5256496,26443788037.6555
Bosnia y Herzegovina,1976,,68.5,2.31,4004552,15339172215.659
Botsuana,1976,66.3,56,6.6,758508,1897577015.47512
Brasil,1976,87.3,63.9,4.34,110213349,931938824857.21
Brunei,1976,,67.3,4.78,163607,24937849345.6007
Bulgaria,1976,29,70.9,2.25,8759438,78534957614.4084
Burkina Faso,1976,131.9,46.9,6.95,6280635,5805209960.82405
Burundi,1976,144.8,46.9,7.25,3882626,3830118957.85266
Butan,1976,152.4,48.8,6.62,378490,453420785.6304
Cabo Verde,1976,73.3,63.7,6.71,309455,361514568.23175
Camboya,1976,166.4,26.6,3.41,6134991,11377721976.4908
Camerun,1976,114.2,49.9,6.45,7597962,15811780760.8502
Canada,1976,13.3,73.9,1.75,23455781,609447868832.322
Catar,1976,35.8,67.3,5.78,209052,21162240241.9884
Chad,1976,129.4,45.9,6.89,4251297,5882047297.29033
Chile,1976,48.8,66.9,3.08,10838251,72106905471.1195
China,1976,59.1,60.7,3.24,930372292,838181822534.118
Chipre,1976,,70.2,2.33,662032,5584321687.57232
Cisjordania y Gaza,1976,73.7,65.9,7.44,1316395,5266423875.01475
Colombia,1976,55.6,66.1,4.29,23858810,149354205152.633
Comoras,1976,133,56.4,7.16,297538,396416274.467
Corea del Norte,1976,40,67.6,2.84,17243450,39446899589.9335
Corea del Sur,1976,19.9,65.8,3.12,36379925,162067766999.093
Costa Rica,1976,33.2,72.7,3.75,2147774,17389909645.3843
Costa de Marfil,1976,129.7,52.1,7.88,7057958,32112219459.1233
Croacia,1976,,70.7,1.94,4571750,81806779931.945
Cuba,1976,23.1,73.5,2.51,9571242,59937392583.9358
Dinamarca,1976,9.7,74.1,1.75,5072805,134428525163.084
Dominica,1976,22.4,72.7,3.19,72017,265980476.84142
Ecuador,1976,79.5,64.4,5.28,7320912,50642274274.8466
Egipto,1976,138,55.4,5.73,39795557,130661741217.691
El Salvador,1976,92.7,61.3,5.59,4210310,21174060968.8335
Emiratos Arabes Unidos,1976,41.9,63.4,6.29,615866,46084336697.801
Eritrea,1976,121.6,37,6.6,1443807,1394201530.94013
Eslovenia,1976,,70.2,2.2,1834357,43846525382.9543
Espana,1976,20.4,73.7,2.76,36176280,601997447952.188
Estados Unidos,1976,15.2,72.9,1.79,221168758,6095560902992.74
Estonia,1976,,69.9,2.06,1434871,24601200891.4489
Etiopia,1976,143.1,42.9,7.13,32534418,29326508117.991
Filipinas,1976,54.3,63.9,5.51,43201488,156773312135.648
Finlandia,1976,9.4,72.1,1.7,4725337,95882804253.6891
Fiyi,1976,40.6,66,4.12,585534,3048625374.45384
Francia,1976,12,73.6,1.83,52959113,1227579141492.17
Gabon,1976,,54.3,5.46,677628,14590485890.8074
Gambia,1976,112.1,53.6,6.43,625667,1258466678.88004
Georgia,1976,55,65.6,2.51,5015921,58988004264.5406
Ghana,1976,108.7,52,6.7,10594913,22976827807.9563
Granada,1976,,68.2,3.6,97632,393191435.1312
Grecia,1976,27.3,74.4,2.42,9160209,152966121238.235
Guatemala,1976,99.9,48.6,6.37,6262404,39692333149.2251
Guinea,1976,181.9,44.5,6.4,4727022,7527383479.80276
Guinea Ecuatorial,1976,,43.8,5.79,281031,559644357.75444
Guinea-Bisau,1976,136.3,47.2,6.19,694191,1139429134.06509
Guyana,1976,54.4,62.6,4.28,752253,3857731479.89775
Haiti,1976,142.6,47.6,5.71,5198357,13877034596.9937
Honduras,1976,81.7,61.4,6.81,3294457,10592969133.7492
Hungria,1976,32.5,69.6,2.25,10573772,122722600260.354
India,1976,127.2,50,5.13,625861883,860595894683.326
Indonesia,1976,95.1,55.8,4.92,135173655,320915686472.624
Irak,1976,63.6,63.8,6.86,11927651,132059848655.039
Iran,1976,100.5,59.6,6.07,34837271,475636468082.168
Irlanda,1976,16.2,71.9,3.29,3228401,46060932107.6655
Islandia,1976,9.8,75.7,2.52,220190,4842022285.5273
Islas Marshall,1976,56.7,57.4,7.76,27021,85054067.09082
Islas Salomon,1976,51.9,57.4,6.95,207194,295156828.64408
Israel,1976,20.3,72.8,3.62,3398267,56498904362.1944
Italia,1976,18.7,72.9,2.06,55459416,1182642940543.89
Jamaica,1976,36.7,70.9,4.21,2045578,13186041318.7273
Japon,1976,9.4,74.9,1.84,114502795,2106276317101.61
Jordania,1976,51.2,65.1,7.83,1958177,10228458292.495
Kazajistan,1976,62.4,65.3,3.33,13998738,232074175364.82
Kenia,1976,78.4,57.5,7.77,13957623,29759376700.3216
Kiribati,1976,87.7,61.5,4.96,60661,329753675.2219
Kuwait,1976,38.2,68.6,5.9,1178711,75773171177.4957
Laos,1976,132.6,45.5,6.29,3064876,3564161923.437
Lesoto,1976,110.4,54,5.87,1253214,1437307051.12236
Letonia,1976,,69.8,1.91,2470537,39019514059.8787
Libano,1976,44.6,44,4.39,2726469,9742700743.34292
Liberia,1976,171.3,47.3,6.79,1717060,8999564008.3336
Libia,1976,69,59.6,7.93,2721237,45172731652.9567
Liechtenstein,1976,,74.6,1.91,23587,
Lituania,1976,20.1,70.9,2.17,3324568,58115375260.4017
Luxemburgo,1976,13.4,71.2,1.5,355872,11231176287.9254
Macedonia del Norte,1976,,68.4,2.62,1825830,20833882897.2525
Madagascar,1976,100.8,50.2,6.95,7976831,15313699594.4228
Malasia,1976,32.4,66.4,4.4,11750097,63836524709.0344
Malaui,1976,177.5,43.9,7.39,5443384,5264877584.34048
Maldivas,1976,130.3,54.5,7.29,147525,406561233.88125
Mali,1976,176.9,42,7.27,6960979,8531833407.54967
Malta,1976,17.9,72.1,2.13,335286,2553830991.32238
Marruecos,1976,107.1,55.5,6.18,17574182,54629720131.5275
Mauricio,1976,44.1,64.9,3.13,899852,5325264502.80796
Mauritania,1976,103.6,55.8,6.73,1315336,5514537446.16896
Mexico,1976,64.7,65.1,5.54,60645512,628346022993.894
"Micronesia, Estados Federados de",1976,,56.7,6.82,69049,226181028.00628
Moldavia,1976,43.8,64.1,2.47,3881030,50173628513.9298
Monaco,1976,,73.9,2.33,25895,2378761584.9691
Mongolia,1976,,58.5,6.93,1531945,4453692579.32745
Montenegro,1976,,71.9,2.35,562630,6821123381.9058
Mozambique,1976,177.2,51.4,6.64,9867209,5789264196.4575
Myanmar,1976,106.8,46.7,5.16,30758811,31717178653.7325
Namibia,1976,63.6,54.3,6.49,906566,7524851542.0532
Nauru,1976,,56.2,3.9,7064,445347988.75528
Nepal,1976,156.2,50.7,5.72,14177649,16569185305.7504
Nicaragua,1976,95.9,61.1,6.37,2903851,23062296713.3917
Niger,1976,140.5,40.8,7.56,5464962,6839687236.05234
Nigeria,1976,139.9,48.9,6.81,65258009,244234602948.257
Noruega,1976,9.9,75.1,1.87,4026220,108135851380.535
Nueva Zelanda,1976,14.4,72.5,2.27,3126633,69982731544.8158
Oman,1976,107.1,60.3,7.74,814701,8603177335.03794
Paises Bajos,1976,10.1,74.6,1.63,13786637,352820180625.062
Pakistan,1976,127.7,57.4,6.81,71620254,121904066564.277
Palaos,1976,,62.1,4.53,12598,578412572.02706
Panama,1976,40.3,72.4,4.26,1776935,12638577558.2008
Papua Nueva Guinea,1976,84.6,57.7,6.02,2877327,7274824692.8598
Paraguay,1976,53.6,69.1,5.12,2758836,13180870286.6369
Peru,1976,88.9,66.9,5.58,15716809,115038892714.533
Polonia,1976,23.9,71.1,2.31,34296607,356978823353.329
Portugal,1976,32.7,69.3,2.81,9310256,117902987455.708
Reino Unido,1976,14.7,72.7,1.74,56201138,1138115486475.39
Republica Centroafricana,1976,124.2,46.9,5.94,2348566,3165230013.41514
Republica Checa,1976,,70.6,2.39,10092938,186254749831.515
Republica Democratica del Congo,1976,138.9,49.5,6.44,23624031,42232987567.3433
Republica Dominicana,1976,72.6,64.1,5.05,5180404,23502382683.8147
Republica Eslovaca,1976,,70.4,2.54,4788510,70859264498.9943
Republica Kirguisa,1976,86.1,62.3,4.68,3447005,24139818713.8521
Republica del Congo,1976,77.6,48.4,6.32,1667225,6592467503.6885
Ruanda,1976,147.5,41.3,8.12,4745954,5282354297.8581
Rumania,1976,41,69.8,2.55,21497683,181170613127.173
Rusia,1976,29.2,68.2,1.99,135080690,2780789947007.55
Samoa,1976,,67.7,6.47,157113,671769397.41615
San Cristobal y Nieves,1976,47.8,65.2,3.59,43482,236743115.11362
San Marino,1976,,74.8,1.95,19110,780129891.8049
San Vicente y las Granadinas,1976,57.3,67.8,4.95,101197,343120319.1475
Santa Lucia,1976,33.4,67.2,5.16,112425,515893891.67475
Santa Sede,1976,,,1,734,
Santo Tome y Principe,1976,59.2,61.4,6.52,88922,276007121.92502
Senegal,1976,104.3,49.3,7.26,5308564,14247513977.2258
Serbia,1976,,67.6,1.91,7622703,114049521328.606
Seychelles,1976,36.6,67.4,4.09,62743,421256323.18245
Sierra Leona,1976,175.3,45.4,6.55,3028820,6011304324.1468
Singapur,1976,13,70.5,2.09,2300743,31466608415.9286
Siria,1976,56.4,64.9,7.45,7817320,54001525848.3148
Somalia,1976,,52.6,7.02,4365812,4912300814.43332
Sri Lanka,1976,47.3,65.3,3.78,13796770,34021415684.2378
Suazilandia,1976,97.7,48.6,6.7,523330,1807892944.9183
Sudafrica,1976,82.6,59.8,5.07,26395450,218681889402.851
Sudan,1976,90.6,50.8,6.82,14569716,30920227193.8728
Sudan del Sur,1976,,49.2,7.33,3921910,5544805260.7357
Suecia,1976,8.3,75.1,1.68,8222395,202817943483.596
Suiza,1976,10.4,75.1,1.55,6302555,206339723273.074
Surinam,1976,,68.4,4.45,388289,6001998045.32196
Tailandia,1976,55.2,65.6,4.12,41896504,142291240520.073
Tanzania,1976,116.1,53.2,7.09,16736211,20696308979.314
Tayikistan,1976,104.3,63.6,6.6,3540076,23421918906.8615
Timor Oriental,1976,,45.7,5.12,607620,863570658.795
Togo,1976,116.6,49.7,7.06,2637796,4669274120.10304
Tonga,1976,29,65.3,5.73,95325,157798630.45425
Trinidad y Tobago,1976,38.5,66.6,3.14,1066311,14233577411.1736
Tunez,1976,88.6,60.9,5.87,5996994,26142195974.8102
Turkmenistan,1976,,62.8,5.9,2558521,25177508169.1226
Turquia,1976,105.2,62.2,4.93,41899984,300352513837.872
Tuvalu,1976,59.5,54.9,3.55,6404,21640161.83724
Ucrania,1976,24.6,70.3,2.04,49120842,715147828111.765
Uganda,1976,120.9,50.4,7.19,12037294,14960343565.6973
Uruguay,1976,48.6,69.6,3.01,2891392,28880669425.7088
Uzbekistan,1976,,66.4,5.75,13998620,98705872881.9486
Vanuatu,1976,62.3,61.6,5.89,103388,249532052.60436
Venezuela,1976,40.5,67.5,4.59,13606284,184011051734.168
Vietnam,1976,50.9,63.8,5.46,47684931,63894043291.5469
Yemen,1976,173.1,52.2,8.42,8384113,19415465830.839
Yibuti,1976,131,58.8,6.69,230737,1592453235.52757
Zambia,1976,95.3,50.3,7.39,5143842,11966784486.1785
Zimbabue,1976,70.1,59.2,6.77,6287105,21399537737.5582
Afganistan,1977,178.7,55.9,7.59,13340756,29006171151.0371
Albania,1977,58.6,70.5,4.2,2566599,11059796993.8466
Alemania,1977,15.5,72.6,1.5,78185559,1877455761121.22
Andorra,1977,,77.1,2.03,31097,1632432225.75103
Angola,1977,,45.5,7.48,7317829,27656993336.244
Antigua y Barbuda,1977,,69.9,2.78,63862,458781867.68158
Arabia Saudita,1977,83.4,60,7.3,5083048,270106121294.881
Argelia,1977,119,56.9,7.31,17015994,111522126850.086
Argentina,1977,47.2,67.8,3.36,26701805,428678144498
Armenia,1977,68.3,69.2,2.74,2912827,24963846328.662
Australia,1977,12.7,73.1,2.02,14203508,326965486492.872
Austria,1977,16.6,72,1.62,7567336,184857479631.268
Azerbaiyan,1977,,62.8,3.98,5937641,59153637903.6246
Bahamas,1977,26.6,67.7,3.17,219157,4081894079.15339
Banglades,1977,141.4,51.3,6.58,81867264,94633203883.607
Barbados,1977,28.3,71.3,2.2,251626,2812313058.88114
Barein,1977,32.6,67.2,5.29,312823,5558032297.38169
Belgica,1977,14.1,72.6,1.73,9774014,234880680714.034
Belice,1977,55.6,69.8,6.2,135887,523573051.27388
Benin,1977,136.7,49.6,6.83,3623202,6533076287.37258
Bielorrusia,1977,,71.4,2.06,9434943,100969460114.686
Bolivia,1977,121.3,55.5,5.67,5379166,27566717915.9785
Bosnia y Herzegovina,1977,,68.8,2.2,4042124,16319078013.3756
Botsuana,1977,63.2,56.7,6.54,799574,2116066914.0246
Brasil,1977,84.7,64.7,4.27,112875292,974631752417.482
Brunei,1977,,67.7,4.58,169277,27459659906.4963
Bulgaria,1977,28.1,70.8,2.21,8804686,80041537970.7704
Burkina Faso,1977,127.4,47.2,7.05,6428734,6166024363.67606
Burundi,1977,143,47.3,7.25,3983582,4162649866.76554
Butan,1977,147.8,49.4,6.61,391639,487374182.28528
Cabo Verde,1977,69.5,64.3,6.65,312834,340777086.80994
Camboya,1977,155.4,26.4,2.72,5668551,10418673163.5882
Camerun,1977,113.9,50.1,6.51,7796501,17276708861.4017
Canada,1977,12.5,74.2,1.73,23730340,626565632089.523
Catar,1977,34,67.6,5.69,225285,19776646295.5019
Chad,1977,128.8,46,6.9,4331667,5447286493.03323
Chile,1977,41.7,67.7,2.98,11005519,78550608288.819
China,1977,55.8,61.5,2.84,943546375,865897980906.475
Chipre,1977,,70.9,2.09,667101,6509158942.68948
Cisjordania y Gaza,1977,69.8,66.4,7.38,1352713,5154888643.11714
Colombia,1977,52.8,67.1,4.16,24393494,154750418852.639
Comoras,1977,129.6,57,7.15,307579,401819117.13859
Corea del Norte,1977,38,67.9,2.77,17492798,40796502328.423
Corea del Sur,1977,17.4,65.9,2.95,36843637,179685034907.303
Costa Rica,1977,28.1,73.3,3.7,2205025,18831686074.6092
Costa de Marfil,1977,124.7,52.5,7.83,7321950,33517026780.2325
Croacia,1977,,71,1.95,4590623,89089273882.7249
Cuba,1977,20.8,73.5,2.21,9648440,62819872849.0848
Dinamarca,1977,9.2,74.4,1.66,5088572,136214916896.223
Dominica,1977,19.9,73.3,3.02,72406,274886985.25764
Ecuador,1977,76.5,64.9,5.13,7526819,52388255172.9461
Egipto,1977,132.1,56,5.68,40748870,143720584391.36
El Salvador,1977,89.6,61.5,5.47,4301256,22359041465.9398
Emiratos Arabes Unidos,1977,38.2,63.9,6.22,710209,54835677269.2946
Eritrea,1977,119.5,37.5,6.61,1482565,1403339068.8527
Eslovenia,1977,,70.3,2.17,1851321,47155604183.6163
Espana,1977,19.7,74.1,2.65,36551270,619430511779.35
Estados Unidos,1977,14.5,73.3,1.83,223259419,6325646806949.52
Estonia,1977,,69.7,2.06,1446564,25172767176.0323
Etiopia,1977,143.4,43.1,7.19,33167272,29320961309.6124
Filipinas,1977,54.2,64.3,5.44,44367962,164351154177.851
Finlandia,1977,8.7,72.6,1.68,4738584,95662495030.3829
Fiyi,1977,39.5,66.1,4.11,597805,3200294565.61815
Francia,1977,11.5,74.1,1.87,53197137,1264407985555.94
Gabon,1977,,55.2,5.52,693984,12831795888.9485
Gambia,1977,109.8,54.1,6.43,645770,1280280735.2843
Georgia,1977,53.5,66.1,2.44,5053551,60146382551.8603
Ghana,1977,106,52.3,6.64,10911871,23635231307.1565
Granada,1977,,68.4,3.46,97017,417170418.45012
Grecia,1977,25.9,74.6,2.38,9282021,157452874417.657
Guatemala,1977,96.8,56.8,6.32,6401515,42468697477.7783
Guinea,1977,179.1,44.7,6.43,4801128,7319801189.1384
Guinea Ecuatorial,1977,,44.3,5.8,276779,582343201.44193
Guinea-Bisau,1977,135.3,47.3,6.25,741789,1115258457.31992
Guyana,1977,54.1,62.7,4.12,758654,3746060486.47454
Haiti,1977,139.2,47.8,5.67,5299476,13971600053.3164
Honduras,1977,78.5,62.2,6.73,3398655,11615323196.3925
Hungria,1977,29.4,69.6,2.16,10623139,130449660043.16
India,1977,124,50.6,5.01,640801103,918001144611.7
Indonesia,1977,92.5,56.4,4.81,138533541,344377149353.5
Irak,1977,61.2,64.1,6.8,12331046,135264469224.674
Iran,1977,95,59.9,6.18,35933181,465126372411.148
Irlanda,1977,15.2,72.1,3.24,3277756,49728771823.6956
Islandia,1977,9.2,76,2.32,221834,5236991906.04416
Islas Marshall,1977,55.9,57.7,7.67,27906,87024004.56486
Islas Salomon,1977,48.9,57.5,6.92,214418,338833521.32008
Israel,1977,18.6,73.1,3.47,3479618,56446727999.1511
Italia,1977,17.3,73.3,1.94,55714555,1211030814073.02
Jamaica,1977,35.6,71.3,4,2070657,12837949657.5377
Japon,1977,8.8,75.5,1.79,115574277,2179276850320.43
Jordania,1977,49.1,65.7,7.72,2019002,10919474029.6445
Kazajistan,1977,61.4,65.4,3.26,14353265,237431343047.612
Kenia,1977,76,57.9,7.73,14428819,32395677340.3944
Kiribati,1977,87.2,61.3,4.96,60267,304277808.07917
Kuwait,1977,36,69.1,5.71,1258023,74183270587.734
Laos,1977,131.2,45.9,6.29,3118923,3500844041.46978
Lesoto,1977,106.2,54.5,5.85,1289967,1668473683.62318
Letonia,1977,,69.7,1.87,2484608,39666354473.8406
Libano,1977,43.6,74.5,4.28,2762155,18004039656.4847
Liberia,1977,168.3,47.4,6.84,1766019,9062352300.03759
Libia,1977,65.6,60.3,7.87,2881533,51609123918.9243
Liechtenstein,1977,,74.8,1.92,23971,
Lituania,1977,19.7,70.8,2.13,3353247,59136710943.8892
Luxemburgo,1977,12.8,71.6,1.51,358245,11439574436.1353
Macedonia del Norte,1977,,68.7,2.49,1853138,22227013169.0267
Madagascar,1977,101.9,50.4,6.93,8222240,15657411420.456
Malasia,1977,30.5,66.9,4.28,12035713,68641937082.3294
Malaui,1977,170.6,43.8,7.41,5614983,5476579733.23164
Maldivas,1977,123.7,55,7.27,151930,450313485.641
Mali,1977,172.8,42.3,7.3,7090979,9073234737.36127
Malta,1977,17,72.1,2.14,337161,2850241664.19531
Marruecos,1977,104,56.2,6.04,18014756,57355624072.5962
Mauricio,1977,39.5,65.2,3.07,912147,5578222053.37701
Mauritania,1977,102,56,6.74,1353768,5609879161.04928
Mexico,1977,62.8,65.7,5.36,62308493,649060514521.083
"Micronesia, Estados Federados de",1977,,57.2,6.74,70753,230750863.98906
Moldavia,1977,42.6,64.5,2.42,3925583,51324256882.9494
Monaco,1977,,74.1,2.31,26273,2541987911.7984
Mongolia,1977,,58.7,6.79,1576245,4867589243.52855
Montenegro,1977,,72,2.31,568093,7653738403.28452
Mozambique,1977,176.4,51.2,6.62,10224975,5726119026.92475
Myanmar,1977,104.3,47.2,5.07,31355966,33203883762.94
Namibia,1977,63.7,54.8,6.44,931104,7544158688.22912
Nauru,1977,,56.5,3.86,7163,432551262.77051
Nepal,1977,152.3,50.9,5.69,14499175,16990902736.2172
Nicaragua,1977,91.3,61.6,6.28,2992534,24581255934.8336
Niger,1977,138.9,40.8,7.6,5619716,7361536409.13392
Nigeria,1977,135.8,49.4,6.86,67234590,260686313855.853
Noruega,1977,9.3,75.3,1.76,4043262,112615846394.271
Nueva Zelanda,1977,13.9,72.7,2.21,3140133,66593831248.2559
Oman,1977,100.1,60.7,7.78,855314,9384917477.90114
Paises Bajos,1977,9.7,75,1.58,13868604,359227728287.678
Pakistan,1977,126.1,57.7,6.8,73901827,126434736753.907
Palaos,1977,,62.4,4.09,12525,545733714.852
Panama,1977,39,73,4.12,1821543,12739091848.3645
Papua Nueva Guinea,1977,82.5,58.1,5.96,2940327,7394941546.52877
Paraguay,1977,52.6,69.5,5.08,2827874,14641035413.1748
Peru,1977,87,67.4,5.44,16109806,114341152222.174
Polonia,1977,23.3,71.1,2.25,34628512,371634198473.699
Portugal,1977,29.5,70.1,2.68,9438167,124590087010.245
Reino Unido,1977,14.1,73.1,1.69,56175829,1156336345239.54
Republica Centroafricana,1977,122.6,47.2,5.99,2372930,3349453126.7883
Republica Checa,1977,,70.6,2.34,10149365,193613472033.645
Republica Democratica del Congo,1977,137.1,49.7,6.45,24229061,42594118643.6134
Republica Dominicana,1977,70.3,64.6,4.84,5315443,24668359474.4373
Republica Eslovaca,1977,,70.5,2.49,4837712,74224218348.0794
Republica Kirguisa,1977,84.5,62.7,4.59,3514121,24474063936.8462
Republica del Congo,1977,76,48.9,6.27,1707568,6088289597.51856
Ruanda,1977,148,41.5,8.14,4888240,5455428939.6768
Rumania,1977,39.3,69.6,2.57,21700178,191092420643.358
Rusia,1977,28.7,68.1,1.98,136040976,2889693914816.29
Samoa,1977,,68,6.31,159753,670550761.55859
San Cristobal y Nieves,1977,46.6,65.3,3.48,43358,249510742.52384
San Marino,1977,,74.9,1.87,20017,832133234.34353
San Vicente y las Granadinas,1977,55,68.1,4.75,101999,350950206.33797
Santa Lucia,1977,31,67.7,4.97,114135,566198371.9203
Santa Sede,1977,,,1,736,
Santo Tome y Principe,1977,59.4,61.8,6.5,91301,338839444.82276
Senegal,1977,100.7,49.6,7.27,5439549,13758746611.0319
Serbia,1977,,67.9,1.9,7671484,124008955366.927
Seychelles,1977,33.5,67.9,3.75,64104,457459798.152
Sierra Leona,1977,173.2,45.6,6.57,3085354,6047723136.15556
Singapur,1977,12.3,70.7,1.83,2331545,33749328843.449
Siria,1977,53.9,65.2,7.42,8090501,52457767964.6664
Somalia,1977,,55.5,7,4484050,5110499451.5885
Sri Lanka,1977,45.6,66.3,3.74,14049371,35541290214.499
Suazilandia,1977,93.9,49.2,6.68,540348,1819070459.46252
Sudafrica,1977,78.6,60.1,4.94,27118952,218332337305.031
Sudan,1977,89.8,51.3,6.78,15086614,34258923702.6933
Sudan del Sur,1977,,49.2,7.33,4024032,5753837766.76128
Suecia,1977,8,75.4,1.64,8251695,198448201840.016
Suiza,1977,9.8,75.4,1.53,6281359,211139350877.884
Surinam,1977,,68.6,4.26,385067,6612865974.30622
Tailandia,1977,52.9,66,3.87,42843974,155180579061.459
Tanzania,1977,114,53.6,7.07,17352929,21082865429.7796
Tayikistan,1977,102.5,64.1,6.49,3653265,23589419763.0861
Timor Oriental,1977,,46.2,5.09,618315,917035843.63515
Togo,1977,114.1,50.2,7.03,2701894,4905583117.48388
Tonga,1977,27.7,65.5,5.7,96725,164102691.93125
Trinidad y Tobago,1977,37.4,66.9,3.12,1079554,15107762931.5378
Tunez,1977,83.2,61.7,5.68,6155931,26930976542.0524
Turkmenistan,1977,106.2,63,5.77,2623948,25358989950.8415
Turquia,1977,101.5,62.7,4.78,42773298,311064154686.979
Tuvalu,1977,57.2,55.1,3.56,6686,22944776.04294
Ucrania,1977,24.2,70.1,1.98,49336481,732102843669.241
Uganda,1977,123.3,50.7,7.18,12359669,15050397739.3288
Uruguay,1977,46.5,69.8,2.9,2909461,29169829313.5443
Uzbekistan,1977,,66.5,5.54,14408822,99260567027.1919
Vanuatu,1977,59.9,62,5.81,106618,246344834.93218
Venezuela,1977,39.2,68.1,4.49,14006812,193002408846.353
Vietnam,1977,49.8,64.2,5.29,48954872,69237380683.879
Yemen,1977,164.6,52.8,8.47,8648222,21250492997.0623
Yibuti,1977,127.6,59.1,6.64,254613,1420629279.21126
Zambia,1977,95.1,50.8,7.35,5302480,11489606515.1976
Zimbabue,1977,69.8,59.1,6.71,6449512,19939472923.9707
Afganistan,1978,174.5,53.7,7.6,13611441,31377091343.1406
Albania,1978,73,70.8,4,2624621,11419058818.588
Alemania,1978,14.4,72.7,1.49,78115360,1925339029717.16
Andorra,1978,,77.4,1.88,32735,1700431597.58345
Angola,1978,,45.8,7.47,7576734,28024740602.428
Antigua y Barbuda,1978,,70.2,2.57,64038,472894305.89934
Arabia Saudita,1978,79,60.8,7.26,5381902,273403927863.856
Argelia,1978,113.6,57.9,7.21,17506974,124406387423.062
Argentina,1978,43.8,69.1,3.36,27132158,411593500058.575
Armenia,1978,65.9,69.6,2.62,3012807,25351673429.7941
Australia,1978,12,73.6,1.96,14367098,336367541658.411
Austria,1978,15.5,72.2,1.6,7561204,183845078910.471
Azerbaiyan,1978,,63.2,3.82,6075078,60716572086.2929
Bahamas,1978,26.2,67.9,3.05,223761,4615886276.35959
Banglades,1978,139.1,51.6,6.51,83889655,101123425607.339
Barbados,1978,26.7,71.7,1.84,251551,2917232509.64036
Barein,1978,30.4,66.8,5.12,328046,5824907015.78098
Belgica,1978,13.5,72.8,1.71,9791817,240623227344.434
Belice,1978,53.8,70,6.11,138713,564502167.69803
Benin,1978,133.6,49.9,6.82,3718305,6466308308.00955
Bielorrusia,1978,,71.2,2.03,9485805,103080993464.765
Bolivia,1978,118.1,56.1,5.61,5504123,28212142335.7214
Bosnia y Herzegovina,1978,,69.1,2.08,4078240,17135240849.536
Botsuana,1978,60.2,57.3,6.48,849239,2403695577.0768
Brasil,1978,82,65.2,4.2,115600942,1019768188752.01
Brunei,1978,,68,4.39,174884,29121082341.366
Bulgaria,1978,26.8,70.9,2.15,8813746,82453128736.2447
Burkina Faso,1978,123.4,47.6,7.15,6590984,6830086444.7648
Burundi,1978,140,47.6,7.26,4100338,4350342619.43798
Butan,1978,143.3,50,6.58,405243,520778334.48291
Cabo Verde,1978,66.4,64.8,6.56,316147,369924891.41829
Camboya,1978,143.3,26.1,3.34,5211653,10366338254.9215
Camerun,1978,113,50.4,6.55,8011921,19649623869.238
Canada,1978,11.8,74.5,1.68,23978738,646901582456.579
Catar,1978,32.4,67.8,5.58,241808,22056783765.501
Chad,1978,128.1,46.1,6.89,4411366,5427932209.455
Chile,1978,35.6,68.5,2.89,11172695,84282596069.0843
China,1978,52.9,62,2.72,956161485,944248162292.798
Chipre,1978,,71.2,2.08,672249,7020652289.73546
Cisjordania y Gaza,1978,66,66.9,7.33,1389496,5753691927.13744
Colombia,1978,50,68,4,24950337,167157179211.369
Comoras,1978,126.2,57.6,7.16,317688,412928667.17592
Corea del Norte,1978,36,68.3,2.79,17735995,42183673960.2119
Corea del Sur,1978,15.4,66.2,2.7,37281935,196602292072.9
Costa Rica,1978,23.9,73.9,3.66,2264510,19799315396.4159
Costa de Marfil,1978,120.2,53.1,7.67,7603130,36767787885.4073
Croacia,1978,,71.1,1.96,4609020,96216628554.7662
Cuba,1978,18.7,73.6,1.88,9711980,66878009184.9722
Dinamarca,1978,8.8,74.4,1.66,5104343,138253914318.889
Dominica,1978,17.9,73.8,2.96,72724,307205206.41632
Ecuador,1978,73.6,65.2,4.99,7736167,55450558399.7581
Egipto,1978,126,57.1,5.63,41761431,154290161376.234
El Salvador,1978,86.2,61.5,5.36,4394114,23707095818.3527
Emiratos Arabes Unidos,1978,34.8,64.3,6.15,809274,54111489925.8893
Eritrea,1978,117.5,38,6.61,1522378,1334029256.82598
Eslovenia,1978,,70.4,2.2,1868518,51260713893.0024
Espana,1978,18.4,74.4,2.54,36904967,631074559269.337
Estados Unidos,1978,13.8,73.5,1.8,225396096,6628250340126.37
Estonia,1978,,69.6,2.02,1458224,25754468395.5262
Etiopia,1978,143.7,43.2,7.23,33734592,28304867732.3136
Filipinas,1978,54,65,5.39,45575281,171645973776.111
Finlandia,1978,8.1,73,1.64,4752246,97641573874.5001
Fiyi,1978,38.2,66.2,4.1,612091,3264728325.29912
Francia,1978,11,74.3,1.83,53429668,1300287963465.88
Gabon,1978,79,55.9,5.57,711245,9802934776.47755
Gambia,1978,107.6,54,6.42,667103,1347559901.07825
Georgia,1978,52,66.5,2.42,5091796,61331515837.8256
Ghana,1978,103.8,52.7,6.56,11248450,25862911936.9505
Granada,1978,,68.6,3.35,96305,440279525.4176
Grecia,1978,24.3,75,2.37,9389967,167953624744.87
Guatemala,1978,93.7,57.9,6.26,6561534,44380847371.2383
Guinea,1978,176.2,45.1,6.44,4877854,7858692385.00458
Guinea Ecuatorial,1978,,44.8,5.8,276531,540855894.0069
Guinea-Bisau,1978,134.2,47.4,6.32,791694,1330173628.15914
Guyana,1978,53.8,60.2,3.97,764586,3667424171.76324
Haiti,1978,135.8,48.1,5.64,5402580,14674225122.5604
Honduras,1978,75.3,63,6.63,3505463,12676796382.1499
Hungria,1978,27.1,69.4,2.08,10660188,134784808843.802
India,1978,120.7,51.6,4.89,655728229,960909195883.963
Indonesia,1978,90,57,4.73,141953163,362877117695.47
Irak,1978,58.9,64.4,6.73,12753355,160084585581.867
Iran,1978,89.4,58.4,6.34,37126535,406995357391.688
Irlanda,1978,14.2,72.2,3.21,3329183,53239245909.9387
Islandia,1978,8.7,76.2,2.35,223572,5521061307.20988
Islas Marshall,1978,55.1,58.1,7.58,28809,91852400.1879
Islas Salomon,1978,46.3,58.1,6.87,222029,370266131.20069
Israel,1978,17.2,73.4,3.25,3560396,59040734612.8463
Italia,1978,16.1,73.7,1.84,55938965,1249068773406.54
Jamaica,1978,34.7,71.8,3.84,2094836,12862191168.1253
Japon,1978,8.3,75.9,1.79,116576944,2274003534694.4
Jordania,1978,47.2,66.3,7.59,2083595,12769398155.8251
Kazajistan,1978,60.3,65.6,3.16,14711497,242825129280.389
Kenia,1978,73.7,58.5,7.67,14934126,35224060582.4764
Kiribati,1978,86.8,62.3,4.97,59864,296981198.52688
Kuwait,1978,33.9,69.7,5.52,1340319,80945037226.54
Laos,1978,139.6,46.3,6.3,3171740,3539764984.9848
Lesoto,1978,101.8,55.1,5.82,1327240,1969806867.8584
Letonia,1978,,69.6,1.85,2497362,40301371297.1642
Libano,1978,42.6,74.5,4.18,2822682,17779209499.8643
Liberia,1978,165.7,47.6,6.88,1818247,9562206974.6491
Libia,1978,62.5,61.7,7.79,3052526,55623836866.4562
Liechtenstein,1978,,74.7,1.9,24348,
Lituania,1978,19.3,70.6,2.08,3380074,60138643143.2246
Luxemburgo,1978,12.2,72,1.49,361046,11958515614.3499
Macedonia del Norte,1978,,68.9,2.42,1879847,24121245557.8134
Madagascar,1978,103,50.6,6.9,8475864,15220046178.6478
Malasia,1978,28.8,67.4,4.18,12328157,73576857787.8983
Malaui,1978,163.8,44.1,7.43,5810132,5923069345.816
Maldivas,1978,117.7,53.4,7.23,156159,513408101.25258
Mali,1978,168.7,42.7,7.32,7229651,8874409977.35435
Malta,1978,16.2,72.2,2.06,339061,3129468259.17717
Marruecos,1978,100.7,57,5.91,18477385,58537860293.4606
Mauricio,1978,36.3,65.7,3.01,925277,5696741020.02871
Mauritania,1978,100.1,56.2,6.73,1392713,5291386713.71037
Mexico,1978,60.7,66.4,5.2,63979046,704653041910.079
"Micronesia, Estados Federados de",1978,,57.7,6.65,72754,242338480.49246
Moldavia,1978,41.6,64.9,2.39,3970294,52496599004.577
Monaco,1978,,74.3,2.28,26605,2722971713.9765
Mongolia,1978,121.8,58.8,6.62,1619468,5297994564.00712
Montenegro,1978,,72.1,2.25,573516,8179962385.9878
Mozambique,1978,175.7,51.3,6.59,10618250,5681889921.595
Myanmar,1978,101.9,47.7,4.99,31972976,34847513761.0645
Namibia,1978,63.7,55.3,6.38,947269,7733321349.91914
Nauru,1978,,56.7,3.84,7298,422357955.6853
Nepal,1978,148.3,51.1,5.68,14839695,17663191086.7327
Nicaragua,1978,86.7,59.9,6.16,3080314,22985896428.8858
Niger,1978,137.2,40.8,7.66,5782932,8348748839.26416
Nigeria,1978,132.2,49.7,6.92,69326532,251496876463.359
Noruega,1978,8.8,75.4,1.77,4058673,116703852357.6
Nueva Zelanda,1978,13.5,73.1,2.08,3142244,66459041318.1136
Oman,1978,92.9,61.5,7.82,900304,10180108478.324
Paises Bajos,1978,9.3,75.2,1.58,13953921,366068027540.788
Pakistan,1978,124.7,58.1,6.78,76307379,136243919419.508
Palaos,1978,,62.8,3.74,12440,545150555.858
Panama,1978,37.9,73.5,3.98,1866311,14004738152.6898
Papua Nueva Guinea,1978,80.6,58.5,5.88,3003714,8085138214.79322
Paraguay,1978,51.6,70,5.04,2899269,16315218715.7859
Peru,1978,85.5,67.1,5.31,16516059,111894657863.575
Polonia,1978,22.5,71,2.23,34934213,386886236132.174
Portugal,1978,26.8,70.9,2.45,9556395,128084143916.938
Reino Unido,1978,13.4,73.1,1.75,56175556,1193641414392.63
Republica Centroafricana,1978,121,47.4,6.04,2397961,3317337688.72535
Republica Checa,1978,,70.6,2.33,10200749,202757125436.795
Republica Democratica del Congo,1978,135.4,49.9,6.46,24992689,40511761274.9067
Republica Dominicana,1978,68.2,65.1,4.64,5451882,25230487152.4874
Republica Eslovaca,1978,,70.5,2.47,4885727,75301217259.941
Republica Kirguisa,1978,82.8,63.1,4.53,3584523,24826645242.3032
Republica del Congo,1978,74.4,49.4,6.21,1748089,6432014112.2594
Ruanda,1978,144.9,41.8,8.16,5035171,5882508155.66099
Rumania,1978,37.8,69.8,2.52,21868067,201527457307.544
Rusia,1978,28.2,68,1.95,136979087,2968302785575.42
Samoa,1978,,68.3,6.15,161375,712732843.2375
San Cristobal y Nieves,1978,45.2,65.4,3.29,43217,261152395.06229
San Marino,1978,,75.1,1.77,21026,894255398.72982
San Vicente y las Granadinas,1978,52.1,68.4,4.55,102775,383106715.90125
Santa Lucia,1978,29.3,68.1,4.83,115834,611122475.29808
Santa Sede,1978,,,1,733,
Santo Tome y Principe,1978,59.5,62.2,6.47,93794,347171696.56264
Senegal,1978,97.3,50.1,7.28,5568096,12935319432.3437
Serbia,1978,,68,1.89,7716931,131205236473.505
Seychelles,1978,30.5,68.4,3.92,64987,495455401.14759
Sierra Leona,1978,171.2,45.7,6.59,3145517,6270656523.03958
Singapur,1978,12.3,71,1.79,2360602,36546475167.7188
Siria,1978,51.5,65.6,7.35,8372759,56114271007.2432
Somalia,1978,,55.6,7.13,4814892,5191377168.58344
Sri Lanka,1978,43.7,67.2,3.81,14310128,37918560320.3714
Suazilandia,1978,90.4,49.8,6.65,558446,1835767596.22452
Sudafrica,1978,74.9,60.5,4.85,27869507,224896635133.661
Sudan,1978,89.1,51.8,6.72,15695003,33127733032.7055
Sudan del Sur,1978,,49.2,7.33,4127657,5574904806.69627
Suecia,1978,7.6,75.5,1.6,8275788,200717555423.87
Suiza,1978,9.2,75.5,1.51,6282038,214683994413.687
Surinam,1978,,68.8,4.08,381502,6943277580.02164
Tailandia,1978,50.8,66.2,3.62,43788976,169778957111.764
Tanzania,1978,111.9,53.9,7.06,17976566,21568825161.2023
Tayikistan,1978,101.3,64.6,6.4,3768508,23748255886.6086
Timor Oriental,1978,,46,5.09,628775,973481125.064
Togo,1978,111.7,50.9,6.98,2768148,5374273584.77496
Tonga,1978,26.6,65.8,5.68,97204,163735347.78688
Trinidad y Tobago,1978,36.3,67.2,3.13,1093380,16502782789.5396
Tunez,1978,78.1,62.4,5.4,6309390,28545237012.7008
Turkmenistan,1978,102.8,63.2,5.61,2691088,25542158466.3824
Turquia,1978,97.7,63,4.69,43645306,316723814976.343
Tuvalu,1978,55.2,55.4,3.59,6957,24985775.60181
Ucrania,1978,23.8,70,1.97,49521243,748978522591.817
Uganda,1978,125.6,50.8,7.16,12692113,14212774604.384
Uruguay,1978,43.2,70.2,2.83,2925715,30712849796.7668
Uzbekistan,1978,,66.6,5.28,14816349,99719474519.075
Vanuatu,1978,57.4,62.4,5.77,109963,289017688.2488
Venezuela,1978,37.9,68.6,4.4,14416684,193950074449.915
Vietnam,1978,48.8,64.7,5.1,50249552,70052116047.6933
Yemen,1978,156.1,53.3,8.5,8926586,22754710115.9208
Yibuti,1978,124.3,59.3,6.59,280031,1311376153.20149
Zambia,1978,95.3,51.2,7.29,5465374,11455894472.7014
Zimbabue,1978,69.2,57.7,6.66,6543575,19826186689.2385
Afganistan,1979,170.4,51.9,7.61,13655567,30477258732.685
Albania,1979,68.4,71.1,3.78,2681385,11771445350.1298
Alemania,1979,13.5,73,1.49,78147901,1998817094024.76
Andorra,1979,,77.6,1.8,34306,1735379397.51374
Angola,1979,,46.1,7.46,7847207,28956113317.6562
Antigua y Barbuda,1979,,70.5,2.63,64274,522718675.6099
Arabia Saudita,1979,74.8,61.5,7.23,5703698,303240553595.439
Argelia,1979,107.8,58.9,7.12,18036655,134874045497.86
Argentina,1979,40.3,69.8,3.34,27568895,439763109095.852
Armenia,1979,63.5,70.2,2.53,3078501,25433909997.9339
Australia,1979,11.3,74.1,1.91,14533035,347734635658.76
Austria,1979,14.6,72.5,1.6,7548341,193175118029.527
Azerbaiyan,1979,,63.8,3.7,6187133,62034416391.2617
Bahamas,1979,25.7,68,2.94,228230,5759909442.3069
Banglades,1979,136.5,52.1,6.42,85935072,105651177052.728
Barbados,1979,25.2,72.2,1.86,251269,3111011745.31269
Barein,1979,28.5,68,4.94,343457,5999716271.42919
Belgica,1979,12.8,73.1,1.71,9811365,245381315989.235
Belice,1979,52.2,70.5,5.99,141678,584859782.9565
Benin,1979,130.9,50.2,6.91,3818528,6949425291.37696
Bielorrusia,1979,,71,2,9537705,105245112774.216
Bolivia,1979,115.1,56.8,5.54,5630849,28149407931.7835
Bosnia y Herzegovina,1979,,69.4,1.99,4113300,18127539084.702
Botsuana,1979,57.4,58,6.4,901742,2799159165.63152
Brasil,1979,79,65.4,4.12,118380821,1085119199253.33
Brunei,1979,,68.4,4.22,180422,35447936893.6924
Bulgaria,1979,25.7,71,2.15,8824992,86119918607.1312
Burkina Faso,1979,120.2,48,7.19,6763903,6832364723.52189
Burundi,1979,136,47.8,7.31,4203530,4346596050.6322
Butan,1979,138.8,50.6,6.55,419200,544614801.376
Cabo Verde,1979,64.1,65.2,6.47,319480,377384973.6636
Camboya,1979,130,25.8,4.56,5088808,9666463505.22072
Camerun,1979,111.4,50.7,6.58,8239641,20777250294.9256
Canada,1979,11,74.9,1.67,24237173,668627070318.305
Catar,1979,31,68.1,5.46,258670,23336881840.5247
Chad,1979,127.4,46.2,6.91,4505384,4284142793.51136
Chile,1979,31.4,69.1,2.81,11339779,90489872324.2825
China,1979,50.2,62.2,2.75,969288069,996102337826.248
Chipre,1979,21,71.5,2.14,677549,7709301542.12706
Cisjordania y Gaza,1979,62.5,67.4,7.28,1428116,5608816953.21588
Colombia,1979,47.2,68.6,3.89,25515626,175226273058.504
Comoras,1979,122.5,58.3,7.16,327791,450968908.39335
Corea del Norte,1979,34,68.6,2.85,17983470,43614336345.7689
Corea del Sur,1979,13.7,66.7,2.75,37710899,210774289545.803
Costa Rica,1979,21.3,74.4,3.65,2326490,20658801497.297
Costa de Marfil,1979,116.6,53.5,7.63,7902267,37459380037.7725
Croacia,1979,,71.2,1.95,4626959,102340684346.616
Cuba,1979,17.4,73.8,1.77,9763355,68766889487.2785
Dinamarca,1979,8.6,74.3,1.6,5116859,142880968266.381
Dominica,1979,16.4,72.6,2.96,72959,252352686.04166
Ecuador,1979,70.9,65.7,4.86,7948869,57689908945.3286
Egipto,1979,120,57.6,5.57,42818628,167967453374.999
El Salvador,1979,82.6,60.8,5.23,4480388,23201585178.5868
Emiratos Arabes Unidos,1979,31.7,64.6,6.06,912010,68348790537.6353
Eritrea,1979,115.8,38.5,6.62,1563332,1485543585.64412
Eslovenia,1979,,70.6,2.21,1885906,55273265911.7342
Espana,1979,16.8,74.8,2.37,37230372,634771680601.13
Estados Unidos,1979,13.2,73.8,1.84,227575084,6790526607695.14
Estonia,1979,,69.5,2.01,1468023,26315834893.7754
Etiopia,1979,143.5,44.4,7.25,34238652,30081511285.5768
Filipinas,1979,53.7,65.7,5.26,46807103,179962134434.946
Finlandia,1979,7.6,73.4,1.63,4764439,104020123309.585
Fiyi,1979,36.8,66.1,4.08,626862,3659490388.70154
Francia,1979,10.6,74.6,1.86,53660895,1336905810685.79
Gabon,1979,76.6,56.7,5.61,729375,10055773726.3125
Gambia,1979,105.4,55.1,6.41,689781,1308652513.2
Georgia,1979,50.5,67,2.38,5128673,62519796652.7784
Ghana,1979,102.1,52.9,6.51,11597255,25435441437.1049
Granada,1979,,68.8,3.34,95490,463533343.7391
Grecia,1979,22.8,75.2,2.36,9526004,173849543278.868
Guatemala,1979,90.7,58.4,6.22,6727797,46282674647.6132
Guinea,1979,173.2,45.4,6.45,4959283,7812674515.41276
Guinea Ecuatorial,1979,,42.3,5.82,279846,477641124.8154
Guinea-Bisau,1979,133.2,47.6,6.4,819867,1385853263.29704
Guyana,1979,53.5,63.1,3.86,770062,3592912217.73296
Haiti,1979,132.5,48.5,5.59,5507590,15794397280.849
Honduras,1979,72.2,63.8,6.53,3614981,13169280600.5503
Hungria,1979,25.3,69.3,2.02,10688253,135783856939.364
India,1979,117.5,53,4.81,671155747,902983673794.194
Indonesia,1979,87.7,57.6,4.63,145434834,381023734094.077
Irak,1979,56.9,64.8,6.66,13170365,197776563283.182
Iran,1979,83.7,58.6,6.55,38424952,363210632639.782
Irlanda,1979,13,72.3,3.21,3375801,54666684044.1107
Islandia,1979,8.3,76.2,2.49,225756,5761949291.1018
Islas Marshall,1979,54.2,58.5,7.47,29738,93506914.63544
Islas Salomon,1979,43.9,58.4,6.82,229953,463515763.10199
Israel,1979,16.1,73.8,3.2,3640874,62314099179.789
Italia,1979,15.1,74,1.73,56132380,1317818323657.19
Jamaica,1979,33.8,72.3,3.72,2119486,12559627863.0021
Japon,1979,7.9,76.3,1.77,117521556,2377808041470.64
Jordania,1979,45.3,66.8,7.45,2153882,14675244563.1648
Kazajistan,1979,59.2,65.9,3.14,14978696,246694906766.863
Kenia,1979,71.5,58.9,7.6,15460666,36451526730.717
Kiribati,1979,86.5,62.5,4.97,60172,256566947.93408
Kuwait,1979,31.8,70.2,5.33,1423514,93529191118.7444
Laos,1979,137.1,46.6,6.31,3228202,3483137663.70482
Lesoto,1979,97.6,55.6,5.79,1366169,1731671927.96171
Letonia,1979,19.4,69.5,1.85,2505526,40870613205.4193
Libano,1979,41.5,74.5,4.08,2882635,19799073168.8008
Liberia,1979,163.1,47.7,6.92,1872713,9987831687.47579
Libia,1979,59.6,62.7,7.68,3233846,62055976424.3804
Liechtenstein,1979,,74.7,1.67,24721,
Lituania,1979,18.8,70.5,2.05,3404736,61114836639.1853
Luxemburgo,1979,11.7,72.3,1.48,362894,12261044701.1693
Macedonia del Norte,1979,,69.1,2.4,1906523,25923202586.2906
Madagascar,1979,104.1,50.8,6.87,8737581,16675191373.532
Malasia,1979,27,67.8,4.09,12627862,79710908612.6356
Malaui,1979,157.4,44.3,7.47,6028749,6149655440.62002
Maldivas,1979,112.1,56.2,7.23,160360,563546518.7176
Mali,1979,164.8,43.2,7.35,7375266,10298368748.5729
Malta,1979,15.6,72.4,2.09,340971,3419020417.7376
Marruecos,1979,97.4,57.7,5.85,18955589,60983975333.3404
Mauricio,1979,34,66.3,2.91,939387,5806611971.13312
Mauritania,1979,98.1,57.2,6.7,1432758,5932565130.05526
Mexico,1979,58.5,66.7,4.96,65648865,770760421045.467
"Micronesia, Estados Federados de",1979,,58.1,6.55,75054,246242282.63334
Moldavia,1979,40.6,65.2,2.38,4010389,53627184548.8951
Monaco,1979,,74.5,2.26,26892,2900026729.1088
Mongolia,1979,117.4,58.8,6.42,1660659,5578314432.43074
Montenegro,1979,,71.5,2.2,579011,8287938099.10831
Mozambique,1979,175.1,51.2,6.56,11028809,5721669900.12981
Myanmar,1979,99.6,48.5,4.9,32596550,36404040547.4025
Namibia,1979,63.6,55.8,6.31,962825,7962398145.438
Nauru,1979,,56.9,3.85,7468,413890269.90376
Nepal,1979,144.3,51.4,5.64,15190590,17993420191.9605
Nicaragua,1979,82.1,56.4,6.07,3164525,16921327858.6853
Niger,1979,135.7,41,7.72,5955556,8945136303.99188
Nigeria,1979,129.3,50.2,6.89,71498242,257271760262.548
Noruega,1979,8.4,75.5,1.75,4072500,121786587511.65
Nueva Zelanda,1979,13.1,73,2.11,3141601,67449933828.6757
Oman,1979,86.1,62.1,7.85,949116,10675717777.1765
Paises Bajos,1979,9,75.4,1.57,14050169,372461072242.352
Pakistan,1979,123.4,58.4,6.76,78997039,141774061525.43
Palaos,1979,,63.1,3.49,12337,486390812.26671
Panama,1979,36.8,74,3.88,1911552,14616051689.6486
Papua Nueva Guinea,1979,78.8,58.8,5.79,3067341,8287544051.5719
Paraguay,1979,50.5,70.4,5.06,2973968,18183507383.2827
Peru,1979,83.9,66.5,5.17,16933139,116571404383.151
Polonia,1979,21.7,71,2.28,35248387,390055937826.136
Portugal,1979,24.6,71.5,2.32,9663302,135253375285.659
Reino Unido,1979,12.7,73.2,1.86,56218763,1225357320284.79
Republica Centroafricana,1979,119.6,47.6,6.09,2423794,3160307556.3817
Republica Checa,1979,,70.6,2.27,10246156,206644300535.656
Republica Democratica del Congo,1979,133.7,50.2,6.48,25886782,41031537309.6011
Republica Dominicana,1979,66.1,65,4.47,5589690,26357458771.176
Republica Eslovaca,1979,,70.6,2.45,4933447,76124187664.6878
Republica Kirguisa,1979,80.9,63.6,4.38,3656189,25183297344.634
Republica del Congo,1979,72.8,50,6.14,1788524,7125842811.56868
Ruanda,1979,138,42,8.13,5189541,6326414369.61492
Rumania,1979,36.3,69.6,2.49,22019624,211347114174.42
Rusia,1979,27.8,67.7,1.92,137816541,3021070022624.14
Samoa,1979,,68.6,5.99,162882,807413879.30544
San Cristobal y Nieves,1979,43.6,65.6,3.23,43033,280325852.18747
San Marino,1979,,75.3,1.63,21320,951833119.458
San Vicente y las Granadinas,1979,48.7,68.6,4.29,103478,393728582.98704
Santa Lucia,1979,27.9,68.4,4.58,117528,632074135.33728
Santa Sede,1979,,,1,729,
Santo Tome y Principe,1979,59.9,62.6,6.43,96252,402663803.70372
Senegal,1979,94.3,50.7,7.29,5702895,13909460819.7204
Serbia,1979,,68.1,1.88,7758212,143615233106.539
Seychelles,1979,27.8,69,3.66,65603,565217957.58417
Sierra Leona,1979,169.2,45.9,6.58,3207499,6579337258.38905
Singapur,1979,12.3,71.2,1.79,2388157,39963279148.7104
Siria,1979,49.1,65.8,7.25,8661909,57175904247.717
Somalia,1979,,55.6,7.16,5449117,5103059109.31345
Sri Lanka,1979,41.6,68.1,3.82,14579614,39989932199.2005
Suazilandia,1979,87.2,50.3,6.61,577199,1864013861.83516
Sudafrica,1979,71.4,61,4.82,28634162,233480099831.316
Sudan,1979,88.5,52.2,6.65,16355352,30946806600.2378
Sudan del Sur,1979,177.1,49.2,7.32,4232605,4957749279.457
Suecia,1979,7.4,75.6,1.65,8293748,207155078274.985
Suiza,1979,8.7,75.7,1.52,6294715,220024858592.747
Surinam,1979,,68.9,3.93,377602,6493785809.33378
Tailandia,1979,48.9,66.2,3.45,44718434,177358735825.966
Tanzania,1979,110.2,54.5,7.04,18592038,22116846708.306
Tayikistan,1979,100.6,65,6.31,3882691,23879284138.6565
Timor Oriental,1979,,45.8,5.14,638719,1030499091.74228
Togo,1979,109.2,51.5,6.94,2839854,5667743553.1053
Tonga,1979,25.5,66.1,5.65,97544,163452321.17584
Trinidad y Tobago,1979,35.3,67.4,3.13,1107639,16925134001.187
Tunez,1979,73.4,63.2,5.18,6456419,30199072224.1484
Turkmenistan,1979,99.6,63.4,5.46,2760358,25730491021.2672
Turquia,1979,94,63,4.58,44510429,313332378299.795
Tuvalu,1979,53.3,55.6,3.65,7184,26093448.71888
Ucrania,1979,23.4,69.8,1.96,49721381,766469562009.009
Uganda,1979,127.2,51.1,7.14,13002163,12400522232.8853
Uruguay,1979,39.5,70.4,2.71,2939903,32332684441.9667
Uzbekistan,1979,97.7,66.7,5.16,15215587,100050209022.052
Vanuatu,1979,54.8,62.8,5.73,113040,298923664.4136
Venezuela,1979,36.6,68.9,4.3,14834552,193380237385.32
Vietnam,1979,47.8,65,4.94,51378211,72523112570.7266
Yemen,1979,147.7,54,8.67,9224194,23734691486.0734
Yibuti,1979,121.1,58.9,6.52,304513,1378391639.23824
Zambia,1979,95.6,51.6,7.22,5631728,11034620531.9267
Zimbabue,1979,68.1,58.4,6.59,6647556,20113780811.2048
Afganistan,1980,166.1,51.4,7.64,13169311,29647870207.5452
Albania,1980,64,71.3,3.59,2735416,12081227692.1859
Alemania,1980,12.6,73.2,1.56,78315375,2020990518863.35
Andorra,1980,,77.8,1.83,35782,1793925945.89214
Angola,1980,138.3,46.4,7.46,8133872,30328295135.0496
Antigua y Barbuda,1980,,70.9,2.31,64513,557532668.0315
Arabia Saudita,1980,70.7,62.2,7.15,6047997,330399804905.687
Argelia,1980,101.1,59.7,6.99,18607174,136960695648.123
Argentina,1980,37.2,70,3.3,28011596,445020511930.511
Armenia,1980,61.3,70.7,2.48,3107415,25206445041.4173
Australia,1980,10.8,74.4,1.9,14721347,355202023108.285
Austria,1980,13.9,72.7,1.65,7548406,196557612145.691
Azerbaiyan,1980,95,64.3,3.59,6284708,63214428535.7084
Bahamas,1980,25.2,68.2,2.84,232526,6061047007.99122
Banglades,1980,133.7,52.5,6.33,88016432,106158645653.629
Barbados,1980,23.8,72.7,1.78,251524,3218321875.54332
Barein,1980,26.8,68.4,4.76,358978,6399372546.75038
Belgica,1980,12.2,73.2,1.69,9833093,255525054461.791
Belice,1980,50.5,70.9,5.85,145062,608459096.37006
Benin,1980,128.7,50.6,6.99,3925251,7565390530.05978
Bielorrusia,1980,19.4,70.9,1.98,9603171,107603491681.999
Bolivia,1980,112.3,57.5,5.47,5758900,27764756504.366
Bosnia y Herzegovina,1980,30.7,69.5,1.98,4148426,18573898691.0221
Botsuana,1980,54.7,58.7,6.29,937485,3143801751.49215
Brasil,1980,75.9,65.9,4.04,121207461,1181396903442.86
Brunei,1980,19,68.8,4.07,186111,32801915158.9776
Bulgaria,1980,24.5,71.1,2.06,8859537,87164887715.9005
Burkina Faso,1980,117.6,48.5,7.22,6947900,6896299892.112
Burundi,1980,131.1,48.1,7.35,4383706,4277931075.71834
Butan,1980,134.3,51.3,6.51,433404,571155957.1692
Cabo Verde,1980,62.6,65.6,6.38,323301,392563422.0651
Camboya,1980,117.3,53.2,5.77,5199872,9617757609.3696
Camerun,1980,109.2,51,6.61,8512219,23146264428.0056
Canada,1980,10.3,75.1,1.66,24533776,677245240780.628
Catar,1980,29.7,68.4,5.33,275913,23806636284.7536
Chad,1980,126.6,46.3,6.91,4515453,3996808113.57453
Chile,1980,28.2,69.8,2.74,11508550,96867809915.987
China,1980,48,62.8,2.74,983163542,1023547731691.94
Chipre,1980,19.4,71.7,2.3,683076,8136120175.93584
Cisjordania y Gaza,1980,59.2,67.8,7.18,1469059,6372803944.3443
Colombia,1980,44.6,69.3,3.8,26104498,181400261803.127
Comoras,1980,119,59,7.15,337721,482881695.79751
Corea del Norte,1980,32,69,2.84,18236786,45054260841.8723
Corea del Sur,1980,12.3,66.2,2.73,38141107,204419840542.511
Costa Rica,1980,19.8,74.9,3.58,2390633,20813417597.5527
Costa de Marfil,1980,113.7,53.9,7.59,8220714,36219910163.7336
Croacia,1980,20,71.1,1.93,4643896,104627052761.261
Cuba,1980,16.7,74,1.64,9804796,68191635625.542
Dinamarca,1980,8.3,74.2,1.54,5123081,141669370850.108
Dominica,1980,15.3,74.2,3.04,73083,289579455.23859
Ecuador,1980,68.1,66.4,4.73,8165877,59782124045.6185
Egipto,1980,114.3,58.4,5.49,43950413,184719642168.442
El Salvador,1980,78.8,60,5.11,4540382,21096171487.3725
Emiratos Arabes Unidos,1980,28.9,65.1,5.95,1015700,87472400248.352
Eritrea,1980,114.2,39,6.61,1605797,1524013116.4712
Eslovenia,1980,16,70.9,2.11,1903069,55250350768.2123
Espana,1980,15.3,75.3,2.21,37537565,650418407152.065
Estados Unidos,1980,12.6,73.8,1.86,229858655,6728291692926.29
Estonia,1980,22.4,69.5,2.03,1476463,26860086092.7238
Etiopia,1980,142.8,44.4,7.29,34428514,31025511539.2442
Filipinas,1980,53.2,66.2,5.11,48043740,187736711007.668
Finlandia,1980,7.2,73.7,1.63,4779350,109056937803.385
Fiyi,1980,35.3,66.4,4.04,641975,3586245702.50925
Francia,1980,10.2,74.7,1.95,53941061,1350006811736.47
Gabon,1980,74.2,57.5,5.66,748389,10556390726.6996
Gambia,1980,103.2,55.6,6.41,713913,1317908070.83328
Georgia,1980,49,67.4,2.35,5165546,63727755743.6883
Ghana,1980,100.9,53.2,6.47,11941448,25316766682.1593
Granada,1980,,68.7,3.3,94538,452785928.82866
Grecia,1980,21.3,75.2,2.3,9653414,176080076934.555
Guatemala,1980,87.7,58.3,6.17,6900212,47831530847.3033
Guinea,1980,170.2,45.6,6.46,5047419,8059267066.62207
Guinea Ecuatorial,1980,,45.4,5.84,288644,466618207.30256
Guinea-Bisau,1980,132.5,47.8,6.49,829303,1156788211.49933
Guyana,1980,53.2,63.4,3.77,774367,3652606436.6044
Haiti,1980,129.4,48.8,5.56,5614493,16971616496.3766
Honduras,1980,69.2,64.7,6.42,3727173,13148049198.2819
Hungria,1980,23.8,69.1,1.92,10695367,136137370112.839
India,1980,114.3,54.2,4.78,687354025,957790558628.724
Indonesia,1980,85.4,58.3,4.5,148950540,412922237563.121
Irak,1980,55,61.6,6.59,13591992,196490206585.188
Iran,1980,78.3,57.1,6.63,39842324,294805204781.581
Irlanda,1980,12,72.6,3.21,3415240,56225718001.0516
Islandia,1980,7.8,76.3,2.48,228144,6064523602.6704
Islas Marshall,1980,53.2,58.8,7.37,30774,86385340.88352
Islas Salomon,1980,41.9,58.8,6.77,238135,436548167.5616
Israel,1980,15.3,74.2,3.15,3721665,64333788176.6965
Italia,1980,14.3,74,1.65,56412084,1362117242897.53
Jamaica,1980,32.9,72.8,3.59,2145658,11797023282.1833
Japon,1980,7.4,76.3,1.74,118358756,2422296569234.13
Jordania,1980,43.5,67.4,7.29,2234186,16729964825.3805
Kazajistan,1980,57.8,66.3,3.09,15152949,249019153903.253
Kenia,1980,69.4,59.4,7.53,16018459,38414795438.3374
Kiribati,1980,86.1,62.8,4.96,61148,140688293.55952
Kuwait,1980,29.6,70.6,5.18,1504782,76005970599.269
Laos,1980,134.7,47,6.33,3292573,3841877991.22669
Lesoto,1980,93.5,55.9,5.75,1406521,1662082363.46271
Letonia,1980,19.4,69.6,1.88,2511759,41415615706.6507
Libano,1980,40.3,74.5,4.01,2944763,20837864955.5447
Liberia,1980,160.8,47.6,6.87,1929253,9318237585.0654
Libia,1980,57,63.7,7.54,3424378,63964437444.6712
Liechtenstein,1980,,74.8,1.7,25090,
Lituania,1980,18.1,70.5,2,3428419,62085888567.8641
Luxemburgo,1980,11.2,72.5,1.5,363705,12353444829.0474
Macedonia del Norte,1980,52,69.3,2.36,1933038,26324532557.6675
Madagascar,1980,105.4,50.9,6.84,9006032,16761776750.9517
Malasia,1980,25.4,68.3,4.04,12983363,85902552594.0634
Malaui,1980,151.8,44.6,7.52,6265529,6496505972.23688
Maldivas,1980,106.8,56.9,7.23,164835,662010991.28505
Mali,1980,161.2,43.6,7.37,7530515,9485254380.23185
Malta,1980,15,72.5,1.99,342877,3576261874.31444
Marruecos,1980,94,58.4,5.78,19459943,64555186596.5978
Mauricio,1980,32.3,66.9,2.8,954216,5151585987.0972
Mauritania,1980,96.3,57.6,6.67,1474043,6082222494.04626
Mexico,1980,56.1,67,4.74,67300334,837313685258.026
"Micronesia, Estados Federados de",1980,50,58.6,6.42,77407,227391546.3072
Moldavia,1980,39.7,65.5,2.38,4048713,54752692965.5688
Monaco,1980,,74.8,2.24,27122,3025605170.9554
Mongolia,1980,113.3,58.8,6.21,1701335,6007329822.03765
Montenegro,1980,,72.2,2.22,584820,10387723717.7118
Mozambique,1980,174.6,51.3,6.53,11336221,5800872838.44614
Myanmar,1980,97.3,49.1,4.79,33227204,38746639981.7598
Namibia,1980,63.2,55.9,6.24,981434,8450426468.31868
Nauru,1980,,57.1,3.88,7649,405319393.70494
Nepal,1980,140.3,51.8,5.6,15553105,17496981988.3671
Nicaragua,1980,77.8,63.1,5.96,3252403,17642407556.9311
Niger,1980,134.8,41.1,7.78,6135971,9013445277.03954
Nigeria,1980,127,50.5,6.85,73764641,264810138875.506
Noruega,1980,8.2,75.6,1.72,4085604,127462059403.151
Nueva Zelanda,1980,12.7,73.4,2.03,3146327,67712559112.466
Oman,1980,79.4,62.8,7.89,1001248,11393064381.7229
Paises Bajos,1980,8.8,75.6,1.6,14162686,380187566274.092
Pakistan,1980,122.1,58.8,6.73,82291010,155386630804.547
Palaos,1980,26.4,63.4,3.35,12271,258752419.4122
Panama,1980,35.7,74.4,3.8,1957534,16825623114.9906
Papua Nueva Guinea,1980,77.1,59.2,5.71,3131512,8134618430.54736
Paraguay,1980,49.4,70.9,5.1,3053235,20268635343.5079
Peru,1980,82.4,66.2,5.04,17360949,121983679704.556
Polonia,1980,21,70.9,2.28,35576519,371151297322.026
Portugal,1980,22.8,71.6,2.25,9763624,141253639530.378
Reino Unido,1980,12,73.6,1.89,56282103,1195296401200.65
Republica Centroafricana,1980,118.4,47.8,6.13,2450535,2948708401.55415
Republica Checa,1980,17,70.6,2.08,10275403,211333569130.478
Republica Democratica del Congo,1980,132,50.5,6.5,26711099,42294164240.6861
Republica Dominicana,1980,64,66.1,4.3,5729037,28259646017.6628
Republica Eslovaca,1980,20,70.6,2.32,4976655,78434063757.5228
Republica Kirguisa,1980,78.8,64,4.23,3729374,25545663234.4971
Republica del Congo,1980,71.2,50.7,6.07,1828985,7990855565.54515
Ruanda,1980,129.1,42.3,8.12,5353259,6781107435.03572
Rumania,1980,34.9,69.4,2.44,22154771,217111750815.683
Rusia,1980,27.3,67.7,1.92,138572623,3150001374021.7
Samoa,1980,55.6,68.9,5.86,164322,759381654.61602
San Cristobal y Nieves,1980,41.9,65.8,3.26,42850,300861472.634
San Marino,1980,,75.5,1.53,21585,989179326.7377
San Vicente y las Granadinas,1980,45.2,68.9,3.92,104213,401160931.00723
Santa Lucia,1980,26.7,68.5,4.41,119290,599270483.2168
Santa Sede,1980,,,1,727,
Santo Tome y Principe,1980,60.4,62.8,6.39,98544,397455112.69728
Senegal,1980,91.7,51.2,7.29,5845638,13340891251.8533
Serbia,1980,,68.3,1.86,7796280,144608840535.034
Seychelles,1980,25.3,69.4,3.79,66260,544381765.7938
Sierra Leona,1980,167.3,45.9,6.56,3272089,6752398855.95505
Singapur,1980,12,71.4,1.74,2437493,44238663639.0178
Siria,1980,46.9,66.2,7.12,8957663,62908156091.2519
Somalia,1980,148,55.2,7.18,5936154,5325091056.1632
Sri Lanka,1980,39.4,68.7,3.73,14847974,42044798916.3261
Suazilandia,1980,83.8,50.9,6.57,596644,1892723093.20528
Sudafrica,1980,68,61.5,4.78,29518857,249268974651.577
Sudan,1980,87.9,52.6,6.59,17058905,31628769053.917
Sudan del Sur,1980,174.9,49.2,7.33,4339030,4860953043.9195
Suecia,1980,7.2,75.8,1.67,8310469,209434775654.748
Suiza,1980,8.4,75.8,1.55,6319846,229383363703.051
Surinam,1980,40,69,3.79,375377,5925408621.78425
Tailandia,1980,47,66.4,3.29,45650022,184185230690.424
Tanzania,1980,108.9,54.8,6.99,19189769,22565972629.4936
Tayikistan,1980,100.4,65.3,6.21,3995256,23980557847.3838
Timor Oriental,1980,,48.8,5.22,649871,1091538083.6717
Togo,1980,106.9,52,6.88,2920894,5384155209.22254
Tonga,1980,24.6,66.5,5.6,97769,186547327.98961
Trinidad y Tobago,1980,34.3,67.7,3.15,1121744,18227507520.1253
Tunez,1980,69.2,63.7,5.03,6606195,32144695145.6145
Turkmenistan,1980,96.5,63.6,5.3,2832203,25927462179.6274
Turquia,1980,90.2,63.1,4.45,45408815,306941814056.855
Tuvalu,1980,51.6,55.8,3.73,7366,24537363.74712
Ucrania,1980,23,69.8,1.95,49955152,784884798695.001
Uganda,1980,127.7,49.4,7.11,13275741,11811707815.137
Uruguay,1980,35.5,70.7,2.59,2951953,34087766711.6759
Uzbekistan,1980,91.8,66.9,5.04,15619936,100345764358.097
Vanuatu,1980,52,63.2,5.69,115660,262794110.509
Venezuela,1980,35.2,69.1,4.2,15258218,186609295459.421
Vietnam,1980,46.8,65.4,4.8,52490101,69889109206.8902
Yemen,1980,139.7,54.5,8.71,9543358,23606216536.529
Yibuti,1980,118.1,59.9,6.46,325815,1432211976.24015
Zambia,1980,96.1,51.9,7.14,5802833,11405224774.6273
Zimbabue,1980,66.4,61.8,6.52,7041303,22868314152.6779
Afganistan,1981,161.8,51.9,7.62,11937581,30553738146.1045
Albania,1981,59.9,71.4,3.47,2790413,13256426675.1222
Alemania,1981,11.8,73.5,1.53,78448040,2127613119863.19
Andorra,1981,,77.8,1.8,37169,1797300239.53425
Angola,1981,137.5,46.7,7.46,8435607,31742324997.4189
Antigua y Barbuda,1981,,71.2,2.17,64665,615206178.162
Arabia Saudita,1981,66.8,63,7.07,6420551,374118280247.233
Argelia,1981,93.4,61,6.85,19220704,149016949493.197
Argentina,1981,34.7,70.3,3.25,28463959,440661386362.11
Armenia,1981,59.2,71.1,2.48,3135349,25860311647.179
Australia,1981,10.4,74.6,1.94,14949202,386232198737.102
Austria,1981,13.2,72.9,1.67,7567556,206538852884.723
Azerbaiyan,1981,,64.8,3.48,6385604,67226564150.9908
Bahamas,1981,24.8,68.4,2.77,236614,5966746727.57254
Banglades,1981,130.8,52.9,6.24,90303105,115833325227.192
Barbados,1981,22.6,73,1.85,252270,3308852820.3678
Barein,1981,25.3,68.7,4.6,373524,7035963714.2688
Belgica,1981,11.7,73.4,1.67,9850669,266735055494.158
Belice,1981,49,71.2,5.68,148786,650767800.83744
Benin,1981,126.6,50.9,7.06,4038307,8185394158.34049
Bielorrusia,1981,18.5,71,1.99,9678048,112178227463.027
Bolivia,1981,109.7,58.2,5.41,5888109,28415580374.7721
Bosnia y Herzegovina,1981,28.9,69.6,2.02,4184217,18906950136.9541
Botsuana,1981,52.3,59.4,6.16,969996,3669080650.60812
Brasil,1981,72.7,67.2,3.94,124063109,1188298335290.64
Brunei,1981,,69.2,3.94,191977,26212231648.892
Bulgaria,1981,23.4,71.2,2.01,8887801,95140182961.1627
Burkina Faso,1981,115.6,48.8,7.26,7140271,7456002501.99182
Burundi,1981,125.8,48.3,7.33,4566014,5037987525.37296
Butan,1981,130,52.1,6.46,447836,679341922.70108
Cabo Verde,1981,61.6,66,6.27,327846,444236169.00696
Camboya,1981,106.5,53.6,6.04,5284495,9682337136.4392
Camerun,1981,106.3,51.4,6.61,8816377,28755657885.3556
Canada,1981,9.7,75.5,1.63,24844974,733831088314.452
Catar,1981,28.4,68.7,5.2,293553,23052936206.7658
Chad,1981,125.7,46.2,6.94,4520959,3731016219.26023
Chile,1981,25.6,70.8,2.69,11678717,107313373397.548
China,1981,46.1,63.4,2.79,997721071,1100922714577.82
Chipre,1981,17.8,71.9,2.15,688893,8796805309.86177
Cisjordania y Gaza,1981,56.2,68.2,7.13,1512704,5927737289.62048
Colombia,1981,42,69.7,3.71,26713267,194437110144.22
Comoras,1981,115.4,59.7,7.14,347382,535901452.2666
Corea del Norte,1981,33,69.3,2.92,18501295,46418595044.2179
Corea del Sur,1981,11.3,67.6,2.67,38689189,228616624245.449
Costa Rica,1981,19.3,75.2,3.56,2456637,21334985698.5488
Costa de Marfil,1981,111.4,54.3,7.54,8556596,39983968306.9317
Croacia,1981,19.2,71.1,1.93,4664258,105459050761.732
Cuba,1981,16.5,74.2,1.59,9849320,74179394295.9212
Dinamarca,1981,8,74.3,1.44,5121629,147529621371.041
Dominica,1981,14.5,74.2,3.11,72986,325013607.72692
Ecuador,1981,65.3,67,4.61,8386910,65154151486.466
Egipto,1981,108.5,58.7,5.37,45147224,199375738536.832
El Salvador,1981,74.8,54.9,4.99,4570599,20786313968.9505
Emiratos Arabes Unidos,1981,26.4,65.8,5.81,1099855,98708216815.9454
Eritrea,1981,112.7,39.6,6.62,1649939,1563718847.15077
Eslovenia,1981,15.5,71,1.96,1914592,55039234194.4064
Espana,1981,14.1,75.6,2.04,37812713,681795776673.419
Estados Unidos,1981,12.1,74.1,1.85,232201617,7220144380314.67
Estonia,1981,21.6,69.6,2.08,1485339,27732198317.1868
Etiopia,1981,141.4,44.5,7.31,35304012,32411939463.6109
Filipinas,1981,52.8,66.4,4.97,49311727,203606165573.024
Finlandia,1981,6.7,74,1.65,4799848,116252322735.868
Fiyi,1981,33.8,66.6,3.99,657471,3994601084.67519
Francia,1981,9.8,74.9,1.95,54255012,1431772725180.73
Gabon,1981,71.9,58.2,5.73,768385,11200580890.6371
Gambia,1981,100.9,54.2,6.4,739125,1388477474.01
Georgia,1981,47.6,67.8,2.33,5205030,67256090175.7368
Ghana,1981,100.1,53.4,6.42,12281712,26166392152.139
Granada,1981,,69,2.99,94052,470143165.78404
Grecia,1981,19.9,75.4,2.17,9754402,183714882014.745
Guatemala,1981,84.7,57.5,6.12,7075648,50462408324.3002
Guinea,1981,167.3,45.8,6.46,5143288,8159496572.94056
Guinea Ecuatorial,1981,,45.7,5.86,303252,506229981.0378
Guinea-Bisau,1981,131.6,47.9,6.57,842432,1201724100.74048
Guyana,1981,52.8,63.6,3.72,776453,3884204284.54186
Haiti,1981,126.2,49.2,5.53,5723725,17838600084.6182
Honduras,1981,66.3,65.5,6.3,3841778,13762335634.9962
Hungria,1981,22.6,69,1.88,10679329,145980201487.986
India,1981,111.3,55,4.7,703696250,1063961616583.49
Indonesia,1981,83.1,59,4.36,152485035,464435965967.872
Irak,1981,53.3,61,6.53,14006381,161127768417.487
Iran,1981,73.2,56.7,6.62,41989312,299250798452.957
Irlanda,1981,11.2,72.9,3.06,3448827,60661449970.1615
Islandia,1981,7.4,76.3,2.34,230746,6635641256.4011
Islas Marshall,1981,52.1,59.1,7.27,32017,91767769.90221
Islas Salomon,1981,40.2,59.1,6.71,246555,480936946.00365
Israel,1981,14.6,74.6,3.07,3802238,71350002560.421
Italia,1981,13.4,74.5,1.58,56646750,1477244180301.85
Jamaica,1981,32.1,72.9,3.51,2173818,12799568334.9275
Japon,1981,6.9,76.7,1.72,118994053,2624214228770.97
Jordania,1981,41.8,68,7.12,2325517,19388420677.9047
Kazajistan,1981,56.3,66.6,3.05,15323082,245778520964.923
Kenia,1981,67.5,59.9,7.45,16601507,41845155743.4808
Kiribati,1981,85.7,63,4.96,62121,149547911.22564
Kuwait,1981,27.4,70.9,5.02,1583426,62709749845.0002
Laos,1981,132.3,47.5,6.35,3366631,4675342007.29096
Lesoto,1981,89.5,56.3,5.69,1448069,1770756116.7324
Letonia,1981,19.4,69.7,1.87,2519970,42136931813.8875
Libano,1981,39.1,74.5,3.95,3008981,22203207459.9499
Liberia,1981,158.7,47.8,6.83,1986867,8897380728.12126
Libia,1981,54.6,64.6,7.37,3621486,55431941050.9828
Liechtenstein,1981,,74.9,1.69,25462,
Lituania,1981,17.6,70.6,1.99,3452309,64859156674.6838
Luxemburgo,1981,10.9,72.7,1.55,364485,13137286230.288
Macedonia del Norte,1981,51.6,69.5,2.29,1959065,26801286236.1109
Madagascar,1981,107,51,6.77,9279011,15993322659.9429
Malasia,1981,23.8,68.6,4,13399203,97234467258.0934
Malaui,1981,147.3,44.8,7.49,6516454,6522616284.7251
Maldivas,1981,101.9,57.7,7.19,169532,753995134.78036
Mali,1981,157.7,43.9,7.37,7692766,9564947922.5689
Malta,1981,14.4,72.8,1.9,344752,3871998392.55696
Marruecos,1981,90.6,59.2,5.71,19985401,65816686415.2262
Mauricio,1981,30.5,67.5,2.67,969218,5675448950.91944
Mauritania,1981,94.4,57.9,6.64,1516877,6441313986.21887
Mexico,1981,53.7,67.6,4.57,68892108,962213375998.893
"Micronesia, Estados Federados de",1981,44.4,59,6.29,79794,248084050.3713
Moldavia,1981,38.7,65.6,2.4,4089538,58266195668.174
Monaco,1981,,75,2.22,27293,3124180246.8961
Mongolia,1981,109.3,58.8,5.98,1742857,6588696271.65717
Montenegro,1981,,72.2,2.19,589909,10138347076.8209
Mozambique,1981,174.1,48.5,6.48,11568127,6350972866.98105
Myanmar,1981,95.2,49.7,4.69,33858783,40495813132.3282
Namibia,1981,62.5,56.4,6.16,992500,8478481569.75
Nauru,1981,,57.3,3.94,7839,396483767.64594
Nepal,1981,136.2,52.2,5.58,15922423,19882412237.4754
Nicaragua,1981,73.7,63.7,5.84,3345674,18629121439.1656
Niger,1981,134.6,41.2,7.82,6322006,9509981965.03912
Nigeria,1981,125.4,50.8,6.82,76068103,256613932767.605
Noruega,1981,8,75.8,1.7,4099672,136077613767.932
Nueva Zelanda,1981,12.4,73.7,2.01,3159840,73638057939.5424
Oman,1981,72.8,63.4,7.9,1057320,13961826405.6084
Paises Bajos,1981,8.6,75.8,1.56,14262689,396968898098.915
Pakistan,1981,120.7,59.2,6.7,85802049,175588495471.597
Palaos,1981,25.5,63.7,3.28,12402,229846381.09056
Panama,1981,34.6,74.7,3.72,2004418,19348428031.466
Papua Nueva Guinea,1981,75.5,59.5,5.65,3197019,8586155089.81146
Paraguay,1981,48.3,71.5,5.15,3137604,23269560012.588
Peru,1981,80.7,66.7,4.92,17798805,134230253375.535
Polonia,1981,20.5,71.4,2.25,35900913,358282446695.638
Portugal,1981,21.3,72,2.13,9837586,152267721858.188
Reino Unido,1981,11.4,73.9,1.82,56304592,1239855131315.84
Republica Centroafricana,1981,117.4,47.9,6.17,2478402,3275782736.5836
Republica Checa,1981,16.4,70.7,1.99,10289513,212283481256.11
Republica Democratica del Congo,1981,130.5,50.6,6.52,27500515,45484359907.0612
Republica Dominicana,1981,62,66.6,4.15,5868453,31068416049.3907
Republica Eslovaca,1981,23.2,70.7,2.28,5014958,78240793115.9208
Republica Kirguisa,1981,76.4,64.3,4.19,3804456,25712610283.7016
Republica del Congo,1981,69.6,51.5,5.98,1869759,9210215399.72589
Ruanda,1981,120,42.7,8.1,5527230,7288988962.8525
Rumania,1981,33.6,69.7,2.35,22272789,228955454681.93
Rusia,1981,26.9,68,1.94,139351498,3212487675127.11
Samoa,1981,54,69.2,5.75,165678,692230902.27696
San Cristobal y Nieves,1981,39.8,66,3.3,42698,322390426.63652
San Marino,1981,,75.8,1.41,21840,1003378710.2976
San Vicente y las Granadinas,1981,41.5,69.2,3.85,105073,440776663.27377
Santa Lucia,1981,25.8,68.9,4.28,121166,662841832.0739
Santa Sede,1981,,,1,728,
Santo Tome y Principe,1981,61.2,62.9,6.33,100615,374852342.7158
Senegal,1981,89.5,51.8,7.28,5997160,14325822639.4764
Serbia,1981,,68.3,1.85,7827856,148371210899.768
Seychelles,1981,23.2,69.8,3.67,66950,543650692.6435
Sierra Leona,1981,165.6,46,6.55,3338940,7294947431.2572
Singapur,1981,11.4,71.7,1.71,2531802,51124220694.4669
Siria,1981,44.8,66.5,6.97,9260189,70969602428.6794
Somalia,1981,,54.8,7.23,5982849,5522479239.43575
Sri Lanka,1981,36.8,69.1,3.65,15099414,46594460858.455
Suazilandia,1981,80.3,51.4,6.54,616808,2121345287.1692
Sudafrica,1981,65,62.1,4.71,30541044,277838652798.611
Sudan,1981,87.3,53.1,6.53,17780572,35174559336.9932
Sudan del Sur,1981,172.9,49.2,7.33,4447272,5118717568.7424
Suecia,1981,6.9,76,1.63,8320458,225392580901.964
Suiza,1981,8.1,76,1.54,6354556,245939505782.093
Surinam,1981,,69.1,3.75,375459,6372695155.6233
Tailandia,1981,45.1,67,3.13,46575855,204254492278.543
Tanzania,1981,108.1,55.1,6.93,19784703,23708925438.8019
Tayikistan,1981,100.4,65.5,6.12,4109022,23983436267.6967
Timor Oriental,1981,,50.4,5.53,660493,1155150216.75653
Togo,1981,104.8,52.5,6.81,3013043,5383167313.83321
Tonga,1981,23.7,66.9,5.55,97909,221349727.97182
Trinidad y Tobago,1981,33.3,67.8,3.13,1135132,19772818664.3423
Tunez,1981,65.5,64.6,5.02,6758284,35401720180.9019
Turkmenistan,1981,93.4,63.9,5.16,2907187,26241052622.0997
Turquia,1981,86.4,63.5,4.35,46321190,335457740216.637
Tuvalu,1981,50.2,56.1,3.8,7526,23002897.6398
Ucrania,1981,22.4,69.9,1.92,50189281,816485283161.788
Uganda,1981,127.1,49.5,7.12,13556452,12738915927.8654
Uruguay,1981,32,71.3,2.53,2963246,36289980550.7582
Uzbekistan,1981,86.2,67,4.91,16035032,102902745813.165
Vanuatu,1981,49.2,63.6,5.65,118249,285489501.96204
Venezuela,1981,33.9,69.3,4.1,15687297,191830229673.225
Vietnam,1981,45.8,65.9,4.67,53738141,77088302069.8233
Yemen,1981,131.9,55.2,8.75,9882362,24804119668.8536
Yibuti,1981,115.2,59.9,6.4,343047,1481262198.40947
Zambia,1981,97,52.2,7.07,5983289,12780078657.0127
Zimbabue,1981,64.2,62.5,6.45,7498635,26565718734.0673
Afganistan,1982,157.5,50.5,7.6,10991378,31625950919.3453
Albania,1982,56.1,71.5,3.42,2846907,14095241164.2061
Alemania,1982,11,73.8,1.5,78393674,2182185903962.82
Andorra,1982,,78,1.73,38764,1827580058.9574
Angola,1982,136.8,47,7.46,8751648,33225142502.3933
Antigua y Barbuda,1982,,71.5,2.09,64785,643362604.13355
Arabia Saudita,1982,63.1,63.9,6.98,6824486,360639670104.285
Argelia,1982,84.6,62.1,6.68,19872348,165252939539.093
Argentina,1982,32.8,71.1,3.2,28924262,441656341957.795
Armenia,1982,57.1,71.3,2.5,3163144,26519462927.267
Australia,1982,10.1,74.7,1.94,15192485,398461203731.425
Austria,1982,12.6,73.1,1.66,7573078,217710635736.701
Azerbaiyan,1982,84.9,65.2,3.39,6491435,71541369655.4145
Bahamas,1982,24.3,68.8,2.71,240614,6504681039.77714
Banglades,1982,127.8,53.3,6.12,92814507,122982690253.127
Barbados,1982,21.6,73.3,1.86,253095,3244760426.68665
Barein,1982,24,69,4.51,386983,7885796595.39099
Belgica,1982,11.2,73.7,1.61,9862327,278695163115.427
Belice,1982,47.3,71.6,5.5,152548,641478627.64568
Benin,1982,124.7,51.2,7.06,4156596,8886497818.90896
Bielorrusia,1982,17.7,71,1.99,9748282,116914148106.925
Bolivia,1982,107.2,58.9,5.35,6018088,28236322513.7905
Bosnia y Herzegovina,1982,27.2,69.9,2.05,4221100,18973319648.426
Botsuana,1982,50,60.2,5.97,1009269,4316132943.99828
Brasil,1982,69.7,67.8,3.84,126923155,1238163519696.16
Brunei,1982,12.5,69.6,3.84,198165,27215662827.1935
Bulgaria,1982,22.5,71.2,2.01,8912732,101879694557.329
Burkina Faso,1982,113.9,49.4,7.25,7340197,7807542498.45998
Burundi,1982,120.3,48.6,7.31,4681390,5143060114.8563
Butan,1982,125.6,53,6.4,462485,747381924.92505
Cabo Verde,1982,60.9,66.4,6.17,332724,468957319.42332
Camboya,1982,98.1,54,6.19,5436432,9995916470.30352
Camerun,1982,103.1,51.8,6.59,9028678,32061099215.3976
Canada,1982,9.2,75.7,1.62,25140164,733772148885.729
Catar,1982,27.2,69,5.04,311537,21080402213.1681
Chad,1982,124.8,46.1,6.96,4738483,4153649240.40155
Chile,1982,22.9,71.2,2.65,11850214,95242121529.7437
China,1982,44.6,63.9,2.97,1013588179,1223349340414.69
Chipre,1982,16.3,72.2,2.49,696497,9691302767.28114
Cisjordania y Gaza,1982,53.3,43.6,7.09,1560990,6379494689.4489
Colombia,1982,39.7,70.2,3.62,27338331,202661343849.421
Comoras,1982,111.9,60.6,7.13,357139,586566036.44696
Corea del Norte,1982,34,69.6,2.85,18776357,47881969521.2742
Corea del Sur,1982,10.5,67.9,2.43,39356154,254974167002.39
Costa Rica,1982,19.2,75.5,3.54,2524806,20434747623.3072
Costa de Marfil,1982,109.5,54.6,7.49,8907936,41721585498.9754
Croacia,1982,18.4,71,1.91,4689156,106038105506.065
Cuba,1982,16.3,74.5,1.78,9912681,76240042760.7059
Dinamarca,1982,8,74.5,1.42,5117894,157946197207.208
Dominica,1982,14.1,74.4,3.17,72688,352071100.34096
Ecuador,1982,62.5,67.6,4.5,8611298,68017874886.3709
Egipto,1982,102.6,58.9,5.33,46407611,224099852612.843
El Salvador,1982,70.8,59.4,4.83,4622477,20438737045.9111
Emiratos Arabes Unidos,1982,24.2,66.5,5.66,1166370,95325908379.5067
Eritrea,1982,111.1,40.1,6.63,1695461,1570571206.45914
Eslovenia,1982,14.6,71,1.93,1917975,54135652935.7207
Espana,1982,13.2,76,1.94,38047101,716724350368.662
Estados Unidos,1982,11.7,74.5,1.86,234583152,7306356686477.27
Estonia,1982,20.9,69.7,2.09,1494909,28649363009.2745
Etiopia,1982,139.5,44.8,7.34,36701290,33823265490.3863
Filipinas,1982,52.3,66.3,4.92,50695707,218188067077.756
Finlandia,1982,6.5,74.4,1.71,4826882,123917006522.43
Fiyi,1982,32.4,66.7,3.94,673414,4053059393.64326
Francia,1982,9.5,75.2,1.92,54582408,1514619315949.77
Gabon,1982,69.8,58.8,5.74,789286,11827262039.0746
Gambia,1982,98.6,56.8,6.4,765753,1656199242.87726
Georgia,1982,46.3,68.1,2.31,5246474,70983209729.2173
Ghana,1982,99.3,53.5,6.31,12643819,25035258648.5249
Granada,1982,,69.1,3.15,94383,495498466.05255
Grecia,1982,18.7,75.6,2.08,9837470,189920843167.875
Guatemala,1982,81.8,56.6,6.06,7240241,50219622856.0475
Guinea,1982,164.3,45.9,6.49,5247672,8369387178.2064
Guinea Ecuatorial,1982,145.1,46.1,5.88,322216,525255923.93112
Guinea-Bisau,1982,130.7,48.1,6.64,855891,1287816110.70597
Guyana,1982,52.4,63.9,3.68,776712,3599398097.29392
Haiti,1982,123,49.6,5.53,5835937,18001094625.3937
Honduras,1982,63.5,66.2,6.18,3958728,13912668367.5502
Hungria,1982,22,69,1.8,10656116,155915152211.599
India,1982,108.4,55.6,4.62,720313473,1131792753342.16
Indonesia,1982,80.8,59.7,4.25,156052152,478362558558.324
Irak,1982,51.6,55.6,6.46,14406083,159547161489.283
Iran,1982,68.5,56.8,6.59,44272141,376770979964.204
Irlanda,1982,10.4,73.2,2.95,3475536,63755906151.409
Islandia,1982,7,76.5,2.27,233845,7002477379.9473
Islas Marshall,1982,50.9,59.4,7.18,33397,94432699.2791
Islas Salomon,1982,38.8,59.5,6.64,255200,499650493.672
Israel,1982,14,74.8,3.13,3883632,75003465087.2218
Italia,1982,12.6,74.9,1.56,56719175,1535980461598.22
Jamaica,1982,31.3,72.8,3.46,2203889,13494380588.9595
Japon,1982,6.5,77.2,1.74,119485775,2779936480133.77
Jordania,1982,40.2,68.6,6.96,2426927,21348626517.8022
Kazajistan,1982,54.7,66.8,3.02,15492595,242662324090.54
Kenia,1982,65.8,60.3,7.35,17206175,45839491132.232
Kiribati,1982,85.1,63.2,4.95,63134,156405526.2854
Kuwait,1982,25.2,71.3,4.85,1662480,56321484988.0248
Laos,1982,130,48,6.37,3450026,5113239650.26928
Lesoto,1982,85.8,56.7,5.63,1490732,1903336892.40392
Letonia,1982,19.1,69.8,1.95,2532015,42890380928.9491
Libano,1982,37.8,52.7,3.86,3054931,14608583628.3776
Liberia,1982,157.1,47.8,6.79,2045073,8978374375.9872
Libia,1982,52.2,65.5,7.16,3724765,58417227060.6249
Liechtenstein,1982,,75.1,1.61,25847,
Lituania,1982,17.1,70.8,1.98,3477584,67738729773.1302
Luxemburgo,1982,10.5,72.9,1.49,365056,13713118940.8819
Macedonia del Norte,1982,50.2,69.7,2.29,1978956,27202584059.1565
Madagascar,1982,108.5,51,6.7,9557671,16246578376.337
Malasia,1982,22.4,69,3.97,13832798,107240164575.894
Malaui,1982,144.4,45,7.45,6778879,6930877736.4896
Maldivas,1982,97.3,58.5,7.15,174333,799215208.95759
Mali,1982,154.2,44.4,7.32,7860194,8975069611.40692
Malta,1982,13.9,73.1,2.07,346644,4066828752.97872
Marruecos,1982,87.3,59.9,5.6,20520318,74479597353.2957
Mauricio,1982,28.3,68,2.53,983610,6143913100.3419
Mauritania,1982,92.5,58.2,6.59,1561176,6053146986.65904
Mexico,1982,51.4,68.1,4.43,70433260,993575778630.3
"Micronesia, Estados Federados de",1982,45,59.2,6.16,82219,240411902.10547
Moldavia,1982,37.4,65.6,2.45,4130065,62023528140.9595
Monaco,1982,,75.3,2.2,27561,3284327979.897
Mongolia,1982,105.6,59,5.8,1785364,7222922409.27096
Montenegro,1982,,72.2,2.19,593629,10542802012.1809
Mozambique,1982,173.3,48.6,6.43,11824370,6202990008.469
Myanmar,1982,93.1,50.4,4.66,34482965,42038672289.603
Namibia,1982,61.5,56.9,6.08,1010308,8387268811.44152
Nauru,1982,,57.5,3.99,8040,387557478.4188
Nepal,1982,132.1,52.9,5.55,16297987,21300994900.5582
Nicaragua,1982,69.9,64.4,5.74,3438745,18557853855.6684
Niger,1982,135.3,41.2,7.86,6512732,9902097951.91996
Nigeria,1982,124.4,50.9,6.8,78378701,247532652350.876
Noruega,1982,8,76,1.71,4114736,141467484820.53
Nueva Zelanda,1982,12.1,74,1.95,3185123,77862733031.0809
Oman,1982,66.6,64.2,7.84,1117678,16853969807.6963
Paises Bajos,1982,8.4,76,1.49,14333900,405350170191.638
Pakistan,1982,119.4,59.6,6.67,89089246,196038429632.488
Palaos,1982,24.6,64.1,3.22,12694,237237247.08134
Panama,1982,33.4,74.9,3.66,2052271,21032620536.2936
Papua Nueva Guinea,1982,74,59.8,5.59,3264291,8947318773.19059
Paraguay,1982,47,71.9,5.13,3226189,23827013762.1214
Peru,1982,78.7,67.1,4.8,18246503,138388622987.785
Polonia,1982,20,71.6,2.34,36233460,358006761039.866
Portugal,1982,19.9,72.5,2.07,9885838,160949206977.165
Reino Unido,1982,10.8,74,1.78,56292755,1302805498378.88
Republica Centroafricana,1982,116.7,48.1,6.16,2507375,3282766125.8275
Republica Checa,1982,16,70.8,2,10299008,210240970014.966
Republica Democratica del Congo,1982,129,50.8,6.54,28338190,47217692947.628
Republica Dominicana,1982,60,67.1,4.01,6007114,32800821964.2764
Republica Eslovaca,1982,22.2,70.7,2.28,5051807,80015247807.8701
Republica Kirguisa,1982,73.7,64.5,4.2,3882811,25871631669.8528
Republica del Congo,1982,68,52.3,5.85,1910430,10461143598.0768
Ruanda,1982,111.8,43.1,8.06,5711549,7379074283.50575
Rumania,1982,32.5,70,2.17,22374443,243901669516.116
Rusia,1982,26.5,68.3,2.02,140247748,3258296292405.25
Samoa,1982,52.4,69.5,5.68,166484,684542103.66924
San Cristobal y Nieves,1982,37.7,66.3,3.18,42532,340972009.2072
San Marino,1982,,76,1.3,22055,1012391545.4356
San Vicente y las Granadinas,1982,37.7,69.6,3.74,105969,476472014.46693
Santa Lucia,1982,24.9,69.1,4.17,123087,711116950.2414
Santa Sede,1982,,,1,732,
Santo Tome y Principe,1982,62.1,63.1,6.28,102508,399921007.58596
Senegal,1982,87.4,52.5,7.25,6156961,16358564641.4851
Serbia,1982,,68.3,1.84,7849649,150588388191.226
Seychelles,1982,21.4,69.7,3.13,67650,555304645.4835
Sierra Leona,1982,164.1,46.1,6.56,3408183,7697523256.32195
Singapur,1982,10.7,72,1.67,2627417,56438123013.0322
Siria,1982,42.7,63.7,6.81,9572511,74073743003.4744
Somalia,1982,115.9,54.3,7.25,6003840,5651477091.9744
Sri Lanka,1982,34.1,69,3.32,15286567,50363954157.3851
Suazilandia,1982,76.5,52,6.49,637652,2223594439.91916
Sudafrica,1982,62.2,62.7,4.7,31615339,288412083355.067
Sudan,1982,86.7,53.6,6.47,18486645,39538759185.6926
Sudan del Sur,1982,171.1,49.2,7.34,4557686,5341376871.74294
Suecia,1982,6.8,76.4,1.62,8325183,235634171735.26
Suiza,1982,7.8,76.2,1.55,6391804,253484164059.217
Surinam,1982,59.1,69.3,3.82,376555,6144121698.7018
Tailandia,1982,43.4,67.6,2.94,47494577,221857890117.866
Tanzania,1982,107.6,55.4,6.87,20398571,24783286877.4348
Tayikistan,1982,100,65.6,6.03,4227171,23981133279.9254
Timor Oriental,1982,,51.4,5.56,669149,1218659110.5026
Togo,1982,102.7,53,6.73,3115042,5352884777.40422
Tonga,1982,23,67.3,5.5,97980,257988298.5396
Trinidad y Tobago,1982,32.3,68,3.11,1147927,20126870628.1701
Tunez,1982,62.2,65.2,4.89,6908642,36325510927.9995
Turkmenistan,1982,90.3,64.2,5.04,2985557,26589540400.771
Turquia,1982,82.6,64.3,4.21,47322096,360532226723.87
Tuvalu,1982,48.9,56.4,3.88,7664,18610794.23456
Ucrania,1982,21.7,70.1,1.95,50402724,849453254084.634
Uganda,1982,125,49.6,7.11,13873631,14113214178.7938
Uruguay,1982,29.4,71.8,2.51,2975492,33878766479.3386
Uzbekistan,1982,81.2,67.1,4.82,16462736,105427610919.078
Vanuatu,1982,46.3,64.1,5.6,121035,309160602.21075
Venezuela,1982,32.7,69.7,4.01,16121874,199613861573.133
Vietnam,1982,44.8,66.4,4.59,55011289,86378848112.8616
Yemen,1982,124.4,55.4,8.79,10241006,24983591199.945
Yibuti,1982,112.2,60.2,6.34,356880,1523490303.1176
Zambia,1982,98.3,52.2,7.04,6178637,12870813020.7006
Zimbabue,1982,61.6,63.2,6.33,7796496,27550933464.4613
Afganistan,1983,153.2,46.9,7.57,10917982,33741425720.6653
Albania,1983,52.4,71.5,3.32,2905130,14660047153.1113
Alemania,1983,10.4,74.1,1.43,78224133,2269445126027.83
Andorra,1983,,78.3,1.57,40565,1871010134.96145
Angola,1983,136,47.2,7.46,9082983,35369196748.8159
Antigua y Barbuda,1983,,71.8,2.12,64934,706075391.60224
Arabia Saudita,1983,59.4,64.6,6.88,7252941,337194148718.174
Argelia,1983,75,63.2,6.5,20558115,179341038652.752
Argentina,1983,31.3,70.9,3.15,29391332,469289111692.284
Armenia,1983,55.2,71.3,2.56,3191539,26625872284.8388
Australia,1983,9.8,75.1,1.93,15414893,406131258346.304
Austria,1983,12,73.3,1.56,7561163,229287323654.903
Azerbaiyan,1983,83.1,65.4,3.32,6602326,74519681948.1604
Bahamas,1983,24,69.3,2.65,244698,6953173730.29164
Banglades,1983,124.6,53.8,5.91,95335155,132086185139.657
Barbados,1983,20.8,73.5,1.86,253992,3324409429.25328
Barein,1983,22.8,69.3,4.41,400707,8792482064.30451
Belgica,1983,10.7,73.8,1.56,9869132,285443666457.317
Belice,1983,45.6,71.9,5.31,156297,669179384.8794
Benin,1983,122.8,51.4,7.05,4278978,8781722587.1232
Bielorrusia,1983,17,70.9,2.13,9815555,122529071703.937
Bolivia,1983,104.7,59.4,5.29,6149060,27705870433.2356
Bosnia y Herzegovina,1983,25.6,70.1,2.05,4258728,18634813431.6679
Botsuana,1983,47.9,60.9,5.79,1046137,4935032770.1779
Brasil,1983,66.7,67.6,3.72,129790077,1226531545474.89
Brunei,1983,12.1,69.9,3.75,204741,27373016189.7315
Bulgaria,1983,21.7,71.2,2.01,8933326,105015623119.741
Burkina Faso,1983,112.4,49.6,7.25,7551129,7849298694.06333
Burundi,1983,115,48.7,7.3,4808528,5423609656.988
Butan,1983,121.1,53.9,6.34,477460,828923906.6058
Cabo Verde,1983,60.3,66.8,6.07,337654,520144439.2332
Camboya,1983,92.3,54.5,6.3,5636203,10574672644.1492
Camerun,1983,99.5,52.3,6.58,9215397,34968334173.0319
Canada,1983,8.7,76,1.61,25412608,769550807568.026
Catar,1983,26,69.4,4.9,329709,19653939266.3537
Chad,1983,123.8,46.2,6.98,4979130,5024504712.1074
Chile,1983,20.8,71.2,2.62,12026138,94019791877.7313
China,1983,43.4,64.4,2.56,1029064956,1339590811970.51
Chipre,1983,14.8,72.6,2.49,707225,10485442887.38
Cisjordania y Gaza,1983,50.6,68.9,7.04,1618777,6089960029.01744
Colombia,1983,37.6,70.4,3.5,27988173,210216481657.919
Comoras,1983,108.4,61.2,7.11,367233,626922697.3092
Corea del Norte,1983,35,70,2.78,19054034,49366433419.6765
Corea del Sur,1983,9.8,67.7,2.1,40000941,294055459891.96
Costa Rica,1983,19.1,75.7,3.53,2595153,21432944345.436
Costa de Marfil,1983,108,54.9,7.42,9272744,41347195354.2357
Croacia,1983,17.5,71,1.89,4712884,104898927222.879
Cuba,1983,16.1,74.7,1.8,9991026,81056307134.5322
Dinamarca,1983,8,74.5,1.38,5114467,165629211527.386
Dominica,1983,13.8,74.6,3.18,72365,371056781.0679
Ecuador,1983,59.7,68,4.4,8840417,67650187631.6501
Egipto,1983,96.3,59.2,5.31,47786402,249131987401.467
El Salvador,1983,66.9,59.5,4.65,4707367,21406470261.4691
Emiratos Arabes Unidos,1983,22.3,66.8,5.48,1235305,94951790312.1004
Eritrea,1983,109.5,40.7,6.65,1736160,1674174608.7072
Eslovenia,1983,13.8,71.1,1.81,1923354,54102529315.6225
Espana,1983,12.6,76,1.8,38253244,747177404131.138
Estados Unidos,1983,11.2,74.6,1.83,236986365,7779133338578.37
Estonia,1983,20.2,69.7,2.17,1505237,29559924901.7556
Etiopia,1983,137.1,41.3,7.35,37740817,36562025605.5364
Filipinas,1983,51.7,66.1,4.87,52194620,227628096739.474
Finlandia,1983,6.3,74.5,1.73,4855788,130270981648.714
Fiyi,1983,31.2,66.8,3.88,689835,3981734621.82525
Francia,1983,9.1,75.3,1.79,54889408,1564931815926.84
Gabon,1983,67.9,59.5,5.76,811005,12632630760.9002
Gambia,1983,96.2,57.5,6.39,794525,1812008930.15375
Georgia,1983,45.1,68.3,2.34,5290180,75170542170.1948
Ghana,1983,98.4,53.7,6.23,13029836,23822468833.8524
Granada,1983,,65,3.31,94948,509473368.43872
Grecia,1983,17.7,75.7,1.99,9911493,193833863877.796
Guatemala,1983,78.9,59.2,5.98,7419642,49841751788.8039
Guinea,1983,161.4,46.1,6.49,5359814,8531483344.92046
Guinea Ecuatorial,1983,145.4,46.5,5.9,343421,553088370.45917
Guinea-Bisau,1983,129.6,48.4,6.69,869592,1265027396.4264
Guyana,1983,51.9,64.2,3.64,775891,3336394372.17939
Haiti,1983,120,50,5.51,5951096,18437380990.5958
Honduras,1983,60.8,67.1,6.06,4078174,14191788146.4389
Hungria,1983,22,68.9,1.75,10622989,159682678025.397
India,1983,105.7,55.9,4.57,737372681,1240457241281.86
Indonesia,1983,78.5,60.4,4.11,159651381,508244348927.635
Irak,1983,50.1,58,6.39,14840555,146453580111.561
Iran,1983,64.4,58.6,6.53,46029535,431397005403.728
Irlanda,1983,9.8,73.4,2.75,3497608,64853445305.4087
Islandia,1983,6.7,76.7,2.25,236964,6989890838.2758
Islas Marshall,1983,49.6,59.7,7.08,34811,109396182.50232
Islas Salomon,1983,37.6,59.8,6.57,264068,551471855.52284
Israel,1983,13.5,75,3.14,3959630,78606904042.8308
Italia,1983,11.9,74.8,1.51,56766111,1589420050125.35
Jamaica,1983,30.5,72.6,3.41,2234832,14266855147.8797
Japon,1983,6.2,77.3,1.77,119948947,2908849208417.11
Jordania,1983,38.6,69,6.81,2537307,22203059289.1687
Kazajistan,1983,53,66.9,3.07,15665551,254535731365.626
Kenia,1983,64.4,60.8,7.22,17846374,47716552240.1532
Kiribati,1983,84.2,63.5,4.91,64169,146874557.42379
Kuwait,1983,23,71.6,4.66,1744295,61874096501.5572
Laos,1983,127.7,48.5,6.38,3541001,5415380765.66613
Lesoto,1983,82.7,56.9,5.56,1534413,1980391718.89539
Letonia,1983,18.7,69.9,2.1,2546971,43592662895.3992
Libano,1983,36.4,68.9,3.73,3094996,18434800099.8525
Liberia,1983,156.1,47.7,6.76,2107113,8618576848.13226
Libia,1983,49.9,66.3,6.91,3718961,55860070344.2775
Liechtenstein,1983,,75.7,1.53,26238,
Lituania,1983,16.6,70.8,2.12,3505432,68709145244.885
Luxemburgo,1983,10.1,73.2,1.44,365490,14419255874.3514
Macedonia del Norte,1983,48.3,69.8,2.25,1991901,26717013574.541
Madagascar,1983,109.6,51,6.63,9843044,16774103850.2695
Malasia,1983,21,69.4,3.93,14285907,117291575670.583
Malaui,1983,143.4,45.1,7.36,7051709,7420679942.06658
Maldivas,1983,92.9,59.4,7.09,179128,881338608.5644
Mali,1983,150.5,44.9,7.28,8034400,9504842068.832
Malta,1983,13.4,73.5,2,348591,4161373365.42054
Marruecos,1983,83.9,60.6,5.41,21060696,75357714209.4698
Mauricio,1983,25.7,68.4,2.4,997366,6270169755.814
Mauritania,1983,90.6,58.4,6.54,1606746,6314232061.58886
Mexico,1983,49.2,68.6,4.3,71971240,973937512211.972
"Micronesia, Estados Federados de",1983,45.4,59.8,6.03,84680,244298164.6876
Moldavia,1983,36,65.5,2.58,4172076,65031615180.1555
Monaco,1983,,75.5,2.18,27960,3425644397.976
Mongolia,1983,101.9,59.3,5.63,1829092,7734554748.94268
Montenegro,1983,,72.3,2.17,596956,10489646563.717
Mozambique,1983,172.3,48.6,6.43,12073822,5537615718.97012
Myanmar,1983,91.2,51.1,4.63,35162715,43458909982.888
Namibia,1983,60.2,57.3,6,1037511,8218731471.1839
Nauru,1983,,57.7,4.06,8216,376863062.29
Nepal,1983,128,53.5,5.54,16689119,21096143725.5742
Nicaragua,1983,66.6,62.5,5.61,3530282,19519460132.4128
Niger,1983,136.7,41.3,7.9,6708644,9802102658.99896
Nigeria,1983,123.9,51.1,6.78,80438260,226552664455.862
Noruega,1983,8.1,76.1,1.66,4128336,150653063894.263
Nueva Zelanda,1983,11.9,74.2,1.92,3219278,80254484669.5345
Oman,1983,60.7,65,7.75,1181459,20082650665.2522
Paises Bajos,1983,8.2,76.1,1.47,14396901,421804954054.902
Pakistan,1983,117.9,60.1,6.64,92227711,214653408604.826
Palaos,1983,23.8,64.4,3.14,13006,233549135.17138
Panama,1983,32.3,75.1,3.6,2101106,20860920070.9276
Papua Nueva Guinea,1983,72.6,60.1,5.56,3333633,9463967900.89995
Paraguay,1983,45.7,72.2,5.09,3318068,23672753159.7388
Peru,1983,76.3,67,4.68,18705957,125861354872.515
Polonia,1983,19.3,71.4,2.42,36573699,383839124764.674
Portugal,1983,18.6,72.6,1.96,9925258,165454186836.035
Reino Unido,1983,10.4,74.3,1.77,56332058,1380695940750.08
Republica Centroafricana,1983,116.2,48.2,6.15,2537399,3101017864.78535
Republica Checa,1983,15.6,70.8,1.97,10302943,214844677643.394
Republica Democratica del Congo,1983,127.7,50.9,6.56,29250963,49468592124.6451
Republica Dominicana,1983,58.2,67.7,3.95,6147248,35162111026.048
Republica Eslovaca,1983,21.3,70.7,2.28,5086445,81446355091.1556
Republica Kirguisa,1983,70.7,64.7,4.17,3965758,27561345190.1826
Republica del Congo,1983,66.3,53,5.76,1950321,10986357476.7998
Ruanda,1983,105.3,43.5,8,5905311,7886652679.2846
Rumania,1983,31.8,70,2.08,22459207,259462232991.463
Rusia,1983,26,68.2,2.14,141331278,3352191322953.53
Samoa,1983,50.8,69.8,5.62,166714,684710894.3503
San Cristobal y Nieves,1983,35.4,66.7,3.1,42334,340768846.20068
San Marino,1983,,76.3,1.25,22229,1028361813.16327
San Vicente y las Granadinas,1983,34.2,70.1,3.56,106838,497951085.65838
Santa Lucia,1983,24,69.3,4.08,125044,769740928.4664
Santa Sede,1983,,,1,736,
Santo Tome y Principe,1983,63.3,63,6.22,104380,392471274.8498
Senegal,1983,85.4,53.2,7.19,6324504,16269111652.1782
Serbia,1983,,68.3,1.83,7864593,148497429877.936
Seychelles,1983,19.8,70.3,3.22,68360,567899954.1924
Sierra Leona,1983,162.8,46.1,6.57,3481646,7803035038.22794
Singapur,1983,10,72.4,1.54,2685981,63409336183.159
Siria,1983,40.8,67.4,6.69,9904809,75872070683.009
Somalia,1983,113.2,53.1,7.28,6198430,5188404571.2863
Sri Lanka,1983,31.2,69,3.11,15388794,53020410655.6867
Suazilandia,1983,72.7,51.5,6.43,658957,2252812123.39209
Sudafrica,1983,59.6,63.3,4.63,32739304,291801664627.762
Sudan,1983,86.1,50.5,6.41,19109770,40037468663.4045
Sudan del Sur,1983,168.8,48.5,7.34,4661574,4850597189.67228
Suecia,1983,6.6,76.7,1.61,8328915,245226438552.939
Suiza,1983,7.6,76.4,1.52,6419311,262395004542.103
Surinam,1983,48.1,69.5,3.87,378746,5947319217.43972
Tailandia,1983,41.6,68.4,2.76,48423309,238841097953.787
Tanzania,1983,107.4,55.6,6.81,21079874,25771265306.3094
Tayikistan,1983,99,65.6,5.98,4350874,24750437179.5173
Timor Oriental,1983,170.2,52,5.59,677707,1283861085.0037
Togo,1983,100.7,53.4,6.63,3222899,5193113172.68462
Tonga,1983,22.4,67.9,5.45,97998,275994074.27292
Trinidad y Tobago,1983,31.4,68.1,3.07,1160534,18408877001.1436
Tunez,1983,59.2,65.9,4.77,7053800,38738308544.52
Turkmenistan,1983,87.3,64.4,4.97,3067534,27162604790.4192
Turquia,1983,78.8,65.1,4.06,48447410,384985949248.54
Tuvalu,1983,47.9,56.7,3.91,7789,18557161.72269
Ucrania,1983,20.9,70,2.1,50637029,894543940857.78
Uganda,1983,122.1,49.5,7.07,14221881,15127788509.2201
Uruguay,1983,27.6,71.8,2.49,2988778,32489619741.6414
Uzbekistan,1983,76.7,67.2,4.71,16908400,108203026547.68
Vanuatu,1983,43.4,64.5,5.55,123998,346448074.6377
Venezuela,1983,31.5,70.2,3.93,16562205,185097132307.509
Vietnam,1983,43.9,66.8,4.52,56337921,94274214469.3513
Yemen,1983,117.6,56.5,8.83,10621499,26180743716.2028
Yibuti,1983,109.4,60.4,6.3,369553,1554116360.60818
Zambia,1983,100.2,52.3,7.01,6381038,13003314842.592
Zimbabue,1983,58.8,63.9,6.2,8098404,28119968028.8846
Afganistan,1984,148.7,43.8,7.55,11190221,34760759900.5837
Albania,1984,49.1,71.5,3.28,2964958,15316079626.8554
Alemania,1984,9.8,74.5,1.39,77998198,2385520900157.24
Andorra,1984,,78.5,1.48,42273,1907196668.16525
Angola,1984,135.3,47.4,7.46,9425917,38704503006.698
Antigua y Barbuda,1984,,72.1,2.04,64882,796595502.07918
Arabia Saudita,1984,55.9,65.4,6.78,7697307,344050674131.466
Argelia,1984,65.5,64.2,6.28,21271969,195091264683.802
Argentina,1984,30.1,70.9,3.12,29863093,489587393629.624
Armenia,1984,53.3,71.4,2.6,3224547,27469535815.6451
Australia,1984,9.6,75.3,1.87,15620653,441727269678.189
Austria,1984,11.3,73.8,1.53,7560715,235130445031.978
Azerbaiyan,1984,81.5,65.4,3.26,6706282,79099146828.3342
Bahamas,1984,23.7,69.8,2.59,248863,7510376909.15232
Banglades,1984,121.3,54.2,5.73,97814966,142796306899.808
Barbados,1984,20.1,73.7,1.75,254920,3509756644.0248
Barein,1984,21.9,69.4,4.3,415154,9552833392.92798
Belgica,1984,10.2,74.2,1.53,9874586,298915145090.919
Belice,1984,43.8,72.2,5.12,160044,731682896.67828
Benin,1984,120.9,51.7,7.03,4405895,9221093988.60715
Bielorrusia,1984,16.5,70.8,2.08,9881694,126319804736.571
Bolivia,1984,102.1,60.2,5.24,6281868,28421467482.9408
Bosnia y Herzegovina,1984,26.2,70.6,2.02,4295536,18672133866.1323
Botsuana,1984,46,61.7,5.63,1083660,5529680124.4338
Brasil,1984,64,67.5,3.6,132658864,1321926008597.79
Brunei,1984,11.6,70.3,3.68,211661,27586909331.0484
Bulgaria,1984,20.7,71.3,2,8952604,111517210914.986
Burkina Faso,1984,110.8,49.9,7.25,7772256,8109096947.83584
Burundi,1984,110.6,48.7,7.3,4926465,5516033442.26445
Butan,1984,117,54.8,6.26,492784,912416368.66608
Cabo Verde,1984,59.4,67,5.97,342505,545701937.81035
Camboya,1984,89,55,6.34,5845117,11218549775.1346
Camerun,1984,95.8,52.7,6.56,9475078,38623680860.6109
Canada,1984,8.3,76.3,1.61,25670375,830952329574.265
Catar,1984,24.8,69.8,4.76,347878,21636828679.1276
Chad,1984,122.7,46.3,7.02,5045145,5404923472.1139
Chile,1984,19.5,71.5,2.6,12207733,101089462399.444
China,1984,42.6,65,2.61,1043849638,1529592050238.31
Chipre,1984,13.5,73,2.51,719334,11726645406.898
Cisjordania y Gaza,1984,48.1,69.2,7,1688604,6382679116.722
Colombia,1984,35.7,70.4,3.35,28642690,221830745769.482
Comoras,1984,105,62.3,7.07,377637,677937605.4789
Corea del Norte,1984,36,70.2,2.71,19335043,50894141796.9821
Corea del Sur,1984,9.2,68.7,1.83,40598300,330775282583.48
Costa Rica,1984,18.8,75.7,3.52,2667595,23583148146.3774
Costa de Marfil,1984,106.9,55.2,7.35,9650516,41729369875.8031
Croacia,1984,16.7,71.1,1.88,4734488,107847145552.028
Cuba,1984,15.7,74.7,1.77,10073299,88256633096.5302
Dinamarca,1984,8,74.6,1.4,5111831,176582706523.32
Dominica,1984,13.7,74.7,3.15,72056,400495520.0288
Ecuador,1984,57.1,68.7,4.31,9074782,71854774174.8781
Egipto,1984,90,59.4,5.21,49247334,274154248874.377
El Salvador,1984,63.1,62.5,4.48,4798003,22489299172.1822
Emiratos Arabes Unidos,1984,20.7,67.9,5.3,1305996,100986864208.724
Eritrea,1984,107.8,41.3,6.62,1771730,1609516371.9301
Eslovenia,1984,13.1,71.3,1.75,1932706,54932290943.7172
Espana,1984,12,76.2,1.72,38437482,775859019758.228
Estados Unidos,1984,10.9,74.7,1.83,239353967,8501374288466.97
Estonia,1984,19.6,69.9,2.18,1515610,30232455255.3279
Etiopia,1984,134.5,39.9,7.36,38735722,36181285128.7795
Filipinas,1984,50.9,66.2,4.77,53726181,215838321160.928
Finlandia,1984,6.1,74.6,1.69,4881825,137070654619.831
Fiyi,1984,30.1,67,3.8,706716,4457184518.48364
Francia,1984,8.8,75.7,1.81,55176619,1621399112470.42
Gabon,1984,66.2,60.1,5.73,833501,13802429073.4331
Gambia,1984,93.7,58.1,6.39,825631,1783114271.68649
Georgia,1984,44.1,68.3,2.38,5334257,81072120913.3585
Ghana,1984,96.8,54,6.15,13370590,26246061169.2404
Granada,1984,19.5,69.3,3.22,95498,531785708.77328
Grecia,1984,16.7,75.9,1.87,9978782,203254899547.715
Guatemala,1984,76.1,59.9,5.86,7630682,51226318439.0483
Guinea,1984,158.5,46.4,6.51,5480096,8631139801.40032
Guinea Ecuatorial,1984,142.7,46.9,5.93,364899,559768209.66198
Guinea-Bisau,1984,128.4,48.7,6.73,883519,1354903051.10342
Guyana,1984,51.4,64.1,3.54,774111,3401224621.88145
Haiti,1984,117.1,50.4,5.51,6069230,19016043642.7009
Honduras,1984,58.2,67.9,5.94,4199850,15233486221.4895
Hungria,1984,21.9,68.9,1.76,10584328,167735712497.324
India,1984,103.1,56,4.52,754875449,1310085858619.21
Indonesia,1984,76.2,61.1,3.96,163251124,556023014137.986
Irak,1984,48.7,61.9,6.32,15310733,147447965274.21
Iran,1984,60.8,60.6,6.43,47793998,423139839759.701
Irlanda,1984,9.3,73.6,2.59,3515954,68588770569.4191
Islandia,1984,6.4,76.9,2.08,239501,7417713400.45915
Islas Marshall,1984,48.2,60.1,6.99,36264,111735750.1452
Islas Salomon,1984,36.5,60.1,6.49,273163,567905950.75401
Israel,1984,12.8,75.3,3.08,4033735,81665373819.8553
Italia,1984,11.2,75.5,1.46,56810353,1673543447516.26
Jamaica,1984,29.7,72.5,3.32,2264562,14763398223.5226
Japon,1984,5.8,77.6,1.78,120384394,3075035591194.84
Jordania,1984,37.1,69.5,6.67,2654688,24229747233.2803
Kazajistan,1984,51.4,67,3.15,15844621,253665596592.611
Kenia,1984,63.4,61.1,7.08,18514906,49916087891.551
Kiribati,1984,83,63.7,4.91,65228,166063246.38744
Kuwait,1984,21.1,72,4.45,1820688,65864556043.6282
Laos,1984,125.3,48.9,6.37,3637843,5903272549.49454
Lesoto,1984,79.8,57.3,5.48,1578986,2161056830.45824
Letonia,1984,17.8,70.1,2.11,2562773,44677287262.3432
Libano,1984,35,69.2,3.66,3152744,27420452672.0169
Liberia,1984,155.9,47.7,6.73,2173312,8563285029.056
Libia,1984,47.6,67.1,6.62,3773633,52382373152.007
Liechtenstein,1984,,76.2,1.51,26627,
Lituania,1984,16.1,70.8,2.09,3534124,69775000574.1738
Luxemburgo,1984,9.7,73.4,1.42,365897,15574364773.3104
Macedonia del Norte,1984,46.2,70,2.24,2003399,27662441036.6618
Madagascar,1984,110,51,6.55,10134550,17095406785.7645
Malasia,1984,19.7,69.7,3.89,14759009,130108285739.658
Malaui,1984,144.6,45.2,7.27,7332810,7989891151.6197
Maldivas,1984,88.8,60.4,7.03,184198,1078834801.3499
Mali,1984,147,45.3,7.26,8208599,10000954964.421
Malta,1984,12.8,73.9,1.96,350551,4350484892.52879
Marruecos,1984,80.6,61.3,5.2,21593778,79821839594.4445
Mauricio,1984,23.9,68.7,2.23,1011238,6668861173.53244
Mauritania,1984,88.5,58.8,6.48,1653693,6287268866.89143
Mexico,1984,47.3,69,4.18,73506846,1030669666736.69
"Micronesia, Estados Federados de",1984,45.7,60.2,5.89,87176,233672751.22888
Moldavia,1984,34.5,65.7,2.67,4215888,66719775352.343
Monaco,1984,,75.7,2.17,28356,3582059039.046
Mongolia,1984,98.3,59.7,5.45,1874349,8286241473.97479
Montenegro,1984,23.8,72.3,2.14,600247,10988668827.1899
Mozambique,1984,170.9,46.1,6.44,12315954,5369875531.91334
Myanmar,1984,89.2,51.8,4.52,35899313,44858086718.2333
Namibia,1984,58.7,57.8,5.94,1065989,8191887621.53432
Nauru,1984,,57.8,4.11,8377,365020877.29443
Nepal,1984,123.9,54.2,5.51,17085242,23589166156.6452
Nicaragua,1984,63.6,62,5.49,3619104,19301006917.0675
Niger,1984,138.3,41.2,7.92,6909971,8311528848.09462
Nigeria,1984,123.9,51.2,6.7,82526443,222998062932.323
Noruega,1984,8.2,76.1,1.66,4139972,163640064502.517
Nueva Zelanda,1984,11.6,74.3,1.93,3249828,86739624189.239
Oman,1984,55.3,65.8,7.64,1247716,23710439940.6389
Paises Bajos,1984,8,76.2,1.49,14462807,444804965503.739
Pakistan,1984,116.4,60.5,6.62,95164936,228357377877.921
Palaos,1984,35.1,64.8,3.08,13337,238010029.4302
Panama,1984,31.1,75.2,3.52,2150782,21914269254.8503
Papua Nueva Guinea,1984,71.3,60.5,5.51,3405198,9611654178.02442
Paraguay,1984,44.4,72.6,5.04,3412936,24935932522.0733
Peru,1984,73.7,67,4.57,19174716,133801466414.834
Polonia,1984,18.6,71.2,2.38,36905800,395998359701.598
Portugal,1984,17.6,72.9,1.9,9956896,166735714690.275
Reino Unido,1984,10,74.6,1.77,56451313,1440319918882.71
Republica Centroafricana,1984,115.9,48.3,6.14,2568610,3386808325.3279
Republica Checa,1984,15.4,70.9,1.97,10303818,220835650704.922
Republica Democratica del Congo,1984,126.3,51.1,6.59,30245081,53697468860.1428
Republica Dominicana,1984,56.4,68.2,3.82,6289040,36338933900.9048
Republica Eslovaca,1984,20.3,70.7,2.26,5119386,83553868320.8938
Republica Kirguisa,1984,67.5,65,4.2,4039347,27794102471.547
Republica del Congo,1984,64.6,53.7,5.66,1999528,11630970363.0429
Ruanda,1984,100.9,44,7.91,6107627,8517312200.15662
Rumania,1984,31.6,69.9,2.25,22533999,281162419018.446
Rusia,1984,25.6,67.9,2.1,142464239,3396041151098.3
Samoa,1984,31.7,70.1,5.55,166796,689964922.6218
San Cristobal y Nieves,1984,33.2,67.1,2.88,42113,380302880.86878
San Marino,1984,,76.5,1.2,22346,1063244133.94768
San Vicente y las Granadinas,1984,31,70.5,3.28,107687,542450166.86911
Santa Lucia,1984,23.2,69.5,4.02,127067,855604488.1903
Santa Sede,1984,,,1,742,
Santo Tome y Principe,1984,64.6,63.1,6.16,106394,376153361.19608
Senegal,1984,83.2,53.8,7.11,6499364,16635759550.6275
Serbia,1984,34.5,68.4,1.81,7875051,151881909423.555
Seychelles,1984,18.6,70.5,3.24,69083,616947123.52245
Sierra Leona,1984,161.5,46.1,6.59,3558758,8288646673.5478
Singapur,1984,9.4,72.9,1.54,2720923,70287247158.7528
Siria,1984,39.1,67.7,6.59,10258398,72281338488.3661
Somalia,1984,112.1,52.2,7.3,6428389,5607494331.54185
Sri Lanka,1984,28.2,68.7,3.01,15441860,56734418670.6668
Suazilandia,1984,68.9,52.9,6.36,680783,2348711337.08661
Sudafrica,1984,57.3,64.1,4.57,33892788,315920219435.622
Sudan,1984,85.4,50,6.34,19546528,38054771797.7792
Sudan del Sur,1984,166.2,48.5,7.35,4750627,5143546323.50538
Suecia,1984,6.5,76.8,1.66,8336487,260592010049.906
Suiza,1984,7.4,76.8,1.52,6442422,275630071463.056
Surinam,1984,46.9,69.8,3.8,382193,5880114291.2666
Tailandia,1984,40,69.8,2.58,49351708,257407674747.543
Tanzania,1984,107,55.8,6.72,21779066,27249286783.3875
Tayikistan,1984,97.3,65.8,5.96,4480026,24972942179.4126
Timor Oriental,1984,163.5,53.3,5.61,686777,1351938930.1236
Togo,1984,98.9,53.8,6.54,3332837,5621550593.12821
Tonga,1984,21.9,68.5,5.41,97990,352654965.5471
Trinidad y Tobago,1984,30.5,68.2,3.02,1172984,18281370465.7916
Tunez,1984,56.4,66.5,4.66,7220044,41674258512.8028
Turkmenistan,1984,84.4,64.6,4.96,3154079,26993569256.0345
Turquia,1984,75.1,65.8,3.91,49574069,419089188663.874
Tuvalu,1984,47,57.1,3.95,7902,19885788.13554
Ucrania,1984,20.1,69.9,2.08,50887599,924740747092.73
Uganda,1984,119.3,49.2,7.02,14607677,14515909381.9345
Uruguay,1984,26.4,71.9,2.47,3002488,32664013027.3155
Uzbekistan,1984,72.5,67.3,4.73,17378846,103077591266.256
Vanuatu,1984,40.6,65,5.49,127109,381474203.66181
Venezuela,1984,30.5,70.6,3.86,17008841,191946972649.556
Vietnam,1984,43,67.3,4.41,57706067,104930727721.156
Yemen,1984,111.5,57,8.85,11025597,26957198328.0811
Yibuti,1984,106.5,60.5,6.25,384053,1588411250.94987
Zambia,1984,102.7,52.2,6.97,6580490,13158575554.7589
Zimbabue,1984,56,64.6,6.04,8391488,27645367767.0419
Afganistan,1985,144.5,46.5,7.55,11426852,35058159906.1742
Albania,1985,45.9,71.4,3.21,3026242,15620021075.957
Alemania,1985,9.2,74.7,1.38,77863424,2487068774779.5
Andorra,1985,,78.6,1.43,43825,1945542783.221
Angola,1985,134.9,47.7,7.45,9779120,39390904012.4288
Antigua y Barbuda,1985,,72.3,2.15,64591,882605798.68429
Arabia Saudita,1985,52.3,66,6.65,8151779,333715903563.339
Argelia,1985,57.2,65.2,6.04,22008544,209539655270.659
Argentina,1985,29,71.7,3.07,30336441,465589550888.926
Armenia,1985,51.4,71.4,2.64,3260432,28302273648.2114
Australia,1985,9.3,75.4,1.9,15835747,473423640954.818
Austria,1985,10.7,74.1,1.48,7564309,245272304952.153
Azerbaiyan,1985,79.9,65.4,3.2,6799814,82204430337.5469
Bahamas,1985,23.4,70.4,2.55,253154,7964454772.18358
Banglades,1985,117.9,54.3,5.54,100253825,150850576048.324
Barbados,1985,19.5,73.8,1.77,255820,3609475413.5546
Barein,1985,21.1,69.6,4.28,430358,9875110003.944
Belgica,1985,9.9,74.4,1.5,9880337,309038155282.442
Belice,1985,41.9,72.5,5,163796,737495281.8774
Benin,1985,118.9,52.1,7,4538012,9864974086.08416
Bielorrusia,1985,16,71,2.04,9944186,127226242847.719
Bolivia,1985,99.5,60.8,5.15,6416185,28628543763.0614
Bosnia y Herzegovina,1985,24.1,70.9,1.96,4330364,18594869469.5786
Botsuana,1985,44.4,62.4,5.48,1121945,6131804726.82195
Brasil,1985,61.4,67.9,3.48,135515595,1456232102253.15
Brunei,1985,11.2,70.5,3.61,218919,27236137755.5628
Bulgaria,1985,19.7,71.2,1.97,8958854,113550546338.159
Burkina Faso,1985,109,50.1,7.24,7999935,9208373261.35935
Burundi,1985,106.9,48.8,7.29,5034042,6236807884.89174
Butan,1985,112.9,55.5,6.18,508392,977793790.6656
Cabo Verde,1985,58,67.7,5.92,347365,597924425.1871
Camboya,1985,87.5,55.4,6.31,6043783,11849007550.1211
Camerun,1985,92.4,53.3,6.56,9761730,42992711518.9671
Canada,1985,8,76.3,1.59,25927465,888524492898.188
Catar,1985,23.7,70.2,4.64,365940,19398368410.398
Chad,1985,121.5,47,7.04,5096269,5922554969.56143
Chile,1985,18.9,72.1,2.59,12395274,104534757914.439
China,1985,42.2,65.6,2.63,1059807820,1714224693071.34
Chipre,1985,12.2,73.6,2.43,731277,12610838328.6368
Cisjordania y Gaza,1985,45.6,69.5,6.94,1745256,6268270437.6684
Colombia,1985,34.1,68.3,3.23,29268470,236924633310.927
Comoras,1985,101.8,63.1,7.02,388352,712447546.04288
Corea del Norte,1985,27.7,70.5,2.65,19620388,52448029459.2329
Corea del Sur,1985,8.5,69.3,1.71,41148963,362783154224.295
Costa Rica,1985,18.2,75.8,3.51,2741894,24155730653.4429
Costa de Marfil,1985,106.1,55.4,7.27,10040483,44587999102.2888
Croacia,1985,15.7,71.2,1.83,4754555,108487875972.959
Cuba,1985,15,74.8,1.77,10157228,90745393779.0256
Dinamarca,1985,8,74.6,1.44,5113880,187676867032.924
Dominica,1985,13.7,74.8,3.12,71744,418873340.6848
Ecuador,1985,54.6,69.3,4.15,9311154,76327844499.2098
Egipto,1985,83.9,59.6,5.12,50734968,300402255414.428
El Salvador,1985,59.5,64.8,4.32,4894706,23425124894.5422
Emiratos Arabes Unidos,1985,19.3,68.5,5.13,1377911,101727643593.136
Eritrea,1985,106,41.9,6.59,1807816,1401838430.74648
Eslovenia,1985,12.3,71.5,1.72,1941472,55254090294.4202
Espana,1985,11.4,76.2,1.64,38601321,813767959235.376
Estados Unidos,1985,10.6,74.7,1.85,241690443,8994736875413.35
Estonia,1985,19,70,2.13,1525280,30133158776.9024
Etiopia,1985,132,45.4,7.34,39842136,33159413731.8773
Filipinas,1985,49.8,66.3,4.66,55213006,203967102188.385
Finlandia,1985,6,74.6,1.64,4902261,144419332903.416
Fiyi,1985,29.1,67,3.66,723761,4401689493.26925
Francia,1985,8.5,75.8,1.82,55467150,1677151338696.66
Gabon,1985,64.7,60.7,5.71,856726,14619488484.5196
Gambia,1985,91.3,58.7,6.36,858874,1886489111.02342
Georgia,1985,43.2,68.4,2.4,5376896,86046809895.2717
Ghana,1985,94.7,54.3,6.12,13661229,28249732087.8096
Granada,1985,19.4,69.5,3.48,96111,573388118.00613
Grecia,1985,15.8,76,1.74,10037037,213593417707.758
Guatemala,1985,73.2,60.5,5.73,7849693,51973868426.8927
Guinea,1985,155.7,46.6,6.53,5610373,9024052588.85034
Guinea Ecuatorial,1985,140.1,47.4,5.95,385547,636926284.99695
Guinea-Bisau,1985,127.3,49,6.74,897697,1433039306.15366
Guyana,1985,50.8,64.5,3.47,771477,3524525346.55095
Haiti,1985,114.3,50.7,5.5,6190862,19669919694.4741
Honduras,1985,55.8,68.6,5.82,4323342,16243795277.7367
Hungria,1985,21.4,69,1.85,10547265,169678625114.303
India,1985,100.6,56.1,4.43,772647793,1393970885454.11
Indonesia,1985,74,61.8,3.73,166776185,584392896578.224
Irak,1985,47.4,61.3,6.25,15683430,146367475391.661
Iran,1985,57.6,61.7,6.24,49582289,439467829894.028
Irlanda,1985,8.9,73.6,2.49,3531271,71729073268.2795
Islandia,1985,6.1,77.2,1.94,241402,7795270078.58382
Islas Marshall,1985,46.8,60.3,6.87,37761,108110421.56517
Islas Salomon,1985,35.6,60.4,6.38,282455,571000241.04355
Israel,1985,12.1,75.6,3.04,4105359,86352513678.3204
Italia,1985,10.5,75.6,1.42,56855501,1756122394986.43
Jamaica,1985,29,72.7,3.21,2290656,14725685254.2806
Japon,1985,5.5,77.9,1.74,120832163,3267056957682.02
Jordania,1985,35.7,69.8,6.53,2778810,24873845020.6752
Kazajistan,1985,49.9,67.4,3.21,16031090,256688779074.695
Kenia,1985,62.7,61.5,6.96,19201768,53468101819.7101
Kiribati,1985,81.4,63.9,4.91,66496,150328345.71456
Kuwait,1985,19.7,72.2,4.22,1894242,63199634561.8373
Laos,1985,123,49.3,6.33,3739985,6485201272.33015
Lesoto,1985,77.4,57.5,5.4,1624379,2259659234.90206
Letonia,1985,16.8,70.3,2.06,2579231,43595036231.2551
Libano,1985,33.6,70.8,3.53,3217376,35052054491.1968
Liberia,1985,156.7,47.7,6.69,2240539,8435996738.58522
Libia,1985,45.5,67.9,6.33,3898745,57765700554.1202
Liechtenstein,1985,,76.7,1.5,27009,
Lituania,1985,15.4,71.1,2.1,3562389,67844685753.4312
Luxemburgo,1985,9.4,73.7,1.39,366661,16683644378.2081
Macedonia del Norte,1985,45,70.1,2.25,2014331,27519747216.7497
Madagascar,1985,109.6,51.1,6.46,10433142,17726073310.3064
Malasia,1985,18.6,70.2,3.8,15252258,131832712503.923
Malaui,1985,146.9,45.3,7.17,7620508,8581700277.41348
Maldivas,1985,84.9,61.3,6.94,190169,1238948022.72304
Mali,1985,143.7,45.8,7.26,8374663,10469551367.0514
Malta,1985,12.3,74.4,1.95,352566,4563884059.29792
Marruecos,1985,77.2,62,4.99,22113953,85952710219.1398
Mauricio,1985,23.7,68.9,2.05,1025063,7234984910.79715
Mauritania,1985,86.3,59.1,6.42,1702107,6613597037.12994
Mexico,1985,45.5,69.3,4.09,75043414,1073419360160.88
"Micronesia, Estados Federados de",1985,45.6,60.6,5.75,89707,272206314.38068
Moldavia,1985,32.9,66.2,2.67,4261131,60477322616.7541
Monaco,1985,,75.8,2.14,28731,3750965525.6067
Mongolia,1985,94.6,60.2,5.26,1921514,8859387134.68844
Montenegro,1985,21.8,72.3,2.13,603500,11155504036.005
Mozambique,1985,169.2,46.1,6.43,12548949,5334831912.47769
Myanmar,1985,87.3,52.5,4.32,36622827,45113422194.1138
Namibia,1985,57.1,58.2,5.88,1096890,8220934711.3764
Nauru,1985,,57.9,4.14,8551,353416006.43997
Nepal,1985,119.7,54.9,5.46,17477692,25470797041.3133
Nicaragua,1985,60.9,62.6,5.36,3706479,18600536614.9163
Niger,1985,139.8,41.3,7.93,7118457,8940515121.04707
Nigeria,1985,124.3,51.3,6.62,84897973,240732152744.184
Noruega,1985,8.3,76.1,1.68,4152400,176456664409.956
Nueva Zelanda,1985,11.3,74.2,1.93,3268028,88947373590.3106
Oman,1985,50.4,66.5,7.51,1325480,29229221587.124
Paises Bajos,1985,7.9,76.2,1.51,14538959,466606247719.139
Pakistan,1985,114.8,61,6.59,98229285,253598785746.248
Palaos,1985,34.3,65.1,3.01,13688,215736357.8892
Panama,1985,30.1,75.3,3.43,2200915,23536482843.5257
Papua Nueva Guinea,1985,70.2,60.8,5.47,3478936,10164048632.8984
Paraguay,1985,43.2,73.2,4.97,3510671,26465116976.4058
Peru,1985,70.7,67.6,4.46,19648204,139187109284.188
Polonia,1985,17.8,71,2.32,37200853,414461796359.641
Portugal,1985,16.5,73.2,1.73,9979469,173501786529.324
Reino Unido,1985,9.7,74.6,1.79,56606414,1522059748603.43
Republica Centroafricana,1985,115.7,48.6,6.12,2600932,3510862182.09368
Republica Checa,1985,15.1,71,1.95,10305145,227074039388.532
Republica Democratica del Congo,1985,125.2,51.3,6.61,31264816,55578323175.3605
Republica Dominicana,1985,54.6,68.7,3.69,6430404,36298935581.9357
Republica Eslovaca,1985,19.4,70.8,2.25,5151166,84393440222.7807
Republica Kirguisa,1985,64.4,65.5,4.2,4102391,26547210369.9679
Republica del Congo,1985,63.1,54.4,5.59,2059311,11976877075.7276
Ruanda,1985,97.8,44.4,7.79,6317228,9004325302.35332
Rumania,1985,31.8,69.7,2.31,22605820,288490041983.279
Rusia,1985,25,68.6,2.09,143569389,3477735334908.08
Samoa,1985,30.5,70.5,5.49,166849,712504778.4081
San Cristobal y Nieves,1985,31.1,67.5,2.82,41874,410138433.02796
San Marino,1985,,76.8,1.17,22485,1095876615.38355
San Vicente y las Granadinas,1985,28.1,70.9,3.08,108506,587439887.96378
Santa Lucia,1985,22.2,69.7,3.97,129159,976544962.93233
Santa Sede,1985,,,1,747,
Santo Tome y Principe,1985,66,63.2,6.1,108658,418951815.01998
Senegal,1985,80.8,54.4,7.01,6683287,17501853754.4449
Serbia,1985,33.5,68.6,1.8,7881548,152613096566.493
Seychelles,1985,17.5,70.5,3.09,69823,697163559.10773
Sierra Leona,1985,160.4,46,6.59,3638438,8180700201.6581
Singapur,1985,8.8,73.4,1.53,2735030,71721560198.7765
Siria,1985,37.4,68,6.48,10625672,77770845459.909
Somalia,1985,111.5,52.1,7.33,6693289,6413722901.85332
Sri Lanka,1985,25.2,68.9,2.9,15544154,60049344586.8856
Suazilandia,1985,65.3,53.6,6.28,706196,2440955527.962
Sudafrica,1985,55.1,64.7,4.5,35042093,320906572985.541
Sudan,1985,84.6,50.4,6.28,19905872,37398848350.9346
Sudan del Sur,1985,163.8,48.5,7.36,4834296,5740945396.92288
Suecia,1985,6.4,76.8,1.73,8350244,271142338427.745
Suiza,1985,7.3,77,1.51,6470957,293118582636.629
Surinam,1985,45.9,70.1,3.71,386972,6748012728.58232
Tailandia,1985,38.3,70.8,2.45,50270753,273954451425.26
Tanzania,1985,106.4,56,6.6,22501693,28712859170.5846
Tayikistan,1985,94.9,66.2,5.94,4619003,25098705290.7684
Timor Oriental,1985,157,54.1,5.65,696665,1424320048.76095
Togo,1985,97.1,54.1,6.46,3441091,5943888808.77153
Tonga,1985,21.4,69.1,5.34,97984,381205489.96608
Trinidad y Tobago,1985,29.8,68.4,2.99,1187366,17675882864.1918
Tunez,1985,53.9,67.1,4.52,7409903,44627124037.5291
Turkmenistan,1985,81.7,64.7,4.97,3247534,27239148223.1324
Turquia,1985,71.5,66.6,3.78,50687115,447553446664.658
Tuvalu,1985,46.4,57.5,3.97,8046,19517765.535
Ucrania,1985,19.3,70.3,2.03,51108770,927634636954.131
Uganda,1985,117.2,48.7,7.04,15023681,14491223716.9428
Uruguay,1985,25.3,72.3,2.47,3017037,33484067270.0989
Uzbekistan,1985,68.8,67.3,4.69,17875339,104751583853.525
Vanuatu,1985,38,65.3,5.43,130356,388796650.9848
Venezuela,1985,29.6,70.9,3.79,17461434,194777312078.279
Vietnam,1985,42,67.8,4.21,59060622,113399605366.018
Yemen,1985,106.2,57.5,8.86,11453825,26506419938.1942
Yibuti,1985,103.8,60.6,6.19,402687,1602913788.84492
Zambia,1985,105.6,52,6.93,6780953,13656219427.2767
Zimbabue,1985,53.6,65.3,5.87,8686813,29617683798.2803
Afganistan,1986,140.2,48,7.55,11420074,36569484756.4022
Albania,1986,43.2,71.6,3.14,3087652,16561602603.423
Alemania,1986,8.7,75,1.42,77923807,2578968546651.36
Andorra,1986,,78.7,1.4,45734,2018622403.42828
Angola,1986,134.4,47.9,7.44,10139450,40570745035.815
Antigua y Barbuda,1986,,72.5,2.03,64276,996605342.24176
Arabia Saudita,1986,48.8,66.6,6.52,8628639,341442526507.02
Argelia,1986,50.9,66,5.65,22745499,213742258395.572
Argentina,1986,28.1,72,3.05,30811980,507290734828.75
Armenia,1986,49.6,71.4,2.66,3294847,28053127215.0577
Australia,1986,9.1,75.8,1.87,16069633,489837851076.781
Austria,1986,10,74.6,1.46,7569395,254408291157.151
Azerbaiyan,1986,78.5,65.4,3.14,6891347,84438505811.8084
Bahamas,1986,22.9,70.8,2.53,257536,8210775077.67296
Banglades,1986,114.4,55,5.3,102635572,159852254365.887
Barbados,1986,18.8,74,1.69,256618,3832660335.7955
Barein,1986,20.5,69.2,4.25,446286,10332931061.1142
Belgica,1986,9.5,74.7,1.54,9886984,318481973659.143
Belice,1986,39.9,72.7,4.94,167554,788819871.32394
Benin,1986,116.9,52.5,6.96,4675420,10198874786.2384
Bielorrusia,1986,15.4,71.6,2.13,10004288,130270810480.98
Bolivia,1986,96.8,61.3,5.12,6552479,28211782664.9047
Bosnia y Herzegovina,1986,22.1,71.4,1.91,4362115,18929221376.8425
Botsuana,1986,43,63.1,5.33,1160650,6747528481.6385
Brasil,1986,59,68.1,3.36,138336370,1588009600315.41
Brunei,1986,10.7,70.8,3.55,226495,26207397069.892
Bulgaria,1986,18.8,71.3,2,8963469,119990140348.128
Burkina Faso,1986,107.1,50.3,7.22,8228847,10234934980.8008
Burundi,1986,104.5,48.9,7.32,5129414,6476743838.9036
Butan,1986,108.9,56.5,6.1,524324,1088749751.89748
Cabo Verde,1986,56.2,68.1,5.81,352312,616236127.50352
Camboya,1986,86.6,55.8,6.23,6285693,12461774136.9012
Camerun,1986,89.4,53.5,6.57,10060342,46886515137.9009
Canada,1986,7.7,76.5,1.58,26211031,919987329836.583
Catar,1986,22.5,70.6,4.57,382422,19055299097.785
Chad,1986,120.4,46.8,7.07,5251069,6409927995.22759
Chile,1986,18.6,72.9,2.59,12588914,111009737427.051
China,1986,42,66.1,2.72,1077233607,1846963609555
Chipre,1986,11.3,73.9,2.45,743105,13364978506.2668
Cisjordania y Gaza,1986,43.3,69.7,6.91,1789310,7330839249.8482
Colombia,1986,32.7,70.5,3.15,29879112,253548811010.508
Comoras,1986,98.7,63.9,6.95,399318,740545030.26372
Corea del Norte,1986,27.4,70.8,2.59,19910855,52873390139.0248
Corea del Sur,1986,7.9,69.7,1.62,41718505,408379701201.741
Costa Rica,1986,17.3,76,3.45,2817216,25735297599.9072
Costa de Marfil,1986,105.5,55.5,7.19,10440917,47340697388.7421
Croacia,1986,14.8,71.5,1.77,4773051,112095247406.176
Cuba,1986,14.1,75,1.78,10244247,91259204894.5664
Dinamarca,1986,8,74.7,1.48,5120688,198446291642.448
Dominica,1986,13.8,74.8,3.08,71406,459219397.22874
Ecuador,1986,52.3,69.9,4,9545998,79529593145.2453
Egipto,1986,78.4,60,5,52206295,317860108572.482
El Salvador,1986,56.2,65.1,4.19,4992769,24016034209.1777
Emiratos Arabes Unidos,1986,18,69,5,1467383,84902636855.2688
Eritrea,1986,103.9,42.6,6.56,1845164,1513716360.3562
Eslovenia,1986,11.5,71.9,1.67,1964835,57200406513.4836
Espana,1986,10.9,76.5,1.55,38735705,856300577090.751
Estados Unidos,1986,10.4,74.8,1.85,243953807,9394870241850.13
Estonia,1986,18.5,70.3,2.17,1535593,30856304050.6639
Etiopia,1986,129.7,45.6,7.32,41037656,36279898309.2982
Filipinas,1986,48.4,66.5,4.56,56645077,213363673012.73
Finlandia,1986,6,74.7,1.6,4918255,149957267099.122
Fiyi,1986,28.2,67.2,3.54,739306,4808595075.87004
Francia,1986,8.2,76.1,1.83,55752834,1736832123298.92
Gabon,1986,63.5,61.1,5.69,880705,14752289324.2973
Gambia,1986,88.9,59.2,6.34,894019,1959706419.79644
Georgia,1986,42.5,68.6,2.38,5419133,86260922325.6735
Ghana,1986,92.1,54.7,6.08,13965217,30100454715.1962
Granada,1986,19.3,69.6,3.58,96790,627583370.1569
Grecia,1986,14.9,76.2,1.66,10088763,219162856126.439
Guatemala,1986,70.4,61.1,5.66,8070818,52664285295.1578
Guinea,1986,152.8,46.9,6.55,5750668,9333690302.86924
Guinea Ecuatorial,1986,137.7,47.8,5.96,404728,625309511.50672
Guinea-Bisau,1986,145.9,49.3,6.73,912126,1429905670.74744
Guyana,1986,50.2,64.7,3.38,768098,3573389051.39464
Haiti,1986,111.5,50.9,5.48,6316122,20076628831.4896
Honduras,1986,53.4,69.1,5.7,4448899,16997279423.9594
Hungria,1986,20.6,69.1,1.85,10511098,175298283906.134
India,1986,98.1,56.2,4.4,790689978,1470869416338.72
Indonesia,1986,71.6,62.5,3.53,170175065,630219562753.413
Irak,1986,46.1,55,6.18,16074145,153595840097.954
Iran,1986,54.7,61.6,6.01,51446045,401626951472.762
Irlanda,1986,8.7,73.8,2.44,3541867,73016651260.9614
Islandia,1986,5.9,77.3,1.94,243184,8386191859.87936
Islas Marshall,1986,45.5,60.6,6.73,39286,131381099.20624
Islas Salomon,1986,34.8,60.1,6.26,291842,616553647.89966
Israel,1986,11.5,75.8,2.99,4168971,90566246197.1276
Italia,1986,9.9,76,1.35,56875988,1831647450786.39
Jamaica,1986,28.3,73.1,3.11,2312125,15729686905.0075
Japon,1986,5.2,78.4,1.7,121366735,3396411870423.28
Jordania,1986,34.3,70.2,6.39,2909887,26994487763.8344
Kazajistan,1986,48.5,68,3.19,16262702,261316041210.77
Kenia,1986,62.5,61.8,6.84,19901646,58484625985.9876
Kiribati,1986,79.5,64.1,4.87,68059,149750027.1348
Kuwait,1986,18.5,72.3,4,1972520,68876756496.8736
Laos,1986,120.6,49.7,6.26,3846715,6880809148.221
Lesoto,1986,75.3,57.8,5.32,1666138,2367259883.57218
Letonia,1986,15.7,70.7,2.17,2599778,44641876227.0775
Libano,1986,32.2,71.1,3.47,3300365,33452161781.6349
Liberia,1986,158.6,47.9,6.64,2308511,8435360577.30749
Libia,1986,43.4,68.6,6.02,4017403,52735456400.3706
Liechtenstein,1986,,77.2,1.48,27384,
Lituania,1986,14.5,71.5,2.13,3593780,70510682823.1914
Luxemburgo,1986,8.9,74,1.43,368406,18540341831.0228
Macedonia del Norte,1986,44.3,70.3,2.25,2024732,29520616087.3858
Madagascar,1986,108.3,51.1,6.34,10736857,18247680688.8862
Malasia,1986,17.5,70.6,3.7,15760419,135953849149.767
Malaui,1986,149,45.3,7.07,7906480,8571004147.2992
Maldivas,1986,81.2,62.1,6.85,196935,1362074490.9456
Mali,1986,140.7,46.5,7.31,8531277,11235432543.492
Malta,1986,11.7,74.8,1.93,355077,4748710325.69754
Marruecos,1986,74.1,62.7,4.77,22600803,93405265814.1046
Mauricio,1986,24.4,69.1,1.95,1038344,8006691703.91696
Mauritania,1986,84.1,59.4,6.34,1751835,7121423156.53515
Mexico,1986,43.8,69.9,3.97,76585637,1048984593713.67
"Micronesia, Estados Federados de",1986,45.4,60.9,5.61,92266,294033841.47334
Moldavia,1986,31.4,67.2,2.74,4309366,64846670625.1158
Monaco,1986,,75.8,2.11,29093,3953558751.0671
Mongolia,1986,91,60.9,5.03,1970965,9802641612.4021
Montenegro,1986,19.9,72.5,2.09,606795,11676039759.9793
Mozambique,1986,167.5,48.1,6.41,12770578,5392575653.81102
Myanmar,1986,85.5,53.1,4.08,37314878,43745134499.4476
Namibia,1986,55.4,58.6,5.79,1131081,8625660454.82169
Nauru,1986,,58,4.15,8742,342241193.9805
Nepal,1986,115.4,55.6,5.4,17868124,26902080248.7594
Nicaragua,1986,58.6,64.1,5.22,3794157,18501926563.7718
Niger,1986,140.9,41.3,7.9,7335811,9581189848.96871
Nigeria,1986,124.9,51.3,6.56,87235953,244156798295.482
Noruega,1986,8.3,76.1,1.71,4167252,186336441949.934
Nueva Zelanda,1986,11,74.3,1.96,3281508,91377157718.6071
Oman,1986,45.8,67.1,7.35,1413419,30838855439.8514
Paises Bajos,1986,7.7,76.3,1.55,14626494,487110774763.965
Pakistan,1986,113.1,61.3,6.55,101606764,274064388880.111
Palaos,1986,33.7,65.4,2.98,14024,214669635.36296
Panama,1986,29.1,75.5,3.34,2251325,24844507326.0552
Papua Nueva Guinea,1986,69.1,61.1,5.42,3554793,10866866834.4826
Paraguay,1986,41.9,73.7,4.93,3611474,26932788232.7498
Peru,1986,67.6,68.5,4.35,20117122,156927048177.15
Polonia,1986,17.1,71.1,2.22,37452611,433455849617.989
Portugal,1986,15.5,73.5,1.66,9993094,182125838474.944
Reino Unido,1986,9.5,74.8,1.78,56751923,1592754519422.35
Republica Centroafricana,1986,115.6,48.8,6.11,2634258,3692928146.14416
Republica Checa,1986,14.7,71.1,1.92,10304373,234643089416.664
Republica Democratica del Congo,1986,124,51.4,6.63,32265196,59446606087.2941
Republica Dominicana,1986,52.9,69.2,3.6,6571208,38064941299.084
Republica Eslovaca,1986,18.6,71,2.19,5180088,88007988954.4154
Republica Kirguisa,1986,61.4,66.1,4.22,4168593,25915430977.1171
Republica del Congo,1986,61.8,54.8,5.51,2120602,12010370780.3039
Ruanda,1986,95.1,45,7.61,6531881,9509508714.33908
Rumania,1986,32.2,69.6,2.39,22674743,300554518203.186
Rusia,1986,24.3,69.9,2.21,144807813,3599127343444.41
Samoa,1986,29.4,70.7,5.42,167061,746970153.07956
San Cristobal y Nieves,1986,29.2,67.8,2.68,41618,453652952.90972
San Marino,1986,12.8,77.1,1.15,22636,1130564930.49352
San Vicente y las Granadinas,1986,25.8,71.2,2.92,109281,628427739.64725
Santa Lucia,1986,21.3,69.9,3.8,131239,1152618248.95421
Santa Sede,1986,,,1,752,
Santo Tome y Principe,1986,67.2,60.6,6.05,111150,399776379.444
Senegal,1986,78.1,55.1,6.9,6878192,18345246415.8589
Serbia,1986,32.5,68.8,1.78,7884579,158496423395.54
Seychelles,1986,16.7,70.5,3.07,70564,717104360.1982
Sierra Leona,1986,159.4,46,6.6,3728380,8363333828.7782
Singapur,1986,8.4,74.1,1.35,2744653,74218865172.6708
Siria,1986,35.8,68.3,6.37,11002844,74100060401.8045
Somalia,1986,111.2,52.1,7.35,6974788,6487693008.59436
Sri Lanka,1986,22.6,69.1,2.74,15731256,63374897649.5846
Suazilandia,1986,62,54.1,6.11,734732,2938796071.52208
Sudafrica,1986,53.2,65.3,4.41,36180515,328668910204.964
Sudan,1986,83.8,55,6.23,20288238,40579847905.1556
Sudan del Sur,1986,160.9,48.6,7.38,4921240,5664321895.614
Suecia,1986,6.3,77,1.8,8369683,281683103206.748
Suiza,1986,7.2,77.2,1.53,6504750,307153497322.508
Surinam,1986,44.7,69.9,3.61,392330,6658384508.8779
Tailandia,1986,36.7,71.5,2.36,51177834,291991924060.365
Tanzania,1986,105.4,56.1,6.49,23258959,30855622722.7228
Tayikistan,1986,91.9,66.5,5.91,4772139,25555856028.9928
Timor Oriental,1986,155.9,54.9,5.67,707185,1502885652.07515
Togo,1986,95.5,54.5,6.38,3547952,6216972157.2088
Tonga,1986,20.9,69.6,5.27,98010,410729965.0047
Trinidad y Tobago,1986,29,68.6,2.9,1203124,17175131813.6164
Tunez,1986,51.6,67.6,4.36,7600301,44075785187.9377
Turkmenistan,1986,79.2,64.9,4.94,3347809,28171443036.4521
Turquia,1986,68.1,67.4,3.66,51777772,485660995299.396
Tuvalu,1986,45.9,57.9,3.97,8217,19472442.65406
Ucrania,1986,18.6,71.2,2.12,51318745,941238693439.282
Uganda,1986,115.7,48.1,7.08,15467579,14632239712.6902
Uruguay,1986,24.3,72.5,2.47,3032845,36547471696.3073
Uzbekistan,1986,65.6,67.4,4.68,18395621,102513996231.525
Vanuatu,1986,35.7,65.8,5.38,133720,388638978.0336
Venezuela,1986,28.6,71.2,3.73,17923536,209319676600.405
Vietnam,1986,41,68.2,3.96,60347048,118616413519.113
Yemen,1986,101.7,55.8,8.86,11901040,26837845006.3704
Yibuti,1986,101.2,60.8,6.14,426341,1587474062.5804
Zambia,1986,108.3,51.8,6.87,6986471,14058445436.2805
Zimbabue,1986,51.7,65.9,5.69,8982578,30352555219.3332
Afganistan,1987,135.7,50.3,7.55,11387818,33273696221.1404
Albania,1987,40.8,71.7,3.11,3148838,16897787363.2121
Alemania,1987,8.3,75.3,1.44,78062324,2665198297822.43
Andorra,1987,,78.9,1.37,47653,2140150903.71649
Angola,1987,134.1,48.2,7.41,10497858,45404486564.8021
Antigua y Barbuda,1987,,72.7,2.07,63946,1097652707.99334
Arabia Saudita,1987,45.2,67.2,6.34,9130194,354460860544.652
Argelia,1987,46.3,66.8,5.3,23443624,218011952107.907
Argentina,1987,27.1,71.9,3.04,31291762,531110842650.601
Armenia,1987,47.8,71.4,2.66,3328520,26408174917.8208
Australia,1987,8.7,76,1.85,16322269,521411677348.146
Austria,1987,9.4,75,1.44,7574315,263047926025.566
Azerbaiyan,1987,77.3,65.5,3.07,6977658,88883500901.4
Bahamas,1987,22.2,71.1,2.52,261935,8594056006.8579
Banglades,1987,110.8,55.4,5.08,104959291,169040038652.956
Barbados,1987,18.1,74.1,1.61,257279,3985147007.73816
Barein,1987,20.1,69.7,4.13,462854,10718821476.1275
Belgica,1987,9.2,75.4,1.54,9899147,331439357507.538
Belice,1987,37.9,72.9,4.88,171338,943817994.4714
Benin,1987,114.8,52.9,6.92,4818486,10135540505.4957
Bielorrusia,1987,14.8,71.8,2.06,10057605,131342498238.349
Bolivia,1987,94,61.8,5.06,6692162,29416874964.2318
Bosnia y Herzegovina,1987,20.4,71.8,1.88,4390246,18255085009.6747
Botsuana,1987,42,63.6,5.1,1199167,7754113337.94159
Brasil,1987,56.8,68.5,3.23,141104944,1673884631454.19
Brunei,1987,10.3,71.1,3.49,233860,27011785715.662
Bulgaria,1987,18.2,71.3,1.96,8976204,126063283856.079
Burkina Faso,1987,105.3,50.3,7.17,8457109,10231282596.7119
Burundi,1987,103.3,48.8,7.38,5247787,6864274322.26353
Butan,1987,104.9,57.4,6,540557,1362779084.54878
Cabo Verde,1987,54,68.5,5.68,357302,646389760.1304
Camboya,1987,86,57.5,6.1,6557970,14240826757.8684
Camerun,1987,87.2,54.3,6.54,10370749,46513612375.8026
Canada,1987,7.5,76.8,1.56,26540921,971381068238.761
Catar,1987,21.3,70.9,4.54,397005,20105012169.8611
Chad,1987,119.3,45.6,7.11,5438309,6821110602.96759
Chile,1987,18.4,73.3,2.59,12790150,119498098508.199
China,1987,42,66.4,2.76,1096217446,2044744639720.14
Chipre,1987,10.7,74.3,2.39,754785,14638313181.7278
Cisjordania y Gaza,1987,41.1,70,6.89,1876759,7147091715.75676
Colombia,1987,31.5,70.8,3.09,30499467,270888205494.861
Comoras,1987,95.8,64.6,6.87,410439,771416509.15875
Corea del Norte,1987,27.8,71,2.53,20205483,53280760098.8893
Corea del Sur,1987,7.4,70.1,1.57,42322092,467295901211.7
Costa Rica,1987,16.3,76.2,3.38,2892699,27347616757.005
Costa de Marfil,1987,105.2,55.4,7.09,10851475,47993448410.6238
Croacia,1987,13.8,71.7,1.75,4790209,112562114812.125
Cuba,1987,13.3,75.1,1.8,10335342,89188518354.3622
Dinamarca,1987,8,74.8,1.5,5127132,202553226481.241
Dominica,1987,13.9,74.8,3.06,71023,502853426.68838
Ecuador,1987,50.1,68.9,3.87,9779290,75792235310.0284
Egipto,1987,73.5,60.7,4.91,53674435,338062172555.356
El Salvador,1987,53.3,66.6,4.18,5092441,25218863063.2859
Emiratos Arabes Unidos,1987,16.9,69.4,4.88,1574244,94002315635.7104
Eritrea,1987,101.6,43.2,6.52,1888669,1701760272.0192
Eslovenia,1987,10.8,72.2,1.65,1988021,57172069434.5314
Espana,1987,10.4,76.7,1.49,38852010,926156580855.929
Estados Unidos,1987,10.2,75,1.89,246161291,9848955819120.44
Estonia,1987,18,70.4,2.26,1547255,31072432216.6878
Etiopia,1987,127.6,45.7,7.29,42460039,41307620891.0916
Filipinas,1987,46.7,66.6,4.51,58157496,226091929931.179
Finlandia,1987,5.9,74.8,1.59,4932257,157998627944.118
Fiyi,1987,27.3,67.3,3.48,750540,4594383145.8504
Francia,1987,8.1,76.6,1.8,56048364,1808502230914.03
Gabon,1987,62.5,61.4,5.67,905479,12795118042.2808
Gambia,1987,86.5,59.7,6.3,931091,2056263803.52778
Georgia,1987,41.9,68.7,2.32,5461016,85819447416.2423
Ghana,1987,89,55.1,6.02,14289108,32411948239.4122
Granada,1987,19.2,69.8,3.58,97526,709990220.15064
Grecia,1987,13.9,76.2,1.58,10134534,219740798156.651
Guatemala,1987,67.7,61.8,5.64,8296485,55208360260.3533
Guinea,1987,150,47.3,6.57,5900198,9701491365.54722
Guinea Ecuatorial,1987,135.3,48,5.97,422522,659046828.36946
Guinea-Bisau,1987,143.1,49.6,6.72,926862,1529058450.19446
Guyana,1987,49.4,64.8,3.31,764120,3662628650.8028
Haiti,1987,108.8,51.1,5.47,6445123,20474371374.2462
Honduras,1987,51.2,69.6,5.58,4576910,18337418200.3038
Hungria,1987,19.4,69.5,1.83,10475105,184633845414.438
India,1987,95.6,56.5,4.31,808931270,1550188401562.45
Indonesia,1987,69.3,63.1,3.42,173511154,677178448659.426
Irak,1987,45.1,60.7,6.11,16521049,176497299944.46
Iran,1987,51.9,64,5.72,53323493,409355841883.941
Irlanda,1987,8.4,74.2,2.32,3540381,77135509677.8413
Islandia,1987,5.6,77.3,2.07,245855,9271388102.15265
Islas Marshall,1987,44.1,60.9,6.57,40828,147434228.01068
Islas Salomon,1987,34.1,60.9,6.12,301414,667966648.86522
Israel,1987,11,76.2,2.92,4236869,98499735751.5389
Italia,1987,9.4,76.4,1.33,56891926,1923318594542.99
Jamaica,1987,27.5,73.6,3.02,2329813,17278384402.4748
Japon,1987,5,78.7,1.67,121943587,3593501095541.56
Jordania,1987,33.1,70.4,6.2,3047634,28218359245.6458
Kazajistan,1987,47.1,68.2,3.12,16527715,261503924073.596
Kenia,1987,62.7,62.1,6.69,20616096,63336284622.1392
Kiribati,1987,77.2,64.3,4.81,69733,151210545.52479
Kuwait,1987,17.6,72.5,3.83,2052994,71776318656.6973
Laos,1987,118.4,50,6.21,3957612,6910988265.9852
Lesoto,1987,73.7,58.1,5.22,1703390,2394145203.8166
Letonia,1987,15,70.9,2.18,2625963,44417568602.8512
Libano,1987,30.8,76,3.42,3385555,40132421547.6692
Liberia,1987,161.5,48.1,6.57,2377229,8737535760.66494
Libia,1987,41.3,66.9,5.72,4129739,45920281452.3059
Liechtenstein,1987,,77.8,1.5,27759,
Lituania,1987,13.6,71.7,2.11,3627367,72136986672.0227
Luxemburgo,1987,8.5,74.3,1.41,370790,19582585181.733
Macedonia del Norte,1987,42.9,70.5,2.32,2035157,29227469452.5262
Madagascar,1987,106.4,51.3,6.24,11047291,18855709274.9738
Malasia,1987,16.6,70.9,3.57,16276737,146581786959.152
Malaui,1987,149.6,45.3,6.97,8293174,8741566346.28936
Maldivas,1987,77.7,62.9,6.73,203944,1515347572.17376
Mali,1987,137.8,47,7.31,8681164,11647474940.6615
Malta,1987,11.3,75.2,1.97,358080,5078141172.6048
Marruecos,1987,71,63.4,4.58,23054392,91738342808.7258
Mauricio,1987,24.4,69.3,2,1051111,8922099704.39373
Mauritania,1987,82.1,59.6,6.27,1803014,7413655719.23668
Mexico,1987,42.1,70.2,3.8,78136651,1089040239746.73
"Micronesia, Estados Federados de",1987,45,61.2,5.47,94844,300581191.54012
Moldavia,1987,29.9,68,2.78,4359064,65211388074.1561
Monaco,1987,,75.9,2.06,29446,4167219118.1754
Mongolia,1987,87.3,61.5,4.83,2022800,10266311297.528
Montenegro,1987,18.2,72.6,2.07,610170,11255440553.0853
Mozambique,1987,165.7,48.2,6.39,12822574,6117247683.02788
Myanmar,1987,83.7,53.6,3.86,37971594,40459146917.6587
Namibia,1987,53.8,58.9,5.7,1167889,8933766263.16105
Nauru,1987,,58.1,4.14,8946,331438628.85336
Nepal,1987,111.1,56.3,5.35,18250505,27724756614.4686
Nicaragua,1987,56.5,64.1,5.07,3882164,18455293113.9834
Niger,1987,141.4,41.5,7.87,7561150,9642895118.2145
Nigeria,1987,125.4,51.3,6.5,89591716,250260260150.848
Noruega,1987,8.2,76.2,1.74,4186824,193463174827.238
Nueva Zelanda,1987,10.6,74.5,2.03,3299443,94261313563.9351
Oman,1987,41.8,67.6,7.18,1500996,31844857714.5686
Paises Bajos,1987,7.5,76.7,1.56,14724947,503991590278.015
Pakistan,1987,111.4,61.6,6.52,105130717,295924156264.5
Palaos,1987,33,65.7,2.93,14334,212193850.47906
Panama,1987,28.1,75.7,3.25,2301970,25272489677.0335
Papua Nueva Guinea,1987,68.1,61.3,5.36,3632543,11656173541.5984
Paraguay,1987,40.7,74.2,4.85,3714889,28594379984.3752
Peru,1987,64.6,69.7,4.25,20582320,172145644411.928
Polonia,1987,16.6,71.3,2.16,37665707,444905389793.461
Portugal,1987,14.5,73.9,1.62,10001993,198630060983.043
Reino Unido,1987,9.2,75.1,1.81,56886024,1699030918391.33
Republica Centroafricana,1987,115.5,49,6.12,2669155,3652721187.91785
Republica Checa,1987,14.3,71.4,1.9,10303419,241337598763.251
Republica Democratica del Congo,1987,122.9,51.5,6.65,33298904,62546035988.0086
Republica Dominicana,1987,51.3,69.6,3.53,6712515,42347721781.4441
Republica Eslovaca,1987,17.7,71.1,2.14,5205880,90190506330.6168
Republica Kirguisa,1987,58.7,66.5,4.16,4238467,25429045070.6592
Republica del Congo,1987,60.9,55.2,5.46,2183473,12413704243.5657
Ruanda,1987,93.1,45.5,7.43,6749493,9546738502.49991
Rumania,1987,32.6,69.4,2.38,22745591,307042221815.57
Rusia,1987,23.5,70.1,2.25,146147383,3634774728798.7
Samoa,1987,28.4,71,5.32,167661,746924275.83852
San Cristobal y Nieves,1987,27.4,68.1,2.62,41348,496986913.25468
San Marino,1987,11.9,77.4,1.14,22686,1164976732.42968
San Vicente y las Granadinas,1987,23.9,71.2,2.82,110001,641468379.57771
Santa Lucia,1987,20.4,70,3.61,133227,1226883170.41011
Santa Sede,1987,,,1,757,
Santo Tome y Principe,1987,68.4,63.4,5.99,113919,395063256.65118
Senegal,1987,75.5,55.7,6.79,7081530,19621728233.3928
Serbia,1987,31.1,69,1.75,7885359,156586419652.83
Seychelles,1987,15.9,70.5,2.92,71338,750074444.5141
Sierra Leona,1987,158.3,46.2,6.61,3829718,8802235378.65118
Singapur,1987,7.9,74.5,1.49,2781615,83755450700.1808
Siria,1987,34.3,68.5,6.2,11388923,75489594997.0881
Somalia,1987,110.9,52.2,7.37,7228302,7297894067.73144
Sri Lanka,1987,20.5,69.3,2.64,15916576,65027394080.064
Suazilandia,1987,59.4,54.7,5.9,763811,3294255256.91907
Sudafrica,1987,51.4,66.1,4.35,37326190,344766091437.775
Sudan,1987,82.8,55.2,6.18,20704904,43265770541.6262
Sudan del Sur,1987,158.2,48.8,7.39,4962395,6190150823.62025
Suecia,1987,6.2,77.1,1.84,8397648,295167764294.364
Suiza,1987,7.1,77.5,1.52,6545773,320252031214.696
Surinam,1987,43.8,70,3.53,396911,6158950250.77386
Tailandia,1987,35.1,71.7,2.26,52074105,324027520041.845
Tanzania,1987,104.2,55.9,6.41,24030378,33306971885.2534
Tayikistan,1987,88.6,66.6,5.84,4939059,24908934984.8568
Timor Oriental,1987,149.6,55.8,5.68,718476,1584687973.68684
Togo,1987,94,54.8,6.3,3657508,6162746303.98668
Tonga,1987,20.5,70,5.19,98376,425164202.48352
Trinidad y Tobago,1987,28.4,68.8,2.78,1217364,16532394758.904
Tunez,1987,49.5,68,4.1,7789987,47818279072.3281
Turkmenistan,1987,76.9,65.2,4.84,3452731,29017320610.2873
Turquia,1987,64.8,67.9,3.54,52843670,541859596711.585
Tuvalu,1987,45.5,58.4,3.94,8371,21407205.42873
Ucrania,1987,17.9,71.3,2.07,51515732,976956740454.378
Uganda,1987,114.7,48.7,7.12,15954170,15418499010.2063
Uruguay,1987,23.2,72.5,2.49,3049896,39502491310.8734
Uzbekistan,1987,63,67.6,4.53,18930070,100958561094.632
Vanuatu,1987,33.6,65.3,5.33,137187,389883282.32979
Venezuela,1987,27.6,71.4,3.67,18394963,220081587488.201
Vietnam,1987,40,68.5,3.72,61584651,123784814721.192
Yemen,1987,97.7,58.5,8.83,12369912,27634576502.3263
Yibuti,1987,98.9,61,6.09,454399,1599246806.60305
Zambia,1987,110.6,51.2,6.8,7191282,14586373417.5928
Zimbabue,1987,50.4,66.2,5.5,9284644,30490910629.8922
Afganistan,1988,131.3,52.9,7.55,11523298,30998896316.1114
Albania,1988,38.6,71.7,3.07,3212919,17309400305.0625
Alemania,1988,7.8,75.4,1.46,78385992,2825487072044.57
Andorra,1988,,79.1,1.37,49416,2250767211.61608
Angola,1988,133.8,48.3,7.37,10861291,52105634319.9928
Antigua y Barbuda,1988,,72.9,2.13,63623,1199664414.8293
Arabia Saudita,1988,41.8,67.7,6.15,9629165,392344712661.574
Argelia,1988,43.1,67.4,5.02,24109536,220209375045.158
Argentina,1988,26.2,72,3.05,31780532,535686328786.628
Armenia,1988,49.9,55.6,2.68,3355125,25024926499.0238
Australia,1988,8.4,76.1,1.84,16594099,555703450826.292
Austria,1988,8.9,75.4,1.46,7585342,274105929310.311
Azerbaiyan,1988,76.3,65.7,3.04,7081406,93661376320.9922
Bahamas,1988,21.4,71.2,2.52,266448,8940799133.31696
Banglades,1988,107.1,55.9,4.85,107216008,177361168825.772
Barbados,1988,17.3,74.1,1.58,257763,4209436101.26523
Barein,1988,19.8,69.8,4.04,479929,11800156837.9165
Belgica,1988,8.9,75.6,1.57,9916565,355727114581.527
Belice,1988,35.9,73,4.87,175180,1067229166.2534
Benin,1988,112.6,53.3,6.87,4967341,10681357499.0565
Bielorrusia,1988,14.2,71.7,2.07,10107637,130437979729.194
Bolivia,1988,91.2,62.2,5.03,6835508,31094209127.5952
Bosnia y Herzegovina,1988,18.8,72.1,1.85,4414404,17476788548.2278
Botsuana,1988,41.4,63.7,4.88,1235476,9530292813.81892
Brasil,1988,54.8,68.5,3.11,143826357,1719240392350.79
Brunei,1988,10,71.4,3.44,240913,27782983284.0861
Bulgaria,1988,17.8,71.2,1.97,8985715,131378804546.465
Burkina Faso,1988,103.8,50.2,7.11,8687435,11061650868.4498
Burundi,1988,103,48.7,7.38,5365327,7319518591.902
Butan,1988,101,58.1,5.88,556986,1559562794.00988
Cabo Verde,1988,51.8,68.9,5.55,362329,693799754.32427
Camboya,1988,85.6,57.9,5.94,6812014,15791552543.9602
Camerun,1988,85.8,54.6,6.48,10684968,44682514793.7538
Canada,1988,7.2,76.9,1.59,26927945,1039941803494.72
Catar,1988,20.1,71.2,4.52,411264,21741434843.8694
Chad,1988,118.1,47.6,7.15,5625602,7586350896.24856
Chile,1988,18,73.4,2.59,12999424,130573098370.985
China,1988,42.2,66.6,2.54,1115244165,2258091102638.74
Chipre,1988,10.3,74.5,2.47,766235,16369953421.9935
Cisjordania y Gaza,1988,39.1,70.1,6.87,1977304,7076406658.19192
Colombia,1988,30.5,71.1,3.04,31130524,288101586547.291
Comoras,1988,93,65.3,6.76,421687,827474219.97821
Corea del Norte,1988,28.9,71.2,2.47,20503161,53687542660.9024
Corea del Sur,1988,6.9,70.9,1.56,42922977,535445628399.628
Costa Rica,1988,15.5,76.4,3.31,2968103,28920304904.2897
Costa de Marfil,1988,104.9,55.3,6.97,11275189,50550010306.7034
Croacia,1988,12.9,72,1.71,4806032,112198850039.596
Cuba,1988,12.2,75.2,1.85,10432585,92547223254.7586
Dinamarca,1988,7.9,74.9,1.56,5129640,208644124142.318
Dominica,1988,14,74.7,3.06,70608,561256614.68544
Ecuador,1988,48.1,70.5,3.79,10010808,85574662941.415
Egipto,1988,69.4,61.8,4.83,55187681,364066014001.781
El Salvador,1988,50.6,67.9,4.1,5195833,26473387543.0437
Emiratos Arabes Unidos,1988,15.9,69.7,4.77,1681788,89134990200.486
Eritrea,1988,99.1,43.8,6.47,1938255,1693039285.31925
Eslovenia,1988,10.1,72.6,1.63,1993516,55256380768.822
Espana,1988,10.1,76.7,1.44,38952264,1004262667069.44
Estados Unidos,1988,10,75,1.94,248393235,10474349332131.9
Estonia,1988,17.6,70.4,2.27,1559097,32642907777.8213
Etiopia,1988,125.7,45.6,7.26,44150825,42768773049.5498
Filipinas,1988,44.8,67.4,4.45,59739052,247635674553.802
Finlandia,1988,5.8,74.9,1.69,4946628,170021429756.464
Fiyi,1988,26.4,67.4,3.43,758697,4886226501.9087
Francia,1988,7.9,76.9,1.81,56361849,1935452888599.72
Gabon,1988,61.7,61.7,5.62,931020,14176514232.3252
Gambia,1988,84.3,60.1,6.26,970160,2172221885.1488
Georgia,1988,41.5,68.8,2.32,5500240,92177268215.2848
Ghana,1988,85.8,55.5,5.92,14636568,35245390856.9261
Granada,1988,18.9,70,3.19,98308,764540008.5036
Grecia,1988,12.9,76.6,1.54,10177006,235633556332.866
Guatemala,1988,65,62.5,5.62,8532099,58597929586.8127
Guinea,1988,147.1,47.7,6.56,6056574,10370906170.7453
Guinea Ecuatorial,1988,132.9,48.5,5.98,439651,688242667.08705
Guinea-Bisau,1988,140.4,50,6.69,942061,1614252545.56873
Guyana,1988,48.6,64.9,3.23,759663,3573525187.95336
Haiti,1988,106.1,51.1,5.47,6578145,21541915782.7556
Honduras,1988,49.1,70,5.47,4707677,19236133708.1612
Hungria,1988,18.4,69.6,1.82,10440531,191586346674.378
India,1988,93.1,57.1,4.22,827342990,1737423729020.27
Indonesia,1988,67,63.7,3.35,176855065,736928785803.645
Irak,1988,44,61.1,6.05,16908819,168073260290.078
Iran,1988,49.3,65,5.43,55072694,397198426114.72
Irlanda,1988,8.3,74.5,2.17,3525095,81972767639.3692
Islandia,1988,5.5,77.5,2.26,249726,9471896601.04776
Islas Marshall,1988,42.6,61.2,6.38,42321,160038812.4981
Islas Salomon,1988,33.5,61.1,5.99,311265,699929108.21025
Israel,1988,10.4,76.6,2.9,4307320,103623442430.55
Italia,1988,9.1,76.6,1.36,56928751,2053705583259.95
Jamaica,1988,26.8,74.1,2.98,2345777,17421381154.5047
Japon,1988,4.8,78.7,1.63,122476952,3906852385182.73
Jordania,1988,32,70.6,6.01,3193039,29418136003.3853
Kazajistan,1988,46,68.1,3,16781168,285966850839.298
Kenia,1988,63.4,62.2,6.52,21356219,69322486981.772
Kiribati,1988,74.7,64.6,4.73,71427,186322691.52489
Kuwait,1988,16.8,72.8,3.7,2134707,68045246298.2647
Laos,1988,116.1,50.3,6.16,4072601,6928250460.82767
Lesoto,1988,72.3,58.4,5.1,1739841,2621696078.52678
Letonia,1988,14.8,70.8,2.14,2652247,46347123127.7778
Libano,1988,29.4,76.2,3.39,3454649,29793742128.7242
Liberia,1988,164.6,48.5,6.51,2446941,9188455539.8685
Libia,1988,39.3,69.6,5.41,4237755,48001759225.7482
Liechtenstein,1988,,78,1.5,28148,
Lituania,1988,12.8,71.7,2.01,3672646,78547137895.2021
Luxemburgo,1988,8.1,74.6,1.51,373783,21966331105.4
Macedonia del Norte,1988,39.7,70.6,2.32,2045737,28407514827.3617
Madagascar,1988,103.9,51.4,6.18,11369462,19885128097.6837
Malasia,1988,15.7,71.1,3.5,16796605,165688542395.355
Malaui,1988,148.6,45.4,6.88,8753262,9127917194.40636
Maldivas,1988,74.4,63.4,6.58,210885,1695393063.50265
Mali,1988,135.2,47.5,7.32,8833996,11898385713.1359
Malta,1988,10.9,75.7,2.06,361224,5585124192.59304
Marruecos,1988,68.2,64,4.39,23500524,102733245681.72
Mauricio,1988,23.1,69.5,2.1,1063593,9709242361.24617
Mauritania,1988,80.4,59.9,6.21,1855859,7638468647.72569
Mexico,1988,40.5,70.3,3.64,79695531,1131728197249.28
"Micronesia, Estados Federados de",1988,44.4,61.6,5.32,97097,318560205.02306
Moldavia,1988,28.7,68.3,2.63,4407769,65308375005.6967
Monaco,1988,,76,2.01,29781,4479522638.5521
Mongolia,1988,83.7,61.7,4.65,2076322,10921724991.4693
Montenegro,1988,16.8,72.8,2.01,613585,11021074516.8843
Mozambique,1988,163.8,51.5,6.37,12800558,6764955376.9178
Myanmar,1988,81.9,53.8,3.67,38600927,37364853905.745
Namibia,1988,52.3,59,5.61,1209696,8962883220.19104
Nauru,1988,,58.1,4.11,9165,321180543.1848
Nepal,1988,106.7,56.8,5.31,18638661,30495491612.5834
Nicaragua,1988,54.5,67.2,4.93,3972320,16234976232.5696
Niger,1988,140.9,41.8,7.84,7793748,10534102980.0937
Nigeria,1988,125.8,51.3,6.5,92020090,272513379556.173
Noruega,1988,7.9,76.3,1.84,4209470,198506118017.719
Nueva Zelanda,1988,10.2,74.7,2.1,3316026,96534749184.2651
Oman,1988,38.2,68,6.95,1588568,35976542546.904
Paises Bajos,1988,7.2,76.8,1.55,14825923,536870772109.133
Pakistan,1988,109.6,61.8,6.48,108724739,323855720652.184
Palaos,1988,32.3,65.9,2.91,14645,256926797.8921
Panama,1988,27.2,75.7,3.17,2352848,22737841898.744
Papua Nueva Guinea,1988,67.1,61.5,5.3,3711880,12245709005.1484
Paraguay,1988,39.4,74.5,4.77,3820546,31141141540.778
Peru,1988,61.7,70.8,4.14,21054702,160270028416.533
Polonia,1988,16.1,71.5,2.14,37817864,469877271263.243
Portugal,1988,13.5,74.1,1.61,10004590,215878185226.453
Reino Unido,1988,8.8,75.3,1.82,57026546,1827938741992.92
Republica Centroafricana,1988,115.4,49,6.1,2713965,3793534763.80695
Republica Checa,1988,13.7,71.6,1.93,10305450,247703211550.503
Republica Democratica del Congo,1988,121.8,51.8,6.66,34382752,64933643248.9606
Republica Dominicana,1988,49.6,70.1,3.5,6855734,44207378307.7881
Republica Eslovaca,1988,17,71.1,2.13,5229676,92030778977.1262
Republica Kirguisa,1988,56.5,66.6,4.03,4308017,27914672402.1578
Republica del Congo,1988,60.4,55.3,5.39,2247653,14650948047.7419
Ruanda,1988,91.9,46,7.23,6968071,9697587606.19528
Rumania,1988,32.6,69.5,2.31,22815429,315478551889.243
Rusia,1988,22.8,69.9,2.16,147364489,3731744353634.79
Samoa,1988,27.5,71.2,5.21,168346,732351706.5901
San Cristobal y Nieves,1988,25.8,68.3,2.62,41062,556099281.25934
San Marino,1988,11.2,77.7,1.14,22843,1217826679.09251
San Vicente y las Granadinas,1988,22.4,71.6,2.75,110658,749273048.56788
Santa Lucia,1988,19.7,70.2,3.44,135000,1448981916.3
Santa Sede,1988,,,1,762,
Santo Tome y Principe,1988,69.2,63.6,5.94,116939,413799635.58027
Senegal,1988,73.2,56.4,6.58,7289618,20296024297.2584
Serbia,1988,29.1,69.3,1.72,7884456,154999124797.599
Seychelles,1988,15.3,70.7,2.79,72210,816551422.3188
Sierra Leona,1988,157.6,46.5,6.59,3934517,9270585953.89769
Singapur,1988,7.4,74.8,1.75,2849045,95642843106.0967
Siria,1988,33,68.8,6,11782264,86205774160.1326
Somalia,1988,110.5,50.3,7.4,7235360,7138805133.7504
Sri Lanka,1988,19.2,69.3,2.57,16078621,68064430994.6149
Suazilandia,1988,57.5,55.3,5.69,799798,3656041824.28498
Sudafrica,1988,49.8,66.8,4.18,38480649,371811920004.122
Sudan,1988,81.9,55.5,6.13,21138431,46071449651.5389
Sudan del Sur,1988,155.4,49,7.38,4848029,5900838952.27163
Suecia,1988,6.2,77.2,1.96,8436347,309092221837.175
Suiza,1988,7,77.6,1.56,6594143,339590683642.234
Surinam,1988,42.8,70.2,3.46,402227,6676930756.68857
Tailandia,1988,33.5,71.8,2.17,52969595,374879974112.608
Tanzania,1988,102.8,55.7,6.38,24769686,35720555154.8791
Tayikistan,1988,86,66.6,5.75,5114989,28054574175.9027
Timor Oriental,1988,143.5,56.3,5.72,730745,1671076361.8655
Togo,1988,92.6,55.1,6.23,3769742,6951942906.43438
Tonga,1988,19.9,70.2,5.1,98969,421023572.59105
Trinidad y Tobago,1988,27.8,68.9,2.65,1230069,16161052986.0004
Tunez,1988,47.6,68.4,3.83,7974440,49157811140.8368
Turkmenistan,1988,75,65.5,4.68,3559363,31889823030.7582
Turquia,1988,61.6,68.1,3.45,53909626,570895568276.837
Tuvalu,1988,45.2,58.9,3.88,8518,23606660.32612
Ucrania,1988,17.3,71.2,2.04,51724853,994763733811.052
Uganda,1988,114,48.1,7.1,16470483,16865024032.0897
Uruguay,1988,22.1,72.5,2.5,3067961,40552461067.7005
Uzbekistan,1988,61,67.9,4.26,19460630,109128307630.051
Vanuatu,1988,32,66.2,5.27,140756,393571191.73988
Venezuela,1988,26.6,71.5,3.6,18871020,237501158992.083
Vietnam,1988,38.9,68.7,3.62,62843228,133641250464.108
Yemen,1988,94.3,58.9,8.79,12859708,28512031989.6391
Yibuti,1988,96.6,61.2,6.03,484523,1628144841.47965
Zambia,1988,112.2,50.8,6.7,7391440,16215114820.0216
Zimbabue,1988,49.8,66.2,5.28,9583094,33028127816.9745
Afganistan,1989,126.8,57.7,7.56,11874088,29350371430.8453
Albania,1989,36.7,71.8,3.03,3260374,18957481334.8112
Alemania,1989,7.4,75.6,1.43,79007065,3009202442102.31
Andorra,1989,7,79.2,1.4,50620,2333845589.9826
Angola,1989,133.6,49.3,7.33,11238562,55474942132.054
Antigua y Barbuda,1989,,73,2.2,63325,1299990940.984
Arabia Saudita,1989,38.5,68.2,5.98,10128394,418034971960.556
Argelia,1989,41,67.9,4.76,24754485,238190659864.479
Argentina,1989,25.3,72.2,3.02,32270948,515487138474.658
Armenia,1989,44.3,70.9,2.71,3443100,28753570046.637
Australia,1989,8,76.2,1.84,16869362,596709750400.948
Austria,1989,8.4,75.6,1.46,7620407,293819206189.657
Azerbaiyan,1989,75.7,66.1,3,7167585,85690212728.8391
Bahamas,1989,20.6,71.1,2.52,271178,9485050349.63574
Banglades,1989,103.4,56.4,4.7,109433799,187133287872.68
Barbados,1989,16.7,74.1,1.64,258109,4462455901.32978
Barein,1989,19.7,69.8,3.96,497327,12571164771.7752
Belgica,1989,8.6,75.7,1.59,9936573,377292056883.917
Belice,1989,34,73,4.86,179107,1255250205.02227
Benin,1989,110.4,53.6,6.82,5121657,10720417041.0443
Bielorrusia,1989,13.8,71.5,1.98,10158785,138807696591.423
Bolivia,1989,88.4,62.6,4.97,6981766,33074541338.5904
Bosnia y Herzegovina,1989,17.4,72.3,1.79,4433983,17371655377.5655
Botsuana,1989,41.3,64.4,4.67,1270274,11035466174.3444
Brasil,1989,52.8,69.1,3.01,146502972,1826552138784.25
Brunei,1989,9.7,71.7,3.36,248064,28697742808.0128
Bulgaria,1989,17.9,71.3,1.89,8936380,133626927381.811
Burkina Faso,1989,102.9,50.2,7.05,8921175,11381731859.7488
Burundi,1989,103.3,48.4,7.39,5471706,7555051274.58456
Butan,1989,97.1,58.7,5.76,573586,1715882134.69738
Cabo Verde,1989,49.7,69.2,5.45,367803,745922712.31668
Camboya,1989,85.5,58,5.68,7073473,16874799314.7604
Camerun,1989,85.2,54.9,6.41,11002745,44338420260.8431
Canada,1989,7.1,77.1,1.64,27366050,1091149881301.42
Catar,1989,18.9,71.5,4.41,425646,23695688072.9416
Chad,1989,117,48.1,7.19,5819586,8027103776.61402
Chile,1989,17.1,73.3,2.59,13215005,147693661384.096
China,1989,42.2,66.7,2.52,1133991008,2362243941248.54
Chipre,1989,10,74.9,2.37,777420,18258050461.6062
Cisjordania y Gaza,1989,37.2,70.6,6.84,2055608,7164126045.69672
Colombia,1989,29.7,71.6,3.01,31776279,305532976284.912
Comoras,1989,90.4,65.8,6.65,433103,845115958.46337
Corea del Norte,1989,30.7,71.4,2.41,20804367,54253470773.5418
Corea del Sur,1989,6.5,71.4,1.56,43524767,588499844003.134
Costa Rica,1989,14.8,76.6,3.24,3043827,31377642252.395
Costa de Marfil,1989,104.9,54.9,6.85,11719771,53248121238.9629
Croacia,1989,11.9,72.3,1.65,4820733,111056315510.243
Cuba,1989,11.4,75.3,1.83,10533243,93940693462.4603
Dinamarca,1989,7.7,74.9,1.62,5132715,215839124464.32
Dominica,1989,14.1,74.6,3.06,70153,580557660.29534
Ecuador,1989,46.1,70.8,3.74,10241852,87972516084.4056
Egipto,1989,66,62.8,4.68,56710642,388925255417.176
El Salvador,1989,48.2,66.3,4.03,5298979,27638349066.84
Emiratos Arabes Unidos,1989,15,70,4.65,1789851,107909098060.506
Eritrea,1989,96.2,44.4,6.41,1987017,1663470862.92864
Eslovenia,1989,9.4,73,1.53,1995458,54670213724.445
Espana,1989,9.7,76.8,1.4,39029558,1090372981721.81
Estados Unidos,1989,9.7,75.3,2.01,250675053,11115900057344.7
Estonia,1989,17.1,70.3,2.21,1567588,34811855075.0969
Etiopia,1989,123.7,45,7.23,45879690,44032435123.9362
Filipinas,1989,42.8,68.2,4.37,61265260,270208838171.198
Finlandia,1989,5.7,75.1,1.71,4964526,183944015547.686
Fiyi,1989,25.6,67.3,3.4,766321,5681615025.87142
Francia,1989,7.7,77.1,1.79,56685082,2072428951682.09
Gabon,1989,61.1,61.8,5.55,957138,16775957222.2733
Gambia,1989,82.1,60.5,6.25,1011357,2333257164.19701
Georgia,1989,41.1,69,2.32,5499641,88711242712.2669
Ghana,1989,82.7,55.8,5.82,15006813,37954080717.1792
Granada,1989,18.5,70.3,3.23,99121,836570335.69879
Grecia,1989,12,76.9,1.49,10218039,251752082075.662
Guatemala,1989,62.4,62.6,5.56,8775546,62751963021.6523
Guinea,1989,144,48.1,6.55,6215811,10848826457.3235
Guinea Ecuatorial,1989,130.4,48.8,5.99,456808,693944844.2168
Guinea-Bisau,1989,137.9,50.3,6.66,957789,1707652151.08551
Guyana,1989,47.6,64.9,3.19,754865,3514941142.0897
Haiti,1989,103.5,51.2,5.44,6714730,21937503550.3734
Honduras,1989,47.1,70.2,5.35,4841838,20380113492.6728
Hungria,1989,17.6,69.5,1.82,10403421,197440226327.071
India,1989,90.7,57.7,4.13,846039529,1888158778255.75
Indonesia,1989,64.6,64.4,3.25,180201630,823359489281.005
Irak,1989,43.1,66.4,5.99,17364542,154928013652.242
Iran,1989,46.9,67.1,5.17,56704914,432190630647.372
Irlanda,1989,8,74.7,2.08,3511070,89255655940.3824
Islandia,1989,5.2,77.6,2.21,252851,9717778924.35823
Islas Marshall,1989,41.1,61.4,6.18,43586,159869327.37956
Islas Salomon,1989,32.8,61.3,5.87,321282,760147300.4112
Israel,1989,10.1,77.1,2.84,4381510,107531175716.209
Italia,1989,8.7,76.9,1.33,56976755,2182731992785.17
Jamaica,1989,26.1,74.5,2.93,2361916,18949745505.397
Japon,1989,4.7,79.1,1.55,122947413,4197564682498.13
Jordania,1989,30.9,70.7,5.8,3349627,27068021491.4986
Kazajistan,1989,45.2,68,2.87,16997013,287452316671.117
Kenia,1989,64.5,62.1,6.33,22118434,75116232557.4255
Kiribati,1989,72,64.8,4.69,73147,176292382.73377
Kuwait,1989,16.1,73.4,3.59,2217468,83324205798.8591
Laos,1989,113.6,50.6,6.1,4190974,7914169964.31534
Lesoto,1989,71.4,58.7,4.96,1775436,2813343102.4608
Letonia,1989,15.4,70.5,2.03,2664836,48896966612.3174
Libano,1989,28.2,75.4,3.36,3525285,17852436520.7946
Liberia,1989,167.7,49.1,6.43,2517858,9693971623.46718
Libia,1989,37.3,69.9,5.09,4342920,52742550117.6804
Liechtenstein,1989,,78.3,1.5,28532,
Lituania,1989,12.5,71.4,1.99,3696105,78330889001.0094
Luxemburgo,1989,7.7,74.9,1.53,377377,24950870659.4247
Macedonia del Norte,1989,35.9,70.9,2.25,2055649,29056039663.4804
Madagascar,1989,101,51.6,6.15,11704998,21310841674.2266
Malasia,1989,15,71.3,3.31,17314997,187165869803.252
Malaui,1989,146.2,45.5,6.8,9176220,9525044551.7934
Maldivas,1989,71.2,64.3,6.39,217738,1912169010.62648
Mali,1989,132.8,47.9,7.33,8999938,13481851234.385
Malta,1989,10.4,76,2.1,364522,6158110271.22228
Marruecos,1989,65.6,64.5,4.22,23939414,107016487607.335
Mauricio,1989,21.3,69.6,2.21,1075982,10370782977.0432
Mauritania,1989,79,60.1,6.2,1903048,8043448539.22232
Mexico,1989,38.8,70.7,3.53,81247182,1210012581834.95
"Micronesia, Estados Federados de",1989,43.9,61.9,5.18,99003,319121696.2614
Moldavia,1989,27.8,68.4,2.46,4439380,69732083110.3314
Monaco,1989,6.6,76.1,1.93,30084,4789723176.3144
Mongolia,1989,80.3,61.7,4.42,2124185,11447699096.1564
Montenegro,1989,15.7,73,1.94,617042,11192909983.2756
Mozambique,1989,161.8,52.1,6.35,12906842,7372467785.61514
Myanmar,1989,80.1,54.4,3.59,39214618,38233238852.1247
Namibia,1989,50.8,60.1,5.52,1288947,9342107906.10933
Nauru,1989,,58.1,4.07,9390,311360452.4457
Nepal,1989,102.3,57.5,5.26,19057807,32619221444.1255
Nicaragua,1989,52.7,69.9,4.76,4066476,16030899790.0801
Niger,1989,139.8,42,7.82,8034780,10921165361.6442
Nigeria,1989,126,51.3,6.49,94531014,283306710394.524
Noruega,1989,7.5,76.5,1.89,4226913,207043792099.476
Nueva Zelanda,1989,9.7,75.1,2.12,3333826,99377714155.5827
Oman,1989,35,68.4,6.72,1676228,38685236595.911
Paises Bajos,1989,7,76.8,1.56,14921111,577458893197.067
Pakistan,1989,107.8,62,6.43,112336629,350234566117.942
Palaos,1989,31.7,66.1,2.92,14945,266845615.4826
Panama,1989,26.4,74.8,3.12,2403820,23779932112.8698
Papua Nueva Guinea,1989,66.2,61.8,5.24,3796078,12263068190.1556
Paraguay,1989,38.3,74.6,4.68,3927802,33957877235.4011
Peru,1989,58.9,71.8,4.03,21532589,143166477856.455
Polonia,1989,15.7,71.4,2.1,37938088,494090124361.868
Portugal,1989,12.5,74.3,1.57,10001376,235783573956.121
Reino Unido,1989,8.4,75.4,1.79,57182136,1918772181927.79
Republica Centroafricana,1989,115.4,48.9,6.07,2783970,4025074071.0096
Republica Checa,1989,13.3,71.5,1.87,10305605,253347378414.172
Republica Democratica del Congo,1989,120.8,52.1,6.65,35486866,66590728952.8264
Republica Dominicana,1989,48.1,70.5,3.48,7002295,48734423942.2313
Republica Eslovaca,1989,16.2,71.1,2.07,5249931,93012329391.1756
Republica Kirguisa,1989,54.9,66.7,3.91,4382001,28500468511.0649
Republica del Congo,1989,60.4,55.3,5.33,2313558,17014574682.3803
Ruanda,1989,91.8,46.5,7.03,7184706,9434939969.15268
Rumania,1989,32,69.7,2.2,22887641,310644722996.149
Rusia,1989,22.2,69.7,2.03,148281866,3800033420791.89
Samoa,1989,26.6,71.3,5.11,168768,754031440.37952
San Cristobal y Nieves,1989,24.4,68.5,2.69,40758,604226364.08868
San Marino,1989,10.4,78.1,1.15,23154,1270986969.43926
San Vicente y las Granadinas,1989,21.2,71.7,2.73,111272,781103746.18248
Santa Lucia,1989,19.1,70.4,3.31,136512,1634375917.96416
Santa Sede,1989,,,1,766,
Santo Tome y Principe,1989,70,63.2,5.88,119979,439211224.98243
Senegal,1989,71.5,56.9,6.48,7502207,21265362471.4428
Serbia,1989,26.8,69.7,1.69,7881274,158397844063.873
Seychelles,1989,14.7,70.5,2.67,73118,932969332.27756
Sierra Leona,1989,157,46.7,6.57,4034037,9983377806.99756
Singapur,1989,6.7,75.2,1.53,2938655,108918402663.094
Siria,1989,31.6,68.9,5.78,12179060,81417852801.422
Somalia,1989,109.7,52.5,7.42,7114817,6894287412.93506
Sri Lanka,1989,18.4,69.5,2.58,16248557,71322254683.8268
Suazilandia,1989,56.3,55.9,5.48,837800,4157794622.582
Sudafrica,1989,48.5,67.3,3.98,39628575,394780524362.059
Sudan,1989,80.9,55.3,6.11,21578022,48970465576.2079
Sudan del Sur,1989,152.5,49.8,7.37,4713229,5625509963.56437
Suecia,1989,6.1,77.6,2.02,8492816,325379438771.626
Suiza,1989,6.8,77.7,1.56,6647788,364549506051.146
Surinam,1989,41.8,69.5,3.39,408409,6972069155.56894
Tailandia,1989,31.9,71.8,2.14,53848956,431277144263.911
Tanzania,1989,101.5,55.4,6.3,25438759,38070775441.9043
Tayikistan,1989,84.8,66.6,5.61,5267249,25833730272.6136
Timor Oriental,1989,137.6,56.6,5.76,744856,1767901124.27096
Togo,1989,91.4,55.4,6.15,3883411,7440378238.42201
Tonga,1989,19.3,70.4,5.01,99403,434265711.12744
Trinidad y Tobago,1989,27.3,69,2.53,1241600,16370541194.24
Tunez,1989,45.9,68.7,3.57,8151660,52083775725.2604
Turkmenistan,1989,73.5,65.8,4.46,3662459,29413340260.6469
Turquia,1989,58.6,67.9,3.34,54976723,590957843702.437
Tuvalu,1989,44.9,59.3,3.8,8662,23131543.1433
Ucrania,1989,16.9,71.1,1.93,51917817,1045935092139.32
Uganda,1989,113,47.4,7.05,17010698,18314266061.8105
Uruguay,1989,21.1,72.8,2.5,3086255,42096438358.5832
Uzbekistan,1989,59.5,68.2,4.1,19977183,110680665543.01
Vanuatu,1989,30.5,66.2,5.21,144393,416838588.55161
Venezuela,1989,25.6,71.6,3.52,19348921,212088511426.323
Vietnam,1989,37.7,68.9,3.64,64147348,146625798182.261
Yemen,1989,91.2,59.3,8.71,13364174,29163368660.0874
Yibuti,1989,94.5,61.4,5.97,523355,1607749197.7092
Zambia,1989,113.1,50,6.64,7589216,16314548184.2102
Zimbabue,1989,50.2,65.7,5.07,9864798,34956732069.6017
Afganistan,1990,122.5,59,7.58,12045660,29065009632.8064
Albania,1990,35.1,71.9,3.01,3277966,17997526846.8689
Alemania,1990,7,75.6,1.46,79707959,3169148996791.53
Andorra,1990,7.5,79.4,1.4,52597,2431854585.87621
Angola,1990,133.5,49.7,7.27,11626360,57835654055.6616
Antigua y Barbuda,1990,24,73.3,2.25,63066,1368336421.0629
Arabia Saudita,1990,35.5,68.4,5.8,10640691,488807020428.128
Argelia,1990,39.7,68.4,4.51,25375810,248890260651.523
Argentina,1990,24.4,72.3,3.03,32755901,523642174600.875
Armenia,1990,42.5,70.4,2.71,3552128,26963469458.6637
Australia,1990,7.6,76.8,1.91,17126298,621768801204.03
Austria,1990,8,75.8,1.47,7679624,315406359970.253
Azerbaiyan,1990,75.5,66.1,2.98,7231077,76001004440.7484
Bahamas,1990,19.7,71,2.52,275945,9731346278.4892
Banglades,1990,99.7,57,4.51,111633717,204216847713.611
Barbados,1990,16,74,1.84,258582,4417450709.11656
Barein,1990,19.5,69.9,3.82,514797,13771840844.7015
Belgica,1990,8.3,76,1.63,9960968,399913267692.728
Belice,1990,32.2,73.2,4.8,183076,1430377385.03836
Benin,1990,108,54.2,6.74,5281479,11965273118.3872
Bielorrusia,1990,13.5,71,1.86,10186261,133786214968.79
Bolivia,1990,85.6,63,4.9,7130142,35596205126.8108
Bosnia y Herzegovina,1990,16.2,72.4,1.79,4448652,15048416283.668
Botsuana,1990,41.8,64.4,4.51,1305696,12244322777.6083
Brasil,1990,50.9,69.7,2.9,149143223,1785849726297.81
Brunei,1990,9.4,71.8,3.29,255292,29791332949.2556
Bulgaria,1990,18.4,71.3,1.8,8822365,123639141189.418
Burkina Faso,1990,102.5,50,7.01,9159356,11501218127.0217
Burundi,1990,103.9,48,7.37,5587052,7963200185.60704
Butan,1990,93.3,59.4,5.6,589287,1963882046.43135
Cabo Verde,1990,48.2,69.6,5.36,375428,767125972.04164
Camboya,1990,85.4,58.3,5.64,7374752,17685083179.111
Camerun,1990,85.6,55,6.36,11331821,43608735835.6944
Canada,1990,6.8,77.4,1.7,27789443,1122375261113.49
Catar,1990,17.8,71.7,4.23,440175,20400379870.0568
Chad,1990,115.8,48.1,7.22,5982833,8563305512.99073
Chile,1990,16,73.5,2.58,13437176,156647432949.937
China,1990,42.1,66.8,2.51,1153582724,2466196978031.37
Chipre,1990,9.9,75,2.4,788351,20098508284.0182
Cisjordania y Gaza,1990,35.6,70.8,6.81,2139067,8420237093.00081
Colombia,1990,28.9,71.9,3,32440069,326884420413.293
Comoras,1990,87.9,66.5,6.51,444596,920218985.48432
Corea del Norte,1990,33.4,71.5,2.39,21112137,54834952449.4893
Corea del Sur,1990,6.1,71.7,1.6,44081427,663115791541.711
Costa Rica,1990,14.3,76.7,3.17,3121706,33415056191.4378
Costa de Marfil,1990,104.9,54.5,6.72,12189778,53415608658.7734
Croacia,1990,11.2,72.5,1.63,4835065,103766553091.393
Cuba,1990,10.6,75.3,1.81,10631799,90071926327.7175
Dinamarca,1990,7.3,75,1.66,5141025,225422270365.302
Dominica,1990,14.2,74.5,3.09,69627,632844838.42464
Ecuador,1990,44.2,70.9,3.68,10473673,92897351207.0503
Egipto,1990,63,63.8,4.51,58396618,417157234009.472
El Salvador,1990,45.9,68.5,3.96,5399726,29777666914.4531
Emiratos Arabes Unidos,1990,14.1,70.4,4.51,1898220,141847945019.688
Eritrea,1990,93,45,6.34,2032737,1680571697.54418
Eslovenia,1990,8.8,73.3,1.46,1998007,49961772911.1532
Espana,1990,9.3,76.8,1.36,39084979,1168311492819.87
Estados Unidos,1990,9.4,75.5,2.07,253373387,11593210350403.2
Estonia,1990,16.5,70,2.04,1570303,31947888606.1925
Etiopia,1990,121.6,44.5,7.2,47609755,45804947744.0457
Filipinas,1990,40.8,68.8,4.32,62854666,286178940461.703
Finlandia,1990,5.5,75.2,1.78,4986575,189260209793.938
Fiyi,1990,24.8,67.4,3.39,773316,6226894445.61456
Francia,1990,7.4,77.3,1.78,56990238,2185060307890.35
Gabon,1990,60.5,62,5.46,983734,18431200422.1224
Gambia,1990,80,60.8,6.25,1054696,2532401645.83568
Georgia,1990,40.8,69.2,2.31,5448868,75104446032.411
Ghana,1990,79.8,56.2,5.74,15394648,40401806117.2486
Granada,1990,18,70.6,3.06,99957,910073951.85564
Grecia,1990,11.3,77.1,1.47,10258487,258327833404.652
Guatemala,1990,59.8,62.2,5.48,9024773,66680893538.8365
Guinea,1990,140.8,48.5,6.52,6434374,11398131478.775
Guinea Ecuatorial,1990,127.9,49,5.99,474274,724866162.86548
Guinea-Bisau,1990,135.5,50.7,6.5,973669,1820584941.96135
Guyana,1990,46.6,64.8,3.18,749894,3513830463.42876
Haiti,1990,101,51.4,5.41,6854441,22708879215.775
Honduras,1990,45.1,70.5,5.27,4980488,21346649379.6206
Hungria,1990,16.9,69.4,1.86,10381281,195108920917.709
India,1990,88.3,58.5,4.05,864972221,2038068479447.95
Indonesia,1990,62.2,65,3.11,183501098,918444178856.753
Irak,1990,42.3,66.6,5.93,17581206,153701804178.603
Iran,1990,44.6,66.4,4.93,58380092,500693443802.618
Irlanda,1990,7.7,74.9,2.11,3514018,99277770313.9963
Islandia,1990,5.1,77.9,2.3,254833,10096680930.0917
Islas Marshall,1990,39.7,61.6,5.97,44629,174054167.52568
Islas Salomon,1990,32.2,61.4,5.74,331435,794672495.55005
Israel,1990,9.7,77.3,2.84,4544999,118263505398.071
Italia,1990,8.3,77,1.33,57031454,2293914459365
Jamaica,1990,25.4,74.9,2.96,2379877,20327482288.3545
Japon,1990,4.6,79.2,1.51,123399765,4511720300769.72
Jordania,1990,30,70.7,5.54,3621908,27977130588.9433
Kazajistan,1990,44.7,67.7,2.75,17154054,284020855707.726
Kenia,1990,65.8,62,6.14,22892651,81404573128.7525
Kiribati,1990,69.4,65,4.67,74855,173416292.5539
Kuwait,1990,15.3,71.8,3.49,1684819,47978797996.8261
Laos,1990,111.1,50.8,6.06,4311955,8613329669.7774
Lesoto,1990,70.8,58.9,4.81,1809696,3028367961.89088
Letonia,1990,16.6,69.9,1.99,2660131,49131162988.6696
Libano,1990,26.9,74.7,3.27,3595175,17841576878.3575
Liberia,1990,170.1,46.8,6.37,2223667,4381767977.72482
Libia,1990,35.5,70.5,4.78,4445239,60288375194.4398
Liechtenstein,1990,9,78.5,1.5,28887,
Lituania,1990,13.4,70.9,2.03,3695012,73712143234.0829
Luxemburgo,1990,7.3,75.2,1.6,381700,26891046431.227
Macedonia del Norte,1990,33,71.1,2.27,2063689,26236752984.9574
Madagascar,1990,98.1,51.8,6.14,12055639,22699621745.7311
Malasia,1990,14.3,71.4,3.3,17833171,208492823178.474
Malaui,1990,142.5,45.6,6.74,9545852,10268872872.1403
Maldivas,1990,68.2,65,6.13,224762,1983220506.55684
Mali,1990,130.6,48.2,7.31,9178830,14765256306.9342
Malta,1990,10,76.3,2.04,367908,6641098334.72388
Marruecos,1990,63.1,65,4.06,24375551,114750729021.306
Mauricio,1990,19.9,69.8,2.3,1089024,11370737263.488
Mauritania,1990,77.9,60.6,6.18,1951878,8081632497.11808
Mexico,1990,37.1,71.1,3.44,82820170,1311967123593.9
"Micronesia, Estados Federados de",1990,43.4,62.1,5.05,100888,330092085.61184
Moldavia,1990,27.3,68.2,2.39,4451148,67021253247.9672
Monaco,1990,6.4,76.2,1.85,30358,5040595113.31
Mongolia,1990,76.9,61.4,4.21,2164573,11267847549.0353
Montenegro,1990,14.9,73.1,1.95,620497,10345682220.9237
Mozambique,1990,159.7,52.3,6.32,13094537,7631677130.10134
Myanmar,1990,78.3,54.8,3.5,39817251,38460229314.3563
Namibia,1990,49.6,60.1,5.4,1369303,9730971884.56107
Nauru,1990,44.3,58.1,4.02,9622,302147465.11156
Nepal,1990,97.7,58.1,5.21,19524573,35011632800.665
Nicaragua,1990,50.9,71,4.6,4162559,16017475541.1452
Niger,1990,138.1,42.5,7.81,8286059,11072297463.734
Nigeria,1990,125.9,51.4,6.46,97120925,313300311627.286
Noruega,1990,7,76.6,1.93,4241440,217698507171.667
Nueva Zelanda,1990,9.2,75.5,2.17,3396979,102729469655.304
Oman,1990,32,68.7,6.46,1763954,47508859036.5829
Paises Bajos,1990,6.8,76.9,1.61,15030878,619256861644.581
Pakistan,1990,106.1,62.1,6.36,116155576,377533084662.834
Palaos,1990,31,66.3,2.88,15259,284108336.94422
Panama,1990,25.7,76.1,3.07,2455583,26471597818.1723
Papua Nueva Guinea,1990,65.3,62,5.18,3896481,12098694373.8406
Paraguay,1990,37.1,75,4.57,4035747,36326468433.1099
Peru,1990,56.3,72.9,3.91,22014771,139609828975.843
Polonia,1990,15.1,71.2,2.07,38055455,465612994646.436
Portugal,1990,11.5,74.2,1.56,9989524,259080194558.36
Reino Unido,1990,7.9,75.7,1.83,57367862,1979016300867.94
Republica Centroafricana,1990,115.3,48.5,6.05,2871910,4156844664.9197
Republica Checa,1990,12.7,71.5,1.89,10301988,257408772615.896
Republica Democratica del Congo,1990,119.8,52.2,6.65,36684063,65357709996.8157
Republica Dominicana,1990,46.5,70.9,3.41,7151166,47666773115.7453
Republica Eslovaca,1990,15.6,71,2.08,5266078,90736629791.9314
Republica Kirguisa,1990,54.1,66.8,3.8,4459543,29026130728.4286
Republica del Congo,1990,60.9,55.2,5.27,2380560,17745867903.6912
Ruanda,1990,93.2,46.9,6.8,7375307,9577014548.17633
Rumania,1990,31,70.1,1.84,22939530,299428180256.832
Rusia,1990,21.9,69.4,1.91,148979541,3739430393799.3
Samoa,1990,25.8,71.3,5.01,169042,714357382.06426
San Cristobal y Nieves,1990,23.1,68.8,2.73,40432,643229044.67248
San Marino,1990,9.7,78.4,1.16,23475,1309192160.73225
San Vicente y las Granadinas,1990,20.3,71.7,2.73,111812,834316292.66488
Santa Lucia,1990,18.7,70.6,3.24,137857,1831832342.16189
Santa Sede,1990,,,1,769,
Santo Tome y Principe,1990,70.5,63.6,5.83,122980,441945058.8982
Senegal,1990,70.3,57.5,6.4,7720523,21991661705.096
Serbia,1990,24.5,70.1,1.65,7874594,141723685958.668
Seychelles,1990,14.2,70.5,2.61,73983,1038764488.34067
Sierra Leona,1990,156.5,47,6.57,4196828,10681416274.3986
Singapur,1990,6.2,75.6,1.58,3039591,123229371803.916
Siria,1990,30.4,69.1,5.56,12579208,90407074828.6752
Somalia,1990,108.4,52.2,7.44,7082811,6681937142.25657
Sri Lanka,1990,18.1,69.4,2.54,16352458,77267691822.3963
Suazilandia,1990,56,56.4,5.3,872428,4731275977.3352
Sudafrica,1990,47.4,67.7,3.72,40746268,406859270147.039
Sudan,1990,79.9,55.9,6.07,22021481,48057212627.4539
Sudan del Sur,1990,149.7,50.1,7.38,4737633,5496805666.94799
Suecia,1990,5.8,77.7,2.12,8558567,337276869670.183
Suiza,1990,6.7,77.7,1.58,6713173,390369977732.52
Surinam,1990,40.7,70.7,3.23,412493,6660202095.34571
Tailandia,1990,30.3,71.9,2.07,54738329,493673666080.263
Tanzania,1990,100.4,55,6.2,26110207,41444960296.5133
Tayikistan,1990,85,66.5,5.46,5398768,25473394092.0779
Timor Oriental,1990,132,57.4,5.81,760345,1869583921.61425
Togo,1990,90.2,55.8,6.07,3998761,8099607169.3212
Tonga,1990,18.7,70.6,4.93,99700,455487424.006
Trinidad y Tobago,1990,26.9,69,2.39,1252208,16977510344.9786
Tunez,1990,44.3,69,3.44,8324509,56961386009.9589
Turkmenistan,1990,72.5,66,4.29,3760562,29603610900.1667
Turquia,1990,55.8,68.1,3.11,56015628,664350548570.903
Tuvalu,1990,44.4,59.7,3.75,8798,26723047.8394
Ucrania,1990,16.7,70.6,1.85,52054092,1007525417369.68
Uganda,1990,111.4,46.9,7.01,17569897,19761023920.4576
Uruguay,1990,20.3,73.1,2.48,3104403,43383238874.2096
Uzbekistan,1990,58.8,68.3,4.12,20464956,107358067575.247
Vanuatu,1990,29.2,66.5,5.17,148063,471666540.42378
Venezuela,1990,24.7,71.7,3.45,19827010,228374646834.404
Vietnam,1990,36.6,69.2,3.6,65504552,156076009963.232
Yemen,1990,88.7,59.7,8.61,13887862,32395818216.7896
Yibuti,1990,92.7,61.5,5.93,579538,1764527056.4554
Zambia,1990,113.3,48.8,6.57,7786169,17105696680.6868
Zimbabue,1990,51.2,64.8,4.88,10137281,37020765696.3775
Afganistan,1991,118.3,58.8,7.63,12238879,27358788647.9345
Albania,1991,33.7,72.1,2.96,3282602,13132436812.1661
Alemania,1991,6.5,75.7,1.34,80303196,3351578429695.77
Andorra,1991,7,79.5,1.4,56667,2527978949.0436
Angola,1991,133.5,50.4,7.21,12023529,60576801088.5108
Antigua y Barbuda,1991,22.6,73.4,2.04,63387,1392967245.63888
Arabia Saudita,1991,32.8,69.1,5.64,11160744,557542293660.043
Argelia,1991,38.8,68.9,4.37,25987928,250701117750.896
Argentina,1991,23.6,72.6,3.01,33230294,575947479533.812
Armenia,1991,40.6,69.9,2.64,3613977,23364819737.9824
Australia,1991,7.1,77.2,1.86,17353193,619176464745.095
Austria,1991,7.6,75.9,1.52,7757140,327501715531.458
Azerbaiyan,1991,75.7,65.9,2.95,7314308,75630604178.0093
Bahamas,1991,18.8,70.9,2.51,280731,9291149108.12088
Banglades,1991,95.8,54.8,4.26,113787109,213186049710.973
Barbados,1991,15.4,74,1.84,259373,4229889834.51175
Barein,1991,19.3,70.1,3.63,531869,16324589834.3438
Belgica,1991,8,76.2,1.66,9998961,408181268759.316
Belice,1991,30.4,73.1,4.6,187040,1603064461.1968
Benin,1991,105.6,54.5,6.67,5446932,12420884641.7639
Bielorrusia,1991,13.5,70.5,1.75,10193889,131327034049.324
Bolivia,1991,82.9,63.2,4.85,7280289,37518718701.1497
Bosnia y Herzegovina,1991,15.1,72.7,1.78,4458343,13273682481.9252
Botsuana,1991,42.9,64,4.37,1341756,13303594371.6515
Brasil,1991,48.9,70.3,2.81,151724256,1815389896288.52
Brunei,1991,9.2,72.1,3.21,262596,30693948387.9396
Bulgaria,1991,18.8,71.2,1.65,8695797,113310568025.645
Burkina Faso,1991,102.3,50.2,6.97,9394632,12374826474.2918
Burundi,1991,104.5,47.6,7.34,5703857,8340670864.52627
Butan,1991,89.6,59.7,5.45,599784,1963589611.16712
Cabo Verde,1991,47,69.6,5.26,384586,778607282.93546
Camboya,1991,85.5,58.5,5.59,7686850,19034103484.4235
Camerun,1991,86.7,55,6.32,11667180,42474493162.1388
Canada,1991,6.6,77.6,1.72,28157158,1100456495273.35
Catar,1991,16.7,71.9,3.99,454853,21116008713.2035
Chad,1991,114.7,48.3,7.26,6205676,9300942951.16648
Chile,1991,14.8,74.2,2.56,13662491,167987712787.635
China,1991,41.8,67,1.93,1170788528,2628752749301.95
Chipre,1991,9.7,75.2,2.34,798944,20127463423.8346
Cisjordania y Gaza,1991,34.1,71,6.75,2228954,7885938302.67334
Colombia,1991,28.2,72,2.98,33098372,333557786348.147
Comoras,1991,85.4,66.9,6.35,455556,897884585.31744
Corea del Norte,1991,36.9,71.5,2.35,21428638,52240032077.5764
Corea del Sur,1991,5.8,72.2,1.7,44439150,728087090069.829
Costa Rica,1991,14,76.7,3.08,3202176,34221362137.0483
Costa de Marfil,1991,104.8,54.1,6.59,12683870,54167435502.1519
Croacia,1991,10.5,71.1,1.54,4825157,83366468207.3327
Cuba,1991,9.8,75.4,1.66,10717640,77173258956.3536
Dinamarca,1991,6.9,75.2,1.69,5154345,229527563052.51
Dominica,1991,14.3,74.4,3.15,69296,651602965.01024
Ecuador,1991,42.3,70.7,3.63,10702380,97683294109.167
Egipto,1991,60.3,64.5,4.32,60028997,430635431595.009
El Salvador,1991,43.8,68.7,3.89,5495077,30645823636.8061
Emiratos Arabes Unidos,1991,13.4,70.8,4.25,2006626,149461503974.814
Eritrea,1991,89.5,45.7,6.24,1919571,1729476843.6555
Eslovenia,1991,8.2,73.3,1.42,1999193,45491700429.2809
Espana,1991,8.8,77,1.33,39201759,1207262988952.12
Estados Unidos,1991,9.1,75.6,2.06,256471422,11550063813405.2
Estonia,1991,15.9,69.6,1.8,1565383,29072337517.2234
Etiopia,1991,119.2,45.8,7.16,49717198,42294907567.1404
Filipinas,1991,39,69.2,4.27,64382249,285434087309.537
Finlandia,1991,5.3,75.5,1.79,5013880,178347286346.024
Fiyi,1991,24.1,67.3,3.37,779656,6059453499.33056
Francia,1991,7.1,77.5,1.77,57271565,2211920609353.7
Gabon,1991,60,61.9,5.37,1010818,20064687628.4035
Gambia,1991,78,61,6.19,1099959,2627726659.81014
Georgia,1991,40.4,69.3,2.21,5379510,57943935086.1018
Ghana,1991,77.5,56.5,5.63,15787496,42695600616.4262
Granada,1991,17.4,70.9,3.11,100793,923348456.41423
Grecia,1991,10.7,77.1,1.46,10306644,265926421879.797
Guatemala,1991,57.3,61.9,5.38,9272584,69056752981.7047
Guinea,1991,137.3,49,6.48,6697166,11714398941.3049
Guinea Ecuatorial,1991,125.5,49.3,5.99,492217,711992953.68872
Guinea-Bisau,1991,132.9,51.1,6.47,994639,1907698743.64456
Guyana,1991,45.5,65.3,3.18,747861,3737428751.36598
Haiti,1991,98.4,51.7,5.32,6995450,23456328599.6655
Honduras,1991,43.3,70.8,5.19,5123792,21086392162.5339
Hungria,1991,16.2,69.3,1.86,10378176,173886993223.997
India,1991,86.1,59.1,3.96,883927600,2052207699374.13
Indonesia,1991,59.8,65.6,3.06,186778238,987021845546.341
Irak,1991,41.6,66.8,5.83,17767253,57148431992.9031
Iran,1991,42.6,68.9,4.57,59986931,571185262024.902
Irlanda,1991,7.2,75.2,2.08,3534260,101661710946.927
Islandia,1991,4.9,78.1,2.2,257812,10070353578.5638
Islas Marshall,1991,38.3,61.7,5.76,45568,174077718.90688
Islas Salomon,1991,31.6,61.2,5.62,341738,842163304.7306
Israel,1991,9.2,77.3,2.83,4779890,125643257656.423
Italia,1991,8,77.1,1.3,57075393,2340682192618.96
Jamaica,1991,24.7,75.3,3,2400869,21191626013.2771
Japon,1991,4.5,79.4,1.5,123889871,4660601288850.15
Jordania,1991,29.1,70.8,5.33,3915149,28696258702.176
Kazajistan,1991,44.5,67.2,2.68,17278600,253336551733.656
Kenia,1991,67.4,61.6,5.94,23646514,83628131593.0381
Kiribati,1991,67,65,4.64,76367,165951165.83177
Kuwait,1991,15.3,69.9,3.4,1351399,27764773316.2542
Laos,1991,108.6,51.2,5.99,4435118,9001816770.36574
Lesoto,1991,70.6,59,4.68,1842379,3157389263.07035
Letonia,1991,18,69.4,1.84,2648940,42761695483.1976
Libano,1991,25.8,76.9,3.16,3668912,26447431950.836
Liberia,1991,171.2,48.4,6.32,1956518,3698267943.0551
Libia,1991,33.8,70.9,4.46,4544400,72121416584.952
Liechtenstein,1991,8.64,78.7,1.5,29279,
Lituania,1991,14.9,70.5,2.01,3701407,69633850300.4651
Luxemburgo,1991,6.8,75.5,1.61,386817,29395367086.9843
Macedonia del Norte,1991,31.5,71.3,2.31,2055994,24618083429.2144
Madagascar,1991,95.4,51.9,6.12,12421412,21382601693.1461
Malasia,1991,13.6,71.6,3.34,18342464,229203044644.282
Malaui,1991,137.9,45.6,6.68,9844227,11124446473.397
Maldivas,1991,65.3,65.4,5.8,231802,2047044022.96084
Mali,1991,128.7,48.9,7.28,9362888,16085008924.9455
Malta,1991,9.7,76.4,2,371332,6952121387.49648
Marruecos,1991,60.8,65.4,3.95,24799014,122644892146.593
Mauricio,1991,18.8,70.1,2.29,1103041,11745884628.0399
Mauritania,1991,77.2,61,6.16,2009738,8426462506.39534
Mexico,1991,35.4,71.6,3.36,84430572,1374001315245.42
"Micronesia, Estados Federados de",1991,43.1,62.4,4.92,102754,353190195.95144
Moldavia,1991,27.5,67.9,2.28,4456609,55900083994.6989
Monaco,1991,6,76.3,1.79,30625,5216740890.8125
Mongolia,1991,73.8,61.1,3.86,2202768,10413329405.9155
Montenegro,1991,14.3,73.2,2.02,623559,9459526695.42603
Mozambique,1991,157.4,52.7,6.28,13352090,7910719705.3868
Myanmar,1991,76.4,55,3.43,40394154,37606672191.2728
Namibia,1991,48.5,60.1,5.29,1415684,10538713516.5167
Nauru,1991,42.9,58,3.99,9850,244563141.8945
Nepal,1991,93.2,58.5,5.15,20036500,37241924298.92
Nicaragua,1991,49,71.5,4.43,4259637,16012554495.4574
Niger,1991,135.6,42.5,7.8,8546900,11139833137.707
Nigeria,1991,125.8,51,6.43,99720162,317656506857.638
Noruega,1991,6.4,77,1.92,4261623,227475748687.375
Nueva Zelanda,1991,8.7,75.8,2.09,3480925,100005962962.201
Oman,1991,29.3,69.3,6.2,1851473,51974748496.8761
Paises Bajos,1991,6.5,77.1,1.61,15155090,637035608394.179
Pakistan,1991,104.3,62.2,6.29,120060406,399327630136.924
Palaos,1991,30.2,66.5,2.74,15614,290426021.66456
Panama,1991,25.1,76.2,3,2508265,29071976329.6339
Papua Nueva Guinea,1991,64.4,61.9,5.11,4021837,13295200291.3182
Paraguay,1991,35.9,75.2,4.48,4144364,37695336372.9113
Peru,1991,53.7,71.8,3.79,22483775,142783862244.084
Polonia,1991,14.7,71,2.07,38152947,434691750867.559
Portugal,1991,10.6,74.2,1.56,9969176,270695298532.185
Reino Unido,1991,7.4,75.9,1.82,57555192,1956396797992.51
Republica Centroafricana,1991,115.2,47.8,6.03,2963191,4162388174.9989
Republica Checa,1991,12.2,71.9,1.84,10304426,230187935099.21
Republica Democratica del Congo,1991,118.7,52.1,6.65,37925817,60852604462.0949
Republica Dominicana,1991,44.9,71.3,3.35,7299853,48595444804.4879
Republica Eslovaca,1991,15,71.2,2.03,5284874,77743374365.288
Republica Kirguisa,1991,53.8,66.8,3.74,4532116,26574138350.87
Republica del Congo,1991,61.8,55,5.22,2449229,18425439184.3106
Ruanda,1991,96.3,47.3,6.62,7526966,9166580358.79064
Rumania,1991,30.1,69.9,1.6,22947413,267773696181.859
Rusia,1991,21.9,69.1,1.75,149448433,3603644225978.72
Samoa,1991,25,71.3,4.91,169368,694914776.73792
San Cristobal y Nieves,1991,22,69.3,2.6,40358,627114817.7556
San Marino,1991,9.1,78.7,1.17,23797,1325521070.8886
San Vicente y las Granadinas,1991,19.6,71.6,2.75,112222,844037184.54704
Santa Lucia,1991,18.3,70.9,3.19,139520,1873378327.4752
Santa Sede,1991,,,1,772,
Santo Tome y Principe,1991,70.8,63.9,5.77,125697,449425632.62025
Senegal,1991,69.7,57.8,6.27,7943085,22569960051.5787
Serbia,1991,22.3,69.4,1.61,7867067,126012526304.445
Seychelles,1991,13.7,70.4,2.69,74817,1077857893.40922
Sierra Leona,1991,156.1,46.9,6.55,4246267,10614889286.6469
Singapur,1991,5.5,76.1,1.5,3136291,132825048662.175
Siria,1991,29.2,69.2,5.34,12980821,96166238090.9825
Somalia,1991,106.8,51,7.47,6813760,6330995155.9104
Sri Lanka,1991,18.1,69.8,2.51,16475354,81770192278.6829
Suazilandia,1991,56.7,56.7,5.13,908189,4838538927.49949
Sudafrica,1991,46.7,68,3.62,41687898,406608176657.001
Sudan,1991,78.9,56.4,6.05,22470676,51996854841.6931
Sudan del Sur,1991,146.7,50.4,7.38,4836677,5518474094.79415
Suecia,1991,5.5,77.9,2.11,8616959,333924579657.092
Suiza,1991,6.4,77.9,1.58,6796943,390539054445.474
Surinam,1991,39.7,70.7,3.09,415013,6836103855.60446
Tailandia,1991,28.8,71.8,2.04,55637434,534275053849.69
Tanzania,1991,99.6,54.6,6.14,26780436,42844796761.6922
Tayikistan,1991,86.9,66,5.28,5541205,23405661370.7054
Timor Oriental,1991,126.8,57.6,5.84,778278,2051107377.19902
Togo,1991,89,55.9,5.99,4115560,8104281650.9368
Tonga,1991,18,70.7,4.85,99895,484308145.9358
Trinidad y Tobago,1991,26.5,69.1,2.29,1262171,17267084106.9328
Tunez,1991,42.8,69.2,3.31,8501827,59253331008.7784
Turkmenistan,1991,72,65.7,4.15,3855894,28342729181.9406
Turquia,1991,53.1,68.4,3,57009887,672551417171.443
Tuvalu,1991,43.9,60,3.79,8928,27678794.33664
Ucrania,1991,16.7,69.9,1.77,52170961,931682961618.779
Uganda,1991,109.3,46.3,6.94,18155901,20593498106.6572
Uruguay,1991,19.6,73.3,2.45,3122354,44906591780.7276
Uzbekistan,1991,58.5,68.1,4.19,20962910,105185302961.067
Vanuatu,1991,28.1,66.4,5.13,151793,485471377.84695
Venezuela,1991,23.9,71.8,3.37,20304896,254920945004.278
Vietnam,1991,35.4,69.5,3.52,66891775,165471462788.238
Yemen,1991,86.4,60.2,8.46,14430201,34657917505.1886
Yibuti,1991,91,61.8,5.86,631092,1772564426.75004
Zambia,1991,113,47.7,6.46,7981650,17283653676.0225
Zimbabue,1991,52.6,63.4,4.72,10404816,39258819326.4835
Afganistan,1992,114.4,59.2,7.7,13278974,28797316167.2061
Albania,1992,32.5,72.5,2.89,3282501,12374229316.8814
Alemania,1992,6.2,76.1,1.31,80934898,3439441492623.94
Andorra,1992,6.5,79.7,1.37,60200,2574702001.046
Angola,1992,133.5,50.5,7.14,12423712,59017465942.1021
Antigua y Barbuda,1992,21.5,73.6,2.13,64404,1406733460.60644
Arabia Saudita,1992,30.3,69.7,5.49,11686676,601984828595.046
Argelia,1992,38.1,69.3,4.27,26628568,259773812283.009
Argentina,1992,22.8,72.6,2.99,33693527,627668983503.23
Armenia,1992,38.8,69.4,2.5,3571861,13391671767.3145
Australia,1992,6.7,77.4,1.89,17549288,627025035601.786
Austria,1992,7.1,76.1,1.52,7842712,335560453553.122
Azerbaiyan,1992,76,64.5,2.86,7405780,58603930924.0916
Bahamas,1992,18,70.8,2.71,285927,8905602508.54029
Banglades,1992,92.1,58.3,4.03,115952192,225888003920.788
Barbados,1992,14.9,74,1.8,260267,3976780077.739
Barein,1992,18.7,70.2,3.55,547749,18279001218.5459
Belgica,1992,7.6,76.4,1.65,10045987,415603387032.049
Belice,1992,28.8,73.5,4.43,190983,1811169182.95092
Benin,1992,103.2,55.1,6.59,5617844,12740871774.5035
Bielorrusia,1992,13.6,70,1.7,10217561,118042958174.296
Bolivia,1992,80.2,63.5,4.71,7430336,38177247816.8051
Bosnia y Herzegovina,1992,14.7,59.1,1.76,4234616,11378035930.0606
Botsuana,1992,44.2,63.3,4.26,1380033,13838404806.8627
Brasil,1992,46.8,70.3,2.71,154275079,1815890152091.11
Brunei,1992,9,72.3,3.11,269839,30348545022.5565
Bulgaria,1992,19.1,71.2,1.54,8559101,105027011329.748
Burkina Faso,1992,102.4,50.2,6.94,9629275,12240875160.0005
Burundi,1992,104.8,47.1,7.3,5858407,8411126066.88828
Butan,1992,85.9,60.2,5.27,577774,2036562206.1515
Cabo Verde,1992,46.3,69.9,5.12,393415,845993482.66015
Camboya,1992,85.7,58.8,5.49,8113083,20409796430.1393
Camerun,1992,88.2,54.9,6.26,12006353,41651331521.1546
Canada,1992,6.4,77.8,1.72,28500059,1111378832474.4
Catar,1992,15.6,72,3.85,469657,24716697401.9034
Chad,1992,113.7,48.6,7.3,6474656,10033330047.5587
Chile,1992,13.7,74.8,2.48,13884577,186672056181.428
China,1992,41.2,67.3,1.78,1184574237,2918918794756.88
Chipre,1992,9.3,75.5,2.46,810341,21883390118
Cisjordania y Gaza,1992,32.7,71.1,6.65,2324693,9556899959.50592
Colombia,1992,27.4,72.2,2.98,33760571,347132676765.295
Comoras,1992,82.9,67.3,6.19,465113,983446773.62811
Corea del Norte,1992,41.1,71.5,2.29,21750911,48335011889.9575
Corea del Sur,1992,5.5,72.9,1.74,44653695,764441710156.945
Costa Rica,1992,13.7,76.8,3,3284258,37410482422.766
Costa de Marfil,1992,104.7,53.6,6.43,13200310,54944687197.3505
Croacia,1992,9.9,72,1.46,4782233,75122384962.0278
Cuba,1992,9.3,75.3,1.56,10785801,66708151238.696
Dinamarca,1992,6.5,75.3,1.76,5171367,234973335435.985
Dominica,1992,14.3,74.3,3.18,69325,676356987.9875
Ecuador,1992,40.5,71,3.58,10930128,100633668165.962
Egipto,1992,57.6,65.1,4.15,61480660,454151183639.54
El Salvador,1992,41.7,69.4,3.8,5585609,33077687163.4538
Emiratos Arabes Unidos,1992,12.8,71.2,4.09,2114730,159804731672.192
Eritrea,1992,85.8,51.1,6.16,1798748,1769681347.54376
Eslovenia,1992,7.7,73.4,1.33,1995859,42982807428.8874
Espana,1992,8.5,77.4,1.31,39420346,1227179288880.73
Estados Unidos,1992,8.8,75.8,2.04,259606019,11919019521973.3
Estonia,1992,15.2,69.1,1.7,1540212,23334859228.1142
Etiopia,1992,116.4,46.3,7.13,51853747,38414501823.1404
Filipinas,1992,37.3,69.6,4.16,65926125,287143966119.814
Finlandia,1992,5,75.7,1.84,5042148,172660443045.648
Fiyi,1992,23.5,67.3,3.33,785346,6423921951.26658
Francia,1992,6.7,77.7,1.74,57554870,2247118856237.11
Gabon,1992,59.6,62.1,5.29,1038380,19901229806.8304
Gambia,1992,76.1,60.8,6.11,1145582,2735149139.3869
Georgia,1992,40,69,2.05,5294187,31188709184.3852
Ghana,1992,75.6,56.8,5.52,16184855,44520325129.4261
Granada,1992,16.7,71.1,2.97,101602,914440665.37416
Grecia,1992,10.3,77.2,1.45,10359895,268594850932.099
Guatemala,1992,55,62.1,5.31,9522266,72608795718.3098
Guinea,1992,133.7,49.3,6.45,6914366,12229002571.1308
Guinea Ecuatorial,1992,123.1,49.7,5.98,510770,906628707.1257
Guinea-Bisau,1992,130.2,51.4,6.44,1024356,1943726419.3914
Guyana,1992,44.5,65.5,3.19,749911,4040742966.5937
Haiti,1992,95.8,51.9,5.21,7136571,22490932766.4411
Honduras,1992,41.5,71,5.11,5271431,22396930890.9359
Hungria,1992,15.4,69.2,1.77,10371474,170382582132.032
India,1992,83.9,59.7,3.88,902957070,2153775353400.03
Indonesia,1992,57.4,66.1,2.95,190043744,1050808875599.64
Irak,1992,40.8,66.7,5.72,18300845,77358592530.5119
Iran,1992,40.8,69.5,4.1,61184983,604381540191.484
Irlanda,1992,6.8,75.4,1.99,3558421,105659662342.05
Islandia,1992,4.7,78.3,2.21,261085,9727917815.0407
Islas Marshall,1992,37,61.8,5.55,46388,186558142.73136
Islas Salomon,1992,30.9,61.7,5.51,352205,948580015.15935
Israel,1992,8.7,77.3,2.87,4957238,135102566090.217
Italia,1992,7.7,77.4,1.3,57124990,2371620389087.87
Jamaica,1992,24,75.3,3.03,2424701,21743271312.4671
Japon,1992,4.4,79.5,1.48,124383708,4694653927156.39
Jordania,1992,28.3,70.8,5.14,4127693,32840572400.047
Kazajistan,1992,44.7,66.6,2.58,17332625,240382843234.539
Kenia,1992,68.9,61,5.74,24382460,83791221308.3526
Kiribati,1992,65,65.2,4.57,77641,194585922.36958
Kuwait,1992,14,74.5,3.35,1634961,55896322829.2625
Laos,1992,105.9,51.6,5.9,4559646,9521359851.61452
Lesoto,1992,71.1,58.9,4.54,1873274,3337057965.29066
Letonia,1992,19.1,68.6,1.72,2614827,28921733219.8429
Libano,1992,24.7,77,3.05,3747371,30410659180.8801
Liberia,1992,170.3,48.9,6.28,2072461,2365917208.33034
Libia,1992,32.2,71.2,4.16,4640352,72425512257.2246
Liechtenstein,1992,8.28,78.7,1.48,29724,
Lituania,1992,16.1,70,1.97,3697544,54911391888.9999
Luxemburgo,1992,6.3,75.8,1.65,391964,30117767578.1332
Macedonia del Norte,1992,30.1,71.5,2.28,2032523,22909078542.6166
Madagascar,1992,92.9,52.1,6.08,12800870,21743381001.9853
Malasia,1992,13,71.9,3.37,18834572,250378719571.575
Malaui,1992,133.1,45.7,6.63,10135079,10273059587.1186
Maldivas,1992,62.5,66,5.44,238543,2181549647.54855
Mali,1992,127.3,49.3,7.24,9553540,15553014084.776
Malta,1992,9.3,76.7,2.06,374795,7273346976.3647
Marruecos,1992,58.5,65.7,3.76,25212468,119691784438.469
Mauricio,1992,18.4,70.4,2.36,1117670,12356231950.3601
Mauritania,1992,76.7,61.3,6.13,2088135,8765833034.0448
Mexico,1992,33.7,71.9,3.29,86044809,1431786056286.29
"Micronesia, Estados Federados de",1992,43,62.6,4.8,104806,366018317.0475
Moldavia,1992,28.2,67.3,2.22,4455711,39584630272.1594
Monaco,1992,5.8,76.4,1.76,30887,5415744726.1125
Mongolia,1992,70.7,61,3.43,2239123,9773708639.77525
Montenegro,1992,14,73.3,2.01,626019,7326930226.01685
Mozambique,1992,154.7,53.1,6.22,13613316,7253007048.74688
Myanmar,1992,74.6,55.4,3.35,40950342,40642115737.3241
Namibia,1992,47.8,60,5.11,1461322,11359391115.1825
Nauru,1992,41.6,57.8,3.95,10021,204354884.74148
Nepal,1992,88.9,59.3,5.07,20609707,38770279666.1679
Nicaragua,1992,47.1,71.8,4.27,4357026,16139449250.7962
Niger,1992,132.6,43.4,7.8,8817633,11137912618.9607
Nigeria,1992,125.5,51.7,6.39,102372770,334417535498.501
Noruega,1992,5.8,77.2,1.89,4286261,238614436308.577
Nueva Zelanda,1992,8.2,76,2.06,3532244,101510487608.255
Oman,1992,26.8,69.7,5.92,1938238,57954973819.9024
Paises Bajos,1992,6.3,77.2,1.59,15276785,650584989709.902
Pakistan,1992,102.5,62.4,6.21,123546848,428131702053.193
Palaos,1992,29.4,66.6,2.71,15989,271384922.34586
Panama,1992,24.6,76.2,2.95,2561336,31567046349.0018
Papua Nueva Guinea,1992,63.4,62.2,5.03,4166699,15197018761.2838
Paraguay,1992,34.8,75.1,4.4,4253600,38555393836.128
Peru,1992,51,73,3.67,22946340,142045169301.191
Polonia,1992,14.3,71.4,1.96,38233640,447355102451.564
Portugal,1992,9.7,74.6,1.54,9960340,275975246828.975
Reino Unido,1992,7,76.2,1.79,57719272,1963319575628.03
Republica Centroafricana,1992,115.1,47.1,5.96,3058831,3954417747.29306
Republica Checa,1992,11.5,72.3,1.71,10312448,230953585931.292
Republica Democratica del Congo,1992,117.7,52.2,6.64,39228910,55389822409.3585
Republica Dominicana,1992,43.3,71.6,3.29,7447474,53829170509.8651
Republica Eslovaca,1992,14.3,71.5,1.93,5306436,72879100858.148
Republica Kirguisa,1992,53.6,66.4,3.64,4600310,22855521623.6204
Republica del Congo,1992,63,54.9,5.18,2519465,19157493328.9083
Ruanda,1992,101.3,47.6,6.54,7683266,9588305143.76698
Rumania,1992,29.1,69.7,1.51,22912393,251327116845.091
Rusia,1992,22,68,1.57,148915991,3108432829155.19
Samoa,1992,24.2,71.6,4.87,170331,690992283.93594
San Cristobal y Nieves,1992,21,69.6,2.43,40715,650682974.19765
San Marino,1992,8.5,79,1.15,24125,1331325053.35125
San Vicente y las Granadinas,1992,19.2,71.3,2.76,112509,898103902.5648
Santa Lucia,1992,18,71.3,3.11,141617,2060455911.30435
Santa Sede,1992,,,1,773,
Santo Tome y Principe,1992,70.7,63.9,5.7,128110,454753668.375
Senegal,1992,69.6,58,6.15,8168395,22867044422.651
Serbia,1992,20.9,70,1.57,7859809,91053590314.4178
Seychelles,1992,13.3,70.4,2.53,75617,1172693106.04625
Sierra Leona,1992,155.7,47.2,6.56,4166366,8891325980.61618
Singapur,1992,5,76.4,1.49,3226465,142691108024.593
Siria,1992,28,69.3,5.14,13385571,106644516550.241
Somalia,1992,105.8,51.8,7.5,6495107,5638821775.75899
Sri Lanka,1992,18.2,70.6,2.49,16739284,83546397849.7925
Suazilandia,1992,58.6,56.9,4.98,943416,5022840370.8672
Sudafrica,1992,46.4,68,3.48,42443509,401189025444.182
Sudan,1992,77.9,56.8,6.02,22927355,55797867785.2079
Sudan del Sur,1992,143.3,50.6,7.37,4909749,4910304194.41692
Suecia,1992,5.1,78.1,2.08,8667574,330575945875.75
Suiza,1992,6.1,78.1,1.57,6875051,394134845511.006
Surinam,1992,38.6,70.6,3.01,417589,6863821517.53313
Tailandia,1992,27.3,71.6,2.01,56528834,577501401934.448
Tanzania,1992,98.9,53.9,6.08,27457588,43598759827.508
Tayikistan,1992,90.1,63,5.06,5649400,16315971182.974
Timor Oriental,1992,121.7,58.3,5.87,799318,2244877840.76972
Togo,1992,87.9,56.1,5.89,4233617,7834733821.68084
Tonga,1992,17.4,70.8,4.79,100022,485036931.65434
Trinidad y Tobago,1992,26.2,69.1,2.21,1271674,18511784461.8835
Tunez,1992,41.2,69.5,3.19,8682512,63942104444.9723
Turkmenistan,1992,71.9,65.4,3.96,3944689,24174758534.3293
Turquia,1992,50.5,68.6,2.94,57990118,710923624642.129
Tuvalu,1992,43.2,60.3,3.86,9038,28447239.75658
Ucrania,1992,16.8,69.2,1.67,52323671,849838834347.142
Uganda,1992,106.8,46.2,6.91,18785032,21387447403.4228
Uruguay,1992,19.1,73.4,2.43,3139702,48471015989.4569
Uzbekistan,1992,58.4,67.7,4.06,21485090,92028926409.8094
Vanuatu,1992,27.2,66.4,5.09,155608,496839370.27936
Venezuela,1992,23.3,71.8,3.29,20780948,273187523804.894
Vietnam,1992,34.3,69.8,3.35,68260337,179998307245.258
Yemen,1992,84.4,60.7,8.27,14989494,37468083960.762
Yibuti,1992,89.6,62.1,5.75,626010,1807774318.7427
Zambia,1992,112.4,46.5,6.35,8176680,17346589823.3472
Zimbabue,1992,54.5,61.4,4.57,10702700,35914304518.837
Afganistan,1993,110.9,59.6,7.76,14943172,22474053552.518
Albania,1993,31.4,72.9,2.81,3277825,13623404695.451
Alemania,1993,5.9,76.2,1.29,81486773,3426085295017.64
Andorra,1993,6.1,79.8,1.33,63272,2565319681.65704
Angola,1993,133.4,49.2,7.07,12827135,46290981028.5307
Antigua y Barbuda,1993,20.3,73.7,2.04,65587,1478397698.37575
Arabia Saudita,1993,28.2,70.2,5.33,12215862,620956017126.962
Argelia,1993,37.5,69.7,4.08,27277048,258734861372.314
Argentina,1993,22.1,72.8,2.97,34152717,678727156603.383
Armenia,1993,37,69.4,2.29,3453332,11886291182.1633
Australia,1993,6.3,77.7,1.86,17722911,653762489302.664
Austria,1993,6.7,76.3,1.51,7907495,338510713559.784
Azerbaiyan,1993,76.2,64.6,2.75,7504115,45132548370.8415
Bahamas,1993,17.2,70.8,2.61,291339,8904643792.21143
Banglades,1993,88.3,59.1,3.83,118132360,238216377631.618
Barbados,1993,14.5,74,1.77,261027,3996486647.60904
Barein,1993,17.9,70.4,3.46,562809,21286302278.5308
Belgica,1993,7.2,76.4,1.61,10084931,412468517440.807
Belice,1993,27.4,73.3,4.21,194902,1929825222.7065
Benin,1993,100.9,55.5,6.51,5872706,13432132973.2745
Bielorrusia,1993,13.8,69.2,1.58,10241320,108480607049.882
Bolivia,1993,77.5,64,4.59,7579195,39855041230.8347
Bosnia y Herzegovina,1993,14.2,65,1.73,3904482,10069333366.1116
Botsuana,1993,45.7,62.3,4.15,1420115,14241944294.4957
Brasil,1993,44.6,70,2.66,156794577,1915459837530.71
Brunei,1993,8.8,72.6,3.01,276971,30195587726.9847
Bulgaria,1993,19.2,70.9,1.46,8466533,104021970534.785
Burkina Faso,1993,102.4,50.3,6.89,9871713,12506738748.7797
Burundi,1993,104.8,44,7.27,5676843,7851777456.92142
Butan,1993,82.4,60.6,5.07,554673,2061462560.9991
Cabo Verde,1993,45.8,70.1,4.95,401965,915490875.7027
Camboya,1993,86.2,59.1,5.43,8616381,21305241747.3983
Camerun,1993,89.9,54.7,6.16,12353131,39264685681.5945
Canada,1993,6.1,77.8,1.69,28830637,1142230934455.04
Catar,1993,14.7,72.1,3.77,484545,25579861835.0049
Chad,1993,112.6,48.9,7.34,6629146,8896439819.48254
Chile,1993,12.7,75,2.43,14102276,198283284682.817
China,1993,40.2,67.7,1.69,1197308575,3258428783397.45
Chipre,1993,8.9,75.6,2.25,826034,22060945712.6916
Cisjordania y Gaza,1993,31.5,71.3,6.5,2425066,10344915147.9171
Colombia,1993,26.6,72.6,2.98,34441473,366011116501.099
Comoras,1993,80.6,67.8,6.02,473682,1021006568.43834
Corea del Norte,1993,45.5,71.5,2.22,22073352,45945812200.0433
Corea del Sur,1993,5.2,73.4,1.68,44887724,808400008377.393
Costa Rica,1993,13.5,76.8,2.93,3367434,40071872571.4285
Costa de Marfil,1993,104.7,53,6.27,13735951,55668773757.829
Croacia,1993,9.5,73,1.51,4729743,68662809303.0899
Cuba,1993,8.8,75.3,1.49,10841031,52709741991.3466
Dinamarca,1993,6.1,75.2,1.75,5188637,235649352865.476
Dominica,1993,14.3,74.3,3.2,69433,697458882.88622
Ecuador,1993,38.7,71.3,3.49,11154274,102893990558.626
Egipto,1993,55,65.3,3.99,62915681,474143994987.042
El Salvador,1993,39.7,69.6,3.69,5659957,35407144521.9489
Emiratos Arabes Unidos,1993,12.2,71.4,3.82,2222093,167812912622.763
Eritrea,1993,81.9,51.9,6.07,1856006,2088745885.82944
Eslovenia,1993,7.1,73.6,1.33,1990811,44187785256.2352
Espana,1993,8,77.6,1.25,39651621,1219148155475.26
Estados Unidos,1993,8.5,75.6,2.01,262633231,12208610391872.2
Estonia,1993,14.5,68.7,1.49,1504342,21735141449.2885
Etiopia,1993,113.1,46.6,7.09,53708891,42210380843.1666
Filipinas,1993,35.9,69.7,4.1,67530621,293936600368.027
Finlandia,1993,4.8,76,1.82,5066590,171551846606.41
Fiyi,1993,22.9,67.2,3.29,790369,6552421452.02645
Francia,1993,6.3,77.9,1.66,57801266,2238692853981.23
Gabon,1993,59.1,62.2,5.19,1066405,21066633490.075
Gambia,1993,74.3,61.5,6.03,1188365,2833497256.07745
Georgia,1993,39.5,68.8,1.91,5178780,21446078903.1
Ghana,1993,74.1,57,5.41,16589519,46678618407.1289
Granada,1993,16.1,71.5,2.81,102382,894650129.53722
Grecia,1993,9.8,77.3,1.43,10412751,265476032408.13
Guatemala,1993,52.7,62.6,5.25,9779761,75621404095.7101
Guinea,1993,129.9,49.9,6.41,7128177,13013339572.1874
Guinea Ecuatorial,1993,120.8,50,5.98,530023,993148998.64856
Guinea-Bisau,1993,127.6,51.7,6.37,1058745,1991603514.92055
Guyana,1993,43.4,65.4,3.2,752965,4385489463.94315
Haiti,1993,93.1,51.6,5.1,7278181,21514617089.5102
Honduras,1993,39.9,70.9,5.03,5423249,23888310383.1281
Hungria,1993,14.2,69.2,1.69,10356870,171142322748.373
India,1993,81.7,60.5,3.8,922118387,2250424178675.95
Indonesia,1993,55.1,66.6,2.9,193305168,1122093971169.99
Irak,1993,40.2,66.7,5.61,19201195,97401248843.8581
Iran,1993,39.2,69.9,3.67,61403543,596214167346.626
Irlanda,1993,6.4,75.4,1.9,3576122,108920609854.978
Islandia,1993,4.5,78.5,2.22,263754,9853801705.80108
Islas Marshall,1993,35.8,61.9,5.38,47093,197947417.33535
Islas Salomon,1993,30.3,61.9,5.45,362839,985719130.83618
Israel,1993,8.2,77.5,2.87,5086045,139846279859.42
Italia,1993,7.3,77.6,1.25,57170764,2362295578575.39
Jamaica,1993,23.3,75.2,2.99,2449916,23473503058.5866
Japon,1993,4.3,79.6,1.44,124839958,4673624919905.29
Jordania,1993,27.5,70.8,4.97,4348020,34335154540.467
Kazajistan,1993,44.9,65.6,2.48,17274487,218720232908.07
Kenia,1993,70.4,60.4,5.57,25117188,84950455062.9571
Kiribati,1993,63.2,65.4,4.49,78841,194913986.58263
Kuwait,1993,13.5,74.3,3.31,1672151,78910159129.0194
Laos,1993,103.1,51.9,5.8,4685060,10100743160.097
Lesoto,1993,72.3,58.5,4.37,1901793,3409360362.23292
Letonia,1993,19.6,67.6,1.5,2563820,26901752664.227
Libano,1993,23.7,77.2,2.94,3820647,33921623368.0205
Liberia,1993,167.8,47.5,6.25,2155126,1563889789.17174
Libia,1993,30.8,71.7,3.88,4733045,71798357686.5431
Liechtenstein,1993,7.92,78.5,1.45,30170,
Lituania,1993,16,69.3,1.74,3680197,46077037239.1666
Luxemburgo,1993,6,76,1.71,397200,31580292501.756
Macedonia del Norte,1993,27.9,71.3,2.26,2006854,21101042320.8205
Madagascar,1993,90.7,52.5,6.06,13197345,22299186564.3886
Malasia,1993,12.4,72,3.36,19322664,275996482581.806
Malaui,1993,128.6,45.6,6.57,10284024,11249985199.9999
Maldivas,1993,59.5,66.6,5.06,244884,2305589890.61964
Mali,1993,126.2,49.7,7.18,9754786,16033458301.0058
Malta,1993,9,77.2,1.96,378217,7595010747.39883
Marruecos,1993,56.2,66,3.55,25614586,118415436769.688
Mauricio,1993,18.4,70.4,2.31,1132393,12848299444.1066
Mauritania,1993,76.4,61.4,6.09,2174328,9523625109.58872
Mexico,1993,32,72.1,3.21,87653807,1478189320385.39
"Micronesia, Estados Federados de",1993,43,62.9,4.68,107066,394735603.30156
Moldavia,1993,29.2,67.1,2.11,4448239,39063610728.2781
Monaco,1993,5.5,76.4,1.75,31136,5494468609.6832
Mongolia,1993,67.8,61.3,3.02,2273512,9807862085.20248
Montenegro,1993,13.8,73.2,1.96,628099,4737259690.35883
Mozambique,1993,151.5,53.4,6.15,14051192,7901525389.42048
Myanmar,1993,72.7,55.9,3.28,41502429,42479606595.975
Namibia,1993,47.5,59.9,4.91,1508697,11200851656.646
Nauru,1993,40.4,57.7,3.89,10102,170762116.48192
Nepal,1993,84.7,60.1,5.04,21180159,40250042389.1066
Nicaragua,1993,45.2,72,4.1,4453732,16166640267.0445
Niger,1993,128.9,43.8,7.79,9100789,11245765790.4357
Nigeria,1993,125.1,51.8,6.35,105122069,334437048038.014
Noruega,1993,5.3,77.3,1.87,4311862,248326476148.256
Nueva Zelanda,1993,7.8,76.3,2.04,3573610,107722905307.623
Oman,1993,24.5,70.1,5.64,2021675,63088520953.4563
Paises Bajos,1993,6.1,77.1,1.57,15389720,661351412998.601
Pakistan,1993,100.7,62.5,6.11,127020117,438050658694.767
Palaos,1993,28.7,66.7,2.73,16372,237567218.05208
Panama,1993,24.2,76.2,2.91,2615099,33401778290.939
Papua Nueva Guinea,1993,62.6,62.4,4.96,4320872,18032403139.4
Paraguay,1993,33.8,74.9,4.28,4362696,40601338838.2649
Peru,1993,48.2,72.9,3.55,23413783,149539924494.755
Polonia,1993,13.9,71.7,1.87,38294882,465730798254.51
Portugal,1993,8.8,74.8,1.51,9972342,272061249650.403
Reino Unido,1993,6.6,76.2,1.76,57861037,2011465444643.6
Republica Centroafricana,1993,115.2,46.2,5.93,3157839,3962895001.0371
Republica Checa,1993,10.7,72.7,1.65,10320398,232976732236.872
Republica Democratica del Congo,1993,116.8,52,6.64,40656336,48697314828.7013
Republica Dominicana,1993,41.8,72,3.23,7594572,58347276484.9288
Republica Eslovaca,1993,13.7,71.9,1.86,5326360,75197817170.8452
Republica Kirguisa,1993,53.3,65.6,3.41,4626803,19467513846.1118
Republica del Congo,1993,64.6,54.2,5.13,2595124,19208194416.2545
Ruanda,1993,109,47.9,6.48,7981132,8678503920.00924
Rumania,1993,28.5,69.6,1.44,22842250,259349395713.585
Rusia,1993,22.1,65.7,1.39,148135424,2862046326413.67
Samoa,1993,23.4,71.6,4.83,171774,717119297.00154
San Cristobal y Nieves,1993,20.1,69.9,2.38,41242,691702423.41702
San Marino,1993,7.9,79.3,1.12,24472,1443995642.75736
San Vicente y las Granadinas,1993,19,71.1,2.74,112735,936602626.88965
Santa Lucia,1993,17.7,71.5,3,143726,2108704208.0412
Santa Sede,1993,,,1,774,
Santo Tome y Principe,1993,70.2,64,5.64,130467,462258501.8289
Senegal,1993,69.9,58.3,6.05,8396288,23185499859.543
Serbia,1993,19.9,70.6,1.54,7849725,63489451515.321
Seychelles,1993,13,70.3,2.58,76409,1257736150.81991
Sierra Leona,1993,155.2,47.4,6.57,4157130,9087012308.7513
Singapur,1993,4.6,76.7,1.5,3317892,160570916073.388
Siria,1993,26.8,69.5,4.99,13795686,111472923449.791
Somalia,1993,105.4,53.8,7.53,6681399,5830259790.67137
Sri Lanka,1993,18,71.3,2.44,17025918,89292582567.8905
Suazilandia,1993,61.4,57.2,4.82,971318,5205121704.94664
Sudafrica,1993,46.6,67.4,3.37,43297156,409388638258.544
Sudan,1993,76.9,56.9,5.97,23445592,58879557364.3649
Sudan del Sur,1993,139.8,50.9,7.36,4956002,4946048415.14322
Suecia,1993,4.8,78.3,1.99,8718036,324276292242.87
Suiza,1993,5.8,78.4,1.51,6938106,397084907909.336
Surinam,1993,37.5,70.5,2.94,419352,6404771575.29744
Tailandia,1993,26,71.4,1.97,57408198,624028949896.418
Tanzania,1993,98.1,53.6,6,28332692,44638135846.4618
Tayikistan,1993,93,58.1,4.92,5724993,13769176198.8055
Timor Oriental,1993,116.7,58.6,5.88,821437,2454130734.11412
Togo,1993,86.8,56.1,5.78,4207453,6661438644.20143
Tonga,1993,16.9,70.9,4.73,100103,502628943.12104
Trinidad y Tobago,1993,25.9,69.1,2.13,1280466,18212255301.3944
Tunez,1993,39.6,69.8,3.06,8857910,65399340133.2909
Turkmenistan,1993,71.9,64.9,3.78,4032407,24600651922.5704
Turquia,1993,48,68.8,2.92,58999167,768861988047.989
Tuvalu,1993,42.4,60.5,3.92,9126,29591292.54978
Ucrania,1993,17,68.4,1.56,52350126,737832305126.177
Uganda,1993,104.5,46.1,6.89,19445161,23014543143.0951
Uruguay,1993,18.9,73.3,2.41,3156345,49768172719.5123
Uzbekistan,1993,58.1,67.3,3.86,21987955,88620105853.0629
Vanuatu,1993,26.4,66.4,5.02,159463,499359486.38933
Venezuela,1993,22.9,71.9,3.22,21254520,276969947095.976
Vietnam,1993,33.1,70.1,3.17,69586384,194745237109.22
Yemen,1993,82.7,61.2,8.05,15563914,38998880936.9713
Yibuti,1993,88.3,61.4,5.64,614245,1733622281.08315
Zambia,1993,111.3,45.7,6.3,8373921,18416641861.0966
Zimbabue,1993,56.4,59.4,4.39,10860288,36399273275.3971
Afganistan,1994,107.7,59.5,7.77,16250794,18327147061.348
Albania,1994,30.3,73.3,2.8,3269410,14786831444.9244
Alemania,1994,5.5,76.5,1.25,81773617,3532835485013.15
Andorra,1994,5.6,80,1.32,64612,2630157304.14628
Angola,1994,133.2,50.6,6.99,13249764,48348819585.8276
Antigua y Barbuda,1994,19.2,73.9,2.07,66843,1574161915.77666
Arabia Saudita,1994,26.4,70.7,5.16,12750040,645205283977.09
Argelia,1994,36.9,70,3.91,27887279,260630604199.449
Argentina,1994,21.4,73.3,2.94,34613491,721122201060.176
Armenia,1994,35.3,69.8,2.08,3364610,12369361737.2187
Australia,1994,6,77.8,1.85,17897433,681372673478.465
Austria,1994,6.2,76.6,1.47,7938155,347831354511.084
Azerbaiyan,1994,76.1,64.5,2.45,7608893,36367834774.9998
Bahamas,1994,16.3,71,2.47,296509,9156107683.41603
Banglades,1994,84.6,59.8,3.74,120343179,249909168008.067
Barbados,1994,14.1,74.1,1.73,261620,4066317711.8492
Barein,1994,16.8,70.5,3.29,577952,22282736943.871
Belgica,1994,6.8,76.7,1.56,10116005,426672852516.917
Belice,1994,26.1,72.9,3.97,199097,1935744356.67277
Benin,1994,98.9,55.9,6.42,6096506,13639784873.5359
Bielorrusia,1994,14.1,68.8,1.49,10230187,95301129506.314
Bolivia,1994,74.8,64.5,4.49,7727322,41763888509.0541
Bosnia y Herzegovina,1994,12.9,68.9,1.7,3725412,10886393097.5032
Botsuana,1994,47.3,61,4.02,1460023,14896540923.2383
Brasil,1994,42.2,70.3,2.6,159265006,2037681886846.61
Brunei,1994,8.5,72.9,2.9,284091,30611241613.776
Bulgaria,1994,19.3,70.9,1.37,8416917,106179375886.546
Burkina Faso,1994,102.1,50.5,6.84,10123798,12521624618.199
Burundi,1994,104.3,42.9,7.23,5713854,7595246878.60002
Butan,1994,78.8,61,4.87,554497,2168575020.11948
Cabo Verde,1994,45.1,70.1,4.72,410228,1062735824.03716
Camboya,1994,86.9,59.2,5.28,9239162,15730001941.9923
Camerun,1994,91.5,54.6,6.04,12704903,40013817445.5462
Canada,1994,6,77.9,1.69,29147381,1194363301645.36
Catar,1994,13.9,72.5,3.67,499459,27102426560.6317
Chad,1994,111.7,49.1,7.31,6783450,9811475240.6625
Chile,1994,11.7,75.2,2.38,14316256,207608953439.478
China,1994,39,68,1.63,1209003096,3600033104169.73
Chipre,1994,8.4,75.9,2.16,844667,23536920150.8015
Cisjordania y Gaza,1994,30.4,71.5,6.33,2529159,11733087957.9069
Colombia,1994,25.8,72.9,2.94,35127410,386677070831.76
Comoras,1994,78.7,68.2,5.86,482142,974358260.6616
Corea del Norte,1994,49.8,71.5,2.18,22393975,44769060234.208
Corea del Sur,1994,5,73.6,1.67,45130840,874392397345.204
Costa Rica,1994,13.2,76.7,2.86,3451122,41877748377.7645
Costa de Marfil,1994,104.6,52.5,6.13,14287201,56773692394.7689
Croacia,1994,9,73.4,1.52,4675514,71714682131.2158
Cuba,1994,8.6,75.4,1.47,10886021,53765013096.4248
Dinamarca,1994,5.7,75.4,1.8,5206190,248957241989.915
Dominica,1994,14.2,74.3,2.96,69477,709395674.13654
Ecuador,1994,36.9,71.6,3.42,11372197,107376263945.211
Egipto,1994,52.2,65.5,3.87,64285589,498011533857.535
El Salvador,1994,37.6,69.7,3.61,5714129,37396067127.5887
Emiratos Arabes Unidos,1994,11.7,71.6,3.76,2328188,185583823795.392
Eritrea,1994,78,52.8,6.01,1913915,2636863012.5724
Eslovenia,1994,6.6,74,1.32,1988262,46530750305.1465
Espana,1994,7.5,77.9,1.19,39858721,1255314169178.36
Estados Unidos,1994,8.2,75.8,1.99,265474810,12662148382771.7
Estonia,1994,13.6,67.9,1.41,1475714,21297334047.3044
Etiopia,1994,109.4,46.9,7.05,55611508,43910098185.9023
Filipinas,1994,34.6,69.9,4.08,69019291,307086061335.402
Finlandia,1994,4.5,76.5,1.84,5088458,178564343026.301
Fiyi,1994,22.4,67.2,3.26,794771,6877802655.79593
Francia,1994,5.8,78.2,1.67,57999866,2292429117346.01
Gabon,1994,58.6,62.1,5.04,1094720,22391714754.7808
Gambia,1994,72.6,61.9,6.04,1227226,2851859146.69656
Georgia,1994,38.9,70.1,1.84,5046271,18957362649.3139
Ghana,1994,73,56.9,5.25,16993190,48415001607.6302
Granada,1994,15.6,71.8,2.79,103138,907851741.1656
Grecia,1994,9.4,77.5,1.41,10466260,272175135258.292
Guatemala,1994,50.6,63.5,5.19,10043718,78654387602.5886
Guinea,1994,126.2,50.3,6.36,7345107,13687981935.6634
Guinea Ecuatorial,1994,118.5,50.3,5.98,550138,1130231481.7173
Guinea-Bisau,1994,124.8,51.6,6.3,1092031,2060630140.12147
Guyana,1994,42.3,65.4,3.23,755822,4776602826.90718
Haiti,1994,90.4,52.5,4.99,7419771,19151730453.0311
Honduras,1994,38.4,71.2,4.94,5579242,23901693554.3984
Hungria,1994,13,69.5,1.64,10339937,177893544345.901
India,1994,79.6,61.1,3.72,941163767,2387818386307.65
Indonesia,1994,52.9,67.1,2.85,196591828,1205625113182.53
Irak,1994,39.5,66.7,5.49,20139807,102241916008.754
Iran,1994,37.7,70.4,3.24,61520598,588616304451.001
Irlanda,1994,6.2,75.6,1.85,3590157,115739704601.962
Islandia,1994,4.3,78.5,2.14,266053,10208682362.3694
Islas Marshall,1994,34.9,62.1,5.23,47712,209851617.07776
Islas Salomon,1994,29.7,62,5.4,373675,1067192804.0405
Israel,1994,7.6,77.7,2.84,5216699,149478613253.619
Italia,1994,6.9,77.8,1.21,57420138,2433433823724.8
Jamaica,1994,22.6,75,2.93,2475220,23916666419.9496
Japon,1994,4.3,80,1.47,125286860,4718041438383.88
Jordania,1994,26.8,70.9,4.82,4561406,36074470189.9192
Kazajistan,1994,45,64.8,2.38,17043771,191561404414.775
Kenia,1994,71.4,59.7,5.44,25857130,88284336135.9752
Kiribati,1994,61.6,65.5,4.44,80021,198791573.89376
Kuwait,1994,13.1,74.4,3.27,1664361,88917022952.3727
Laos,1994,100.2,52.3,5.6,4809220,10935282152.9952
Lesoto,1994,74.3,57.9,4.21,1927707,3561622470.08538
Letonia,1994,19.9,67.1,1.38,2521233,27406607764.9092
Libano,1994,22.7,77.5,2.82,3889799,37202372236.51
Liberia,1994,163.7,46.4,6.21,2149928,1209111272.97576
Libia,1994,29.6,72.1,3.65,4822037,75228440833.0845
Liechtenstein,1994,7.56,78.2,1.44,30601,
Lituania,1994,14.9,68.9,1.58,3654891,41640708860.3739
Luxemburgo,1994,5.6,76.4,1.73,402590,32997299924.6865
Macedonia del Norte,1994,24.9,71.7,2.23,1992666,20701716766.3769
Madagascar,1994,88.4,53,6.04,13613850,22391119218.411
Malasia,1994,11.9,72.1,3.35,19820446,302236541530.8
Malaui,1994,124.9,45.4,6.49,10164894,10103660271.9482
Maldivas,1994,56.5,67.4,4.69,250822,2477620804.56748
Mali,1994,125.3,50,7.12,9967031,16601080953.0517
Malta,1994,8.7,77.6,1.84,381454,8020293241.20128
Marruecos,1994,54.1,66.4,3.41,26000822,130511468459.826
Mauricio,1994,18.8,70.8,2.24,1146548,13224227579.7715
Mauritania,1994,76.3,62.1,6.06,2249454,9572619565.47804
Mexico,1994,30.4,72.4,3.13,89259205,1552322533956.57
"Micronesia, Estados Federados de",1994,43.1,63.1,4.58,109075,391746453.249
Moldavia,1994,30.2,66.5,1.99,4434456,26978139117.4121
Monaco,1994,5.3,76.5,1.76,31375,5750618832
Mongolia,1994,65,61.7,2.82,2305744,10263843095.7563
Montenegro,1994,13.7,73.1,1.94,629878,4889858383.23496
Mozambique,1994,147.8,53.7,6.08,15033853,8340278461.34009
Myanmar,1994,70.8,56.4,3.2,42055143,44979769090.349
Namibia,1994,47.4,59.4,4.68,1556304,11563253948.1211
Nauru,1994,39.2,57.6,3.84,10137,163537539.25665
Nepal,1994,80.7,60.9,4.96,21717479,43540280389.2071
Nicaragua,1994,43.3,72.5,3.94,4549316,16811133499.3711
Niger,1994,124.6,44.4,7.79,9398258,11546862368.6634
Nigeria,1994,124.4,52,6.32,107935714,333521835494.57
Noruega,1994,4.9,77.6,1.87,4336467,263756929392.202
Nueva Zelanda,1994,7.5,76.6,1.98,3621030,113699929709.524
Oman,1994,22.5,70.6,5.36,2081834,67060637229.7439
Paises Bajos,1994,5.8,77.4,1.57,15485449,683346465550.817
Pakistan,1994,98.9,62.7,6.01,130748083,455908941054.61
Palaos,1994,27.8,66.8,2.66,16770,254479278.2844
Panama,1994,23.8,76.3,2.88,2669546,34466767859.1757
Papua Nueva Guinea,1994,61.9,62.6,4.87,4480208,19169584157.487
Paraguay,1994,32.8,74.6,4.2,4471417,42784623669.8362
Peru,1994,45.4,72.9,3.43,23881493,167990191128.118
Polonia,1994,13.5,72.1,1.8,38344313,491881520106.693
Portugal,1994,8.1,75.4,1.45,9998487,275748341462.636
Reino Unido,1994,6.3,76.7,1.74,58003203,2087897963618.01
Republica Centroafricana,1994,115.4,45.5,5.92,3257954,4160997501.52618
Republica Checa,1994,9.7,73.1,1.44,10322329,241616317600.387
Republica Democratica del Congo,1994,115.8,52,6.64,42626876,47376605070.8444
Republica Dominicana,1994,40.3,72.4,3.16,7741694,60377229500.6456
Republica Eslovaca,1994,13.1,72.3,1.67,5343231,79776204821.2778
Republica Kirguisa,1994,52.6,65,3.28,4649185,15567236024.6586
Republica del Congo,1994,66.6,53.9,5.1,2673144,18371294144.7336
Ruanda,1994,132.3,48,6.42,6792352,4376545982.58528
Rumania,1994,27.9,69.6,1.4,22756243,273490722395.782
Rusia,1994,22.2,64.4,1.4,148200736,2534974519980.62
Samoa,1994,22.6,71.6,4.79,173159,696761800.61894
San Cristobal y Nieves,1994,19.3,70.2,2.31,41776,724787477.4672
San Marino,1994,7.4,79.6,1.14,24823,1542362686.06399
San Vicente y las Granadinas,1994,18.9,71,2.68,112918,925205893.63644
Santa Lucia,1994,17.3,71.7,3.03,145890,2179920275.9307
Santa Sede,1994,,,1,777,
Santo Tome y Principe,1994,69.4,64,5.56,132732,474710159.11932
Senegal,1994,70.3,58.5,5.92,8624078,23187715649.3012
Serbia,1994,18.8,70.5,1.51,7837158,65367107314.0373
Seychelles,1994,12.7,70.6,2.6,77261,1228626482.33333
Sierra Leona,1994,154.5,46.7,6.56,4173105,9119257044.38025
Singapur,1994,4.3,76.8,1.47,3417817,179495488523.162
Siria,1994,25.7,69.8,4.86,14208583,117013102289.844
Somalia,1994,105.3,53,7.54,7026797,4779462119.40253
Sri Lanka,1994,17.7,71.4,2.41,17275773,94545493116.9154
Suazilandia,1994,64.9,57.2,4.66,971212,5347486745.45536
Sudafrica,1994,47.2,66.3,3.26,44004139,425682182902.546
Sudan,1994,75.8,57.9,5.91,24043948,60170714653.0509
Sudan del Sur,1994,136.1,51.2,7.35,5071184,3961378506.19904
Suecia,1994,4.4,78.7,1.88,8780190,337813871895.776
Suiza,1994,5.5,78.6,1.49,6993587,405422812195.898
Surinam,1994,36.5,70.6,2.9,422375,6631958856.615
Tailandia,1994,24.8,70.9,1.93,58260854,672074658384.808
Tanzania,1994,97.1,53.2,5.89,29442356,45869190923.1805
Tayikistan,1994,94.1,64,4.79,5825368,10781618124.1075
Timor Oriental,1994,112,59.5,5.91,844493,2628919874.64587
Togo,1994,85.5,56.1,5.67,4222940,7679029273.0902
Tonga,1994,16.5,70.9,4.66,100166,526898851.57734
Trinidad y Tobago,1994,25.7,69,2.06,1288341,18523803383.8171
Tunez,1994,37.8,70.1,2.87,9018448,67531098547.6051
Turkmenistan,1994,71.9,64.7,3.62,4116662,20391958781.7499
Turquia,1994,45.5,69,2.87,60033836,734023646298.38
Tuvalu,1994,41.5,60.7,3.92,9207,32624362.58796
Ucrania,1994,17.3,67.8,1.47,52075998,575282923431.744
Uganda,1994,102.5,46.1,6.9,20108801,24498559095.2923
Uruguay,1994,18.5,73.6,2.43,3172834,53394798068.4199
Uzbekistan,1994,57.8,67,3.66,22463291,82859190492.6692
Vanuatu,1994,25.8,66.4,4.94,163314,543630580.90614
Venezuela,1994,22.6,71.9,3.15,21725188,273127424587.817
Vietnam,1994,32,70.5,2.94,70854391,212179482301.857
Yemen,1994,81.1,61.4,7.8,16149147,41655384953.2649
Yibuti,1994,87.2,61.9,5.51,626710,1746895515.0808
Zambia,1994,109.7,44.8,6.26,8576269,16805340099.3624
Zimbabue,1994,58.1,57,4.28,10873148,39884317503.4132
Afganistan,1995,105,60.3,7.77,17065836,28825278978.0024
Albania,1995,29.1,73.6,2.76,3258567,16604301183.8289
Alemania,1995,5.3,76.7,1.26,82019890,3606008987246.93
Andorra,1995,5.2,80.1,1.32,63912,2694026298.55296
Angola,1995,132.8,51.6,6.92,13699778,57212108150.2609
Antigua y Barbuda,1995,18,73.8,2.16,68189,1503114920.5204
Arabia Saudita,1995,24.8,71.2,4.99,13289245,665235248969.119
Argelia,1995,36.3,70.2,3.49,28470191,274739516279.679
Argentina,1995,20.8,73.2,2.86,35070020,703254946144.425
Armenia,1995,33.7,70.2,2.07,3307581,13065064982.1145
Australia,1995,5.7,78.1,1.83,18095344,707297807662.591
Austria,1995,5.7,76.8,1.43,7950322,358286539546.292
Azerbaiyan,1995,75.2,65,2.19,7719282,32162740992.6089
Bahamas,1995,15.6,71.1,2.42,301461,9528641361.83451
Banglades,1995,81,60.4,3.59,122600370,264759821904.046
Barbados,1995,14,74.1,1.7,262039,4138756928.39251
Barein,1995,15.5,70.5,3.13,593222,23928119997.7009
Belgica,1995,6.3,76.9,1.56,10137265,437750860090.136
Belice,1995,25.1,72.6,3.88,204146,1954358716.50888
Benin,1995,97.2,56.3,6.33,6226773,14519876646.9739
Bielorrusia,1995,14.4,68.5,1.37,10197463,84839063012.6435
Bolivia,1995,72.2,65,4.41,7874676,43770458515.4334
Bosnia y Herzegovina,1995,12.3,62.1,1.67,3715564,12335505168.1531
Botsuana,1995,48.9,59.5,3.79,1498836,16083291653.1835
Brasil,1995,39.7,70.7,2.57,161735073,2133531650732.45
Brunei,1995,8.3,73,2.79,291195,31189574446.569
Bulgaria,1995,19.4,70.8,1.25,8357574,109441194692.624
Burkina Faso,1995,101.4,50.7,6.81,10386722,13096733166.2814
Burundi,1995,103.2,42.9,7.18,6066316,7012368110.94772
Butan,1995,75.3,61.5,4.62,547989,2318375643.00849
Cabo Verde,1995,43.7,68.1,4.49,418104,1197444349.57032
Camboya,1995,87.6,59.5,5.08,10018497,17264085721.2416
Camerun,1995,93,54.1,5.92,13058516,41631428760.2229
Canada,1995,5.7,78.1,1.67,29459131,1227427982423.59
Catar,1995,13.2,72.9,3.56,514325,28856804501.7157
Chad,1995,110.9,49.5,7.29,7089064,10038527916.4312
Chile,1995,11,75.3,2.35,14527381,226345657579.173
China,1995,37.7,68.4,1.59,1220133927,3932389899752.83
Chipre,1995,7.8,76,2.03,862695,25802614424.8301
Cisjordania y Gaza,1995,29.3,71.7,6.16,2636551,12280950124.2149
Colombia,1995,25,73.2,2.85,35804662,406774340290.289
Comoras,1995,76.9,68.7,5.73,490586,1016621445.10254
Corea del Norte,1995,53.2,65.3,2.15,22669304,42532208691.8417
Corea del Sur,1995,4.7,74.1,1.65,45368425,948845219235.079
Costa Rica,1995,13,76.7,2.78,3535176,43622850896.2649
Costa de Marfil,1995,104.4,52,6.04,14855565,61451358300.1129
Croacia,1995,8.7,72.8,1.58,4619360,76659941199.5344
Cuba,1995,8.4,75.6,1.48,10925362,57882165931.932
Dinamarca,1995,5.4,75.4,1.8,5233360,257311112718.414
Dominica,1995,14.1,74.3,2.71,69469,738655426.79084
Ecuador,1995,35.2,72,3.38,11590514,109908203767.91
Egipto,1995,49.4,65.9,3.76,65652622,526194070628.443
El Salvador,1995,35.6,70.1,3.57,5762131,39461917621.5895
Emiratos Arabes Unidos,1995,11.2,71.9,3.28,2434662,204111418443.788
Eritrea,1995,74.2,53.5,5.94,2025267,2884474899.71742
Eslovenia,1995,6.2,74.3,1.29,1988095,48751686599.4501
Espana,1995,6.9,78,1.15,40052738,1298485520836.11
Estados Unidos,1995,8,75.9,1.97,268205795,12961361877562.7
Estonia,1995,12.8,68.7,1.37,1452777,22278411870.8757
Etiopia,1995,105.6,47.3,7,57537335,46325693331.0358
Filipinas,1995,33.5,70,4.07,70546246,321435124105.214
Finlandia,1995,4.3,76.7,1.81,5107922,186344739395.653
Fiyi,1995,22.1,67.2,3.25,798746,7043606365.31474
Francia,1995,5.3,78.3,1.72,58192203,2344695912690.5
Gabon,1995,58.2,61.9,4.88,1123213,23956349852.3986
Gambia,1995,70.9,61.4,5.99,1264313,2890735142.77079
Georgia,1995,38.1,70.3,1.81,4925743,19546625370.645
Ghana,1995,72,57.5,5.11,17399017,50630598882.5418
Granada,1995,15.1,72,2.82,103869,925588894.7682
Grecia,1995,9.1,77.6,1.39,10519235,279313199784.526
Guatemala,1995,48.5,65,5.11,10312996,82560790957.8806
Guinea,1995,122.3,50.7,6.29,7553249,14471032058.354
Guinea Ecuatorial,1995,116.5,50.6,5.97,571264,1301020689.52704
Guinea-Bisau,1995,122.1,52.3,6.22,1119949,2155754786.89579
Guyana,1995,41.4,65.5,3.24,758388,5037957605.4996
Haiti,1995,87.8,53.1,4.88,7562546,21274851556.5744
Honduras,1995,36.9,71.3,4.84,5739637,25324443934.6892
Hungria,1995,12.1,69.9,1.57,10322788,182211915179.291
India,1995,77.5,61.4,3.65,960301044,2555572401931.74
Indonesia,1995,50.8,67.6,2.81,199888057,1303240520223.24
Irak,1995,38.9,66.7,5.36,20825860,104608018420.838
Iran,1995,36.2,70.9,2.85,62205567,605427331930.199
Irlanda,1995,6.1,75.7,1.84,3610697,127480681508.806
Islandia,1995,4.1,78.4,2.08,267510,10221096966.7494
Islas Marshall,1995,34.2,62.2,5.09,48266,227401590.784
Islas Salomon,1995,29.1,62.4,5.34,384733,1169429867.71395
Israel,1995,7.2,78,2.82,5354739,159770525799.77
Italia,1995,6.4,78.1,1.19,57403344,2513036897330.09
Jamaica,1995,21.9,74.9,2.85,2500151,24567691698.9572
Japon,1995,4.1,79.9,1.41,125672665,4837073064136.69
Jordania,1995,26.2,71,4.68,4752096,38357680373.2195
Kazajistan,1995,44.8,64.2,2.25,16730536,176070074064.245
Kenia,1995,71.9,59.2,5.37,26601751,93229543865.5369
Kiribati,1995,60.3,65.6,4.42,81234,203053351.2336
Kuwait,1995,12.7,74.3,3.25,1681513,95690224843.0184
Laos,1995,97.4,53.1,5.36,4929409,11713440011.8176
Lesoto,1995,76.6,57,4.13,1951437,3626390249.27919
Letonia,1995,19.7,67.6,1.25,2485949,27094127778.1062
Libano,1995,21.8,77.7,2.73,3960735,40150559814.7239
Liberia,1995,158.3,47.8,6.17,2169162,1145821280.49126
Libia,1995,28.4,72.4,3.44,4906843,75573753077.8843
Liechtenstein,1995,7.2,77.9,1.44,31033,
Lituania,1995,13.5,69.2,1.55,3627038,43248596583.3272
Luxemburgo,1995,5.2,76.6,1.71,408227,33688117104.7334
Macedonia del Norte,1995,22,71.8,2.13,1998534,20493716007.0416
Madagascar,1995,85.9,53.7,6.04,14051275,22867195986.2062
Malasia,1995,11.5,72.1,3.32,20330599,332793171999.551
Malaui,1995,121.9,44.8,6.39,10150117,11728545657.4851
Maldivas,1995,53.4,68,4.29,256649,2767491565.64161
Mali,1995,124.5,50.4,7.05,10185365,16795564420.2281
Malta,1995,8.4,77.7,1.79,384550,8541352334.7545
Marruecos,1995,51.8,66.8,3.3,26399429,123053279545.153
Mauricio,1995,19.4,70.9,2.14,1159821,13685463502.6836
Mauritania,1995,76.3,62.6,5.96,2312017,10420463406.0111
Mexico,1995,28.8,72.5,3.04,90862455,1466973558192.39
"Micronesia, Estados Federados de",1995,43.3,63.3,4.49,110230,418193699.0205
Moldavia,1995,31,66.3,1.83,4414211,26599667031.8078
Monaco,1995,5.1,76.6,1.78,31609,6015070913.6839
Mongolia,1995,62.2,61.8,2.74,2335715,11106269351.7687
Montenegro,1995,13.6,73,1.96,631381,5686268693.04102
Mozambique,1995,143.4,53.8,6.02,15960530,8460085615.3635
Myanmar,1995,69,56.8,3.13,42605338,47438808360.9151
Namibia,1995,47.6,59.3,4.42,1602170,12034452003.1708
Nauru,1995,38.1,57.4,3.81,10165,150161504.44875
Nepal,1995,76.8,61.6,4.87,22245439,45057948275.6317
Nicaragua,1995,41.4,72.7,3.78,4642931,17936662690.6579
Niger,1995,119.9,44.5,7.78,9714529,11634289546.0763
Nigeria,1995,123.4,52.2,6.27,110819428,337934477011.557
Noruega,1995,4.6,77.8,1.87,4358993,277502372297.453
Nueva Zelanda,1995,7.1,76.7,1.98,3674428,119041594526.384
Oman,1995,20.7,71,5.07,2120528,71917408549.6576
Paises Bajos,1995,5.7,77.5,1.53,15565032,707027454423.012
Pakistan,1995,97.1,62.8,5.89,134582253,478987882591.25
Palaos,1995,27,66.8,2.55,17195,281943654.5147
Panama,1995,23.5,76.4,2.85,2724557,35178551672.939
Papua Nueva Guinea,1995,61.2,62.8,4.78,4644278,18588589264.8931
Paraguay,1995,31.8,74.5,4.11,4579806,45833693684.3617
Peru,1995,42.5,72.9,3.32,24348919,180519929750.723
Polonia,1995,12.6,72.3,1.63,38364667,531482867145.869
Portugal,1995,7.4,75.5,1.41,10031751,287075777274.799
Reino Unido,1995,6.1,76.7,1.71,58154635,2139647794310.86
Republica Centroafricana,1995,115.4,45,5.94,3348052,4447339206.77072
Republica Checa,1995,8.8,73.3,1.28,10312042,258483748634.809
Republica Democratica del Congo,1995,114.9,52.1,6.68,44433704,48612245080.7896
Republica Dominicana,1995,38.9,72.7,3.1,7888115,64340115668.2679
Republica Eslovaca,1995,12.6,72.5,1.52,5354282,84685747352.9476
Republica Kirguisa,1995,51.3,65.2,3.29,4713635,14698969028.1906
Republica del Congo,1995,68.8,54,5.07,2749461,19324499178.1456
Ruanda,1995,129.6,47.8,6.35,5674118,5767776466.97868
Rumania,1995,27.3,69.3,1.34,22657723,295137106915.874
Rusia,1995,22.2,65,1.35,148291403,2461761107189.85
Samoa,1995,21.8,71.7,4.77,174571,741282420.65897
San Cristobal y Nieves,1995,18.5,70.1,2.3,42326,760173474.78066
San Marino,1995,6.9,79.8,1.17,25158,1683989069.5341
San Vicente y las Granadinas,1995,19,71,2.61,113047,997302585.19122
Santa Lucia,1995,16.9,72,3.03,148208,2255405698.89568
Santa Sede,1995,,,1,783,
Santo Tome y Principe,1995,68.1,64.3,5.55,134895,486230764.9476
Senegal,1995,70.8,58.9,5.82,8848101,24459381163.2701
Serbia,1995,17,70.5,1.47,7823284,69526627756.3455
Seychelles,1995,12.5,71,2.36,78126,1238588168.56938
Sierra Leona,1995,153.4,46.4,6.56,4179179,8409793161.95892
Singapur,1995,4.1,77.1,1.44,3533624,194427734897.538
Siria,1995,24.6,70,4.7,14616801,122777506210.544
Somalia,1995,105.3,53.6,7.58,7285007,4933850033.07595
Sri Lanka,1995,17.2,70.6,2.35,17564068,99715475957.1002
Suazilandia,1995,68.7,57,4.52,970433,5618229691.47799
Sudafrica,1995,48.2,65.6,3.17,44541554,441943885761.456
Sudan,1995,74.7,58.2,5.86,24672143,64443801585.7509
Sudan del Sur,1995,132,51.3,7.34,5225836,4009521834.86624
Suecia,1995,4,78.9,1.73,8826302,352040536098.72
Suiza,1995,5.2,78.8,1.48,7040477,410500072109.463
Surinam,1995,35.4,70.8,2.9,429606,6658591743.08856
Tailandia,1995,23.7,70.6,1.89,59098232,724664683188.309
Tanzania,1995,95.8,53,5.82,30383497,47986522358.8158
Tayikistan,1995,93,64.4,4.66,5948584,9400377165.6976
Timor Oriental,1995,107.3,59.9,5.94,868146,2810779861.51476
Togo,1995,84.2,56.1,5.57,4410832,8289466993.21744
Tonga,1995,16.2,71.1,4.56,100225,556155919.6005
Trinidad y Tobago,1995,25.6,69.1,1.97,1295169,19271232295.4569
Tunez,1995,35.9,70.3,2.67,9161258,69124783992.6379
Turkmenistan,1995,71.7,64.6,3.49,4191203,18962279892.5864
Turquia,1995,43.1,69.3,2.84,61024503,793039727809.714
Tuvalu,1995,40.4,60.9,3.96,9280,30978469.8304
Ucrania,1995,17.5,67.1,1.4,51665539,510570327180.969
Uganda,1995,101,46.4,6.87,20665667,27142473235.4597
Uruguay,1995,18,73.6,2.4,3189440,52633620948.9792
Uzbekistan,1995,57.3,67,3.57,22917589,81016959142.9207
Vanuatu,1995,25.3,66.7,4.85,167137,548365427.51649
Venezuela,1995,22.1,72.2,3.08,22193821,286635661063.316
Vietnam,1995,30.9,70.9,2.7,72049940,232719288801.68
Yemen,1995,79.7,62.2,7.53,16740058,44126461100.0504
Yibuti,1995,86.2,62.6,5.33,633074,1740179250.498
Zambia,1995,107.8,43.9,6.23,8785763,17481609250.7257
Zimbabue,1995,60.1,54.7,4.15,10974599,40176228724.724
Afganistan,1996,102.7,60.9,7.76,17763266,28799307479.9117
Albania,1996,27.9,73.7,2.67,3245678,17880441075.7034
Alemania,1996,5,77,1.33,82263189,3659049452068.23
Andorra,1996,5,80.3,1.33,63984,2825900697.92256
Angola,1996,132.3,52.6,6.85,14170973,66755981772.9053
Antigua y Barbuda,1996,17.1,74.1,2.27,69612,1600095486.43908
Arabia Saudita,1996,23.4,71.7,4.81,13831009,704148959254.458
Argelia,1996,35.7,70.8,3.14,29033044,289970394253.425
Argentina,1996,20.2,73.4,2.78,35513793,744832931659.442
Armenia,1996,32.1,70.7,2.06,3278735,13597661235.9192
Australia,1996,5.6,78.3,1.8,18305307,734707472370.003
Austria,1996,5.3,77,1.45,7960914,367512454309.036
Azerbaiyan,1996,73.6,65.8,1.98,7830982,32886850501.3553
Bahamas,1996,14.8,71.1,2.35,306268,9904016559.16432
Banglades,1996,77.4,61.1,3.51,124862179,279217972141.174
Barbados,1996,13.9,74.3,1.67,262284,4294220720.19732
Barein,1996,14.2,70.5,2.99,608593,25728986855.6701
Belgica,1996,5.9,77.1,1.59,10156969,444664864557.612
Belice,1996,24.1,72.2,3.76,210310,1981580293.0839
Benin,1996,95.6,56.5,6.28,6391858,15091650694.2707
Bielorrusia,1996,14.4,68.5,1.31,10164028,86829759383.3401
Bolivia,1996,69.5,65.3,4.34,8021736,45739572239.0995
Bosnia y Herzegovina,1996,11,74,1.65,3875246,19031350777.1218
Botsuana,1996,50.2,57.5,3.57,1535914,17159498564.55
Brasil,1996,37.2,71,2.51,164202549,2190003804657.14
Brunei,1996,8.1,73.3,2.68,298276,31313723362.7416
Bulgaria,1996,19.5,70.8,1.24,8291398,111992132673.875
Burkina Faso,1996,100.5,50.1,6.78,10655942,14403632752.142
Burundi,1996,101.7,43.2,7.12,6070506,6391101805.69224
Butan,1996,71.8,62,4.37,548784,2447527512.85632
Cabo Verde,1996,41.6,71.1,4.26,425581,1322023869.35437
Camboya,1996,88.2,59.9,4.87,10801270,18342017007.7294
Camerun,1996,94.1,53.7,5.8,13414757,43871257484.5902
Canada,1996,5.6,78.3,1.63,29767206,1248516573164.63
Catar,1996,12.5,72.9,3.44,529019,31148950449.7359
Chad,1996,110,49.5,7.29,7410108,10363901909.1198
Chile,1996,10.5,75.6,2.28,14734046,241561151829.812
China,1996,36.4,68.8,1.55,1230944812,4251534559420.23
Chipre,1996,7.4,76.1,1.95,880290,26374298266.8
Cisjordania y Gaza,1996,28.3,71.9,5.99,2746822,12157635019.6246
Colombia,1996,24.2,73.4,2.77,36462745,415091256086.747
Comoras,1996,75.6,67.7,5.63,499107,1010431615.29765
Corea del Norte,1996,55.1,65.2,2.09,22895746,40802865662.3227
Corea del Sur,1996,4.5,74.6,1.6,45638700,1014434317890.36
Costa Rica,1996,12.8,76.8,2.68,3619013,44226535383.7502
Costa de Marfil,1996,104,51.8,5.95,15442312,67145842706.1679
Croacia,1996,8.3,73.6,1.68,4562299,81861115570.8642
Cuba,1996,8.2,75.8,1.46,10962010,66366024124.7787
Dinamarca,1996,5.1,75.7,1.75,5263068,265543413388.4
Dominica,1996,14,74.5,2.55,69410,773706392.1631
Ecuador,1996,33.6,72,3.35,11810950,111911133518.615
Egipto,1996,46.6,66.2,3.7,67028048,557481149729.555
El Salvador,1996,33.7,70.4,3.48,5805286,39993362974.8368
Emiratos Arabes Unidos,1996,10.8,72.2,3.06,2597564,222869279067.641
Eritrea,1996,70.6,54.3,5.84,2128464,3324819657.8376
Eslovenia,1996,5.8,74.6,1.28,1986793,50213671814.8151
Espana,1996,6.4,78.2,1.14,40237372,1338186223056.01
Estados Unidos,1996,7.7,76.2,1.96,270860696,13406273369407.5
Estonia,1996,12,69.3,1.36,1434651,23323746269.6686
Etiopia,1996,102.1,47.9,6.93,59467635,51541768982.8804
Filipinas,1996,32.6,70,4,72190242,340370872906.99
Finlandia,1996,4,76.9,1.77,5124717,193403837712.166
Fiyi,1996,21.8,67.2,3.25,803789,7380471844.99212
Francia,1996,5,78.5,1.74,58380641,2377947651987.87
Gabon,1996,57.8,61.6,4.74,1152015,25269082430.7867
Gambia,1996,69.3,62.2,5.93,1301410,2982234177.5985
Georgia,1996,37.1,70.2,1.76,4812775,21802967629.5502
Ghana,1996,71,57.7,4.96,17810181,53173019359.3577
Granada,1996,14.7,72.2,2.85,104584,965512421.25912
Grecia,1996,8.7,77.7,1.37,10570080,285393030763.19
Guatemala,1996,46.6,65.9,5.01,10583526,85114264673.5243
Guinea,1996,118.5,51.4,6.21,7770035,15266594993.4361
Guinea Ecuatorial,1996,114.3,51,5.96,593492,2057485215.8178
Guinea-Bisau,1996,119.1,50.4,6.14,1143535,2377210164.12115
Guyana,1996,40.5,65.3,3.23,760526,5465366328.24806
Haiti,1996,85.1,53.7,4.78,7707557,22380488292.857
Honduras,1996,35.6,71.4,4.71,5903954,25943388758.5761
Hungria,1996,11.5,70.4,1.46,10302235,183931141206.423
India,1996,75.4,61.5,3.58,979678458,2738438999291.05
Indonesia,1996,48.7,68,2.78,203204348,1403221216048.86
Irak,1996,38.3,66.8,5.25,21501321,119495997455.32
Iran,1996,34.7,71.3,2.54,62881300,648996632128.244
Irlanda,1996,6.1,75.9,1.88,3638509,137815411997.407
Islandia,1996,3.9,78.7,2.11,268960,10693882136.0912
Islas Marshall,1996,33.8,62.3,5.02,48775,204323254.95
Islas Salomon,1996,28.7,62.6,5.22,396009,1187299959.15672
Israel,1996,6.7,78.4,2.86,5499551,168874299100.756
Italia,1996,6,78.4,1.2,57162092,2544900075129.56
Jamaica,1996,21.2,75.2,2.77,2524463,24632591490.6679
Japon,1996,4,80.5,1.4,125975302,4979336802174.99
Jordania,1996,25.5,71.1,4.51,4912516,39203404489.9728
Kazajistan,1996,44,64.3,2.08,16416027,176886351699.021
Kenia,1996,71.7,58.6,5.31,27344211,98173279258.1099
Kiribati,1996,58.9,66,4.43,82623,203740598.53311
Kuwait,1996,12.3,74.2,3.22,1730246,98889689196.1829
Laos,1996,94.4,53.8,5.15,5045678,12545370892.4876
Lesoto,1996,78.8,55.7,4.06,1972418,3791983171.2273
Letonia,1996,19.1,68.6,1.16,2457905,27643353885.9566
Libano,1996,20.8,77.9,2.7,4034781,44736739665.755
Liberia,1996,151.9,46.3,6.13,2232289,1272489043.55553
Libia,1996,27.4,71.9,3.26,4987393,79239632205.3291
Liechtenstein,1996,6.82,77.7,1.52,31472,
Lituania,1996,12,69.9,1.5,3599711,45496664535.647
Luxemburgo,1996,4.9,76.8,1.77,413776,34386157383.2973
Macedonia del Norte,1996,19.5,71.9,2.06,2012553,20782422630.077
Madagascar,1996,83.1,54.4,6.03,14510711,23451051131.9627
Malasia,1996,11.1,72.3,3.3,20850087,366914730052.215
Malaui,1996,119.5,44.5,6.29,10352228,12624657266.2976
Maldivas,1996,50.1,68.5,3.86,262347,2988400844.77797
Mali,1996,123.6,50.6,7.01,10407278,17950704968.5538
Malta,1996,8,77.8,1.97,387624,8879145410.47272
Marruecos,1996,49.7,67.2,3.23,26808107,137829451832.737
Mauricio,1996,19.9,70.9,2.12,1172383,14301012218.9443
Mauritania,1996,76.3,62.8,5.86,2358188,11320643548.6794
Mexico,1996,27.3,72.7,2.96,92452702,1563865561800.46
"Micronesia, Estados Federados de",1996,43.5,63.5,4.43,110710,403968615.2213
Moldavia,1996,31.3,66.8,1.71,4387655,24966074879.4813
Monaco,1996,4.9,76.6,1.82,31837,6232750763.4834
Mongolia,1996,59.4,61.8,2.62,2363465,11531544596.9451
Montenegro,1996,13.6,73,1.92,632620,7394889799.2168
Mozambique,1996,138.3,54,5.97,16492480,9479365577.4208
Myanmar,1996,67.3,57.3,3.06,43154860,49821333873.7884
Namibia,1996,48,58.7,4.2,1646103,12428152399.5372
Nauru,1996,37,57.3,3.78,10183,132109595.39527
Nepal,1996,73.1,62.3,4.67,22741862,47484005394.723
Nicaragua,1996,39.5,73.1,3.62,4729974,19210886933.0639
Niger,1996,115.4,45.6,7.78,10044852,11810751245.2898
Nigeria,1996,121.9,52,6.22,113754779,355141514549.959
Noruega,1996,4.4,78,1.89,4381135,294158203453.459
Nueva Zelanda,1996,6.9,77,1.96,3729378,123366572138.63
Oman,1996,19.2,71.5,4.79,2156926,75735405788.9399
Paises Bajos,1996,5.5,77.5,1.53,15640027,733783618931.415
Pakistan,1996,95.2,63.2,5.77,138557092,500538179322.034
Palaos,1996,26.2,66.8,2.39,17654,311123783.23936
Panama,1996,23.3,76.5,2.83,2780227,33832872507.4897
Papua Nueva Guinea,1996,60.5,63,4.73,4813361,20074995242.319
Paraguay,1996,30.9,74.4,4.01,4687543,46716615808.7829
Peru,1996,39.7,73.3,3.2,24811171,185644573662.288
Polonia,1996,11.6,72.5,1.59,38359171,565403432300.286
Portugal,1996,7,75.5,1.44,10067649,297886020524.794
Reino Unido,1996,5.9,76.9,1.72,58298565,2193733434656.14
Republica Centroafricana,1996,115.4,44.4,5.96,3435965,4242519438.3806
Republica Checa,1996,7.9,73.7,1.19,10296128,271156296219.738
Republica Democratica del Congo,1996,113.8,50.7,6.67,45296124,48633455447.7619
Republica Dominicana,1996,37.6,72.8,3.04,8032894,68864650012.8475
Republica Eslovaca,1996,12,72.7,1.47,5362428,89880271421.983
Republica Kirguisa,1996,49.5,65.6,3.09,4782882,15658517631.5412
Republica del Congo,1996,71.2,54,5.03,2826785,20455160727.0588
Ruanda,1996,120.3,47.4,6.29,6708764,6433384399.60664
Rumania,1996,26.7,69.1,1.3,22541910,310705501734.292
Rusia,1996,22,66.2,1.29,148084582,2397067218611.1
Samoa,1996,21.1,71.7,4.74,176071,792679234.18152
San Cristobal y Nieves,1996,17.8,70.3,2.26,42877,800915438.81801
San Marino,1996,6.4,80,1.21,25482,1767154000.6344
San Vicente y las Granadinas,1996,19.1,71.2,2.53,113119,1010339958.86592
Santa Lucia,1996,16.5,72.4,2.71,150436,2359143643.23352
Santa Sede,1996,,,1,792,
Santo Tome y Principe,1996,66.6,64.2,5.47,136962,495405651.49866
Senegal,1996,71.2,59.1,5.72,9067014,24961764363.1943
Serbia,1996,15.1,70.5,1.44,7807721,74160369632.3008
Seychelles,1996,12.3,71.2,2.31,78882,1346431887.64518
Sierra Leona,1996,152,47.8,6.55,4199210,8107688325.5315
Singapur,1996,3.9,77.4,1.42,3664560,210160908540.756
Siria,1996,23.6,70.2,4.54,15018104,131053142933.224
Somalia,1996,105.3,53.7,7.62,7554474,5283415013.06862
Sri Lanka,1996,16.7,70.4,2.29,17905018,104987569365.354
Suazilandia,1996,72.5,56.3,4.38,989841,5846380738.09329
Sudafrica,1996,49.4,63.8,2.99,45123018,464008359901.537
Sudan,1996,73.6,58.4,5.79,25231528,68875336892.8615
Sudan del Sur,1996,127.9,51.7,7.32,5356925,4151778921.98125
Suecia,1996,3.8,79.1,1.6,8840327,358472452780.968
Suiza,1996,5,79.1,1.5,7071883,415506838977.043
Surinam,1996,34.3,70.8,2.92,438830,6759094894.8215
Tailandia,1996,22.7,71.2,1.87,59920064,763658960769.03
Tanzania,1996,93.8,52.8,5.83,30945762,50643070632.6534
Tayikistan,1996,90.4,64.3,3.94,6066523,7997517108.43021
Timor Oriental,1996,102.9,61.6,5.94,892282,3047004110.61542
Togo,1996,82.8,56,5.46,4577860,9034422274.724
Tonga,1996,15.9,71.1,4.46,100275,556012222.3005
Trinidad y Tobago,1996,25.5,69,1.89,1300928,20520454394.1658
Tunez,1996,33.9,70.5,2.49,9294432,73971746156.4211
Turkmenistan,1996,71.2,64.6,3.29,4263819,19738294935.8503
Turquia,1996,40.8,69.9,2.78,61951134,852916963597.013
Tuvalu,1996,39.3,61,3.95,9342,29125659.33828
Ucrania,1996,17.5,67.3,1.33,51226109,464304531461.379
Uganda,1996,99.6,46.6,6.84,21231550,29417564974.1345
Uruguay,1996,17.5,73.8,2.36,3206324,55556012275.6509
Uzbekistan,1996,56.8,67.1,3.39,23351981,81325713647.4749
Vanuatu,1996,24.9,66.7,4.75,170911,560645567.62396
Venezuela,1996,21.5,72.6,3.02,22662113,288416034690.877
Vietnam,1996,29.9,71.2,2.47,73156447,254732908763.88
Yemen,1996,78.2,62.8,7,17313177,46258850304.286
Yibuti,1996,85.1,62.8,5.15,648348,1693767389.90532
Zambia,1996,106.1,43.2,6.18,9004053,18758644060.1657
Zimbabue,1996,61.6,52.5,4.11,11158360,44589346959.3748
Afganistan,1997,100.7,60.6,7.73,18452091,28830714257.6767
Albania,1997,26.8,72.2,2.54,3229660,15821045915.8248
Alemania,1997,4.8,77.4,1.38,82389638,3743397600573.5
Andorra,1997,4.6,80.4,1.35,64700,3100997307.994
Angola,1997,131.5,53.1,6.79,14660413,73482999419.1221
Antigua y Barbuda,1997,16.2,73.1,2.19,71053,1685240785.84551
Arabia Saudita,1997,22.1,72.1,4.66,14374943,738002904940.193
Argelia,1997,35.1,71.1,2.89,29579301,297086547440.512
Argentina,1997,19.6,73.6,2.71,35947791,807958857239.953
Armenia,1997,30.6,71.4,1.9,3246289,13843287825.3536
Australia,1997,5.4,78.6,1.78,18504912,763733331498.291
Austria,1997,5,77.4,1.4,7969803,376572183729.317
Azerbaiyan,1997,71.2,66.6,2.02,7936221,35189216294.5048
Bahamas,1997,14.1,71.4,2.29,310904,10019289007.5802
Banglades,1997,74,61.8,3.5,127198069,294470680810.439
Barbados,1997,14,74.4,1.65,262392,4488237738.8316
Barein,1997,13.1,70.6,2.92,624005,27316018007.4756
Belgica,1997,5.5,77.4,1.6,10181464,462358841456.131
Belice,1997,23.3,71.7,3.74,217446,2067159757.87584
Benin,1997,94.2,57,6.23,6583365,15912787422.1536
Bielorrusia,1997,14.2,68.4,1.22,10122364,96346037092.2804
Bolivia,1997,66.8,65.8,4.22,8167900,48068705889.438
Bosnia y Herzegovina,1997,10.1,74.3,1.69,4018227,25436315286.5513
Botsuana,1997,51.3,55.1,3.43,1571691,18720618414.1201
Brasil,1997,34.8,71.5,2.47,166661659,2273163505143.8
Brunei,1997,7.9,73.5,2.6,305341,32773632297.2526
Bulgaria,1997,19.4,70.7,1.11,8217102,99037529598.2579
Burkina Faso,1997,99.4,51.1,6.72,10934223,15181197567.1554
Burundi,1997,100,43.3,7.04,6070042,6267109919.75772
Butan,1997,68.4,62.3,4.09,558697,2584972284.71356
Cabo Verde,1997,38.8,71.3,4.05,432798,1460600375.87718
Camboya,1997,88.2,60.5,4.4,11570982,19173328228.7117
Camerun,1997,94.7,53.2,5.71,13775214,46344515315.444
Canada,1997,5.4,78.5,1.57,30059089,1302245443561.65
Catar,1997,12,72.9,3.33,550500,41775201332.655
Chad,1997,109.1,49.5,7.27,7670366,11061168263.3815
Chile,1997,10.2,76.1,2.2,14932434,257992377731.333
China,1997,35,69.3,1.53,1241139622,4548205331182.22
Chipre,1997,6.9,76.2,1.86,897568,27341189364.0704
Cisjordania y Gaza,1997,27.3,72.1,5.82,2859575,13656035098.4825
Colombia,1997,23.4,74,2.74,37121149,429477864817.152
Comoras,1997,74.5,69.3,5.51,507777,1058201910.95265
Corea del Norte,1997,55,65.2,2.03,23110830,37966562811.7785
Corea del Sur,1997,4.5,74.8,1.56,45941537,1068510436445.96
Costa Rica,1997,12.7,77.2,2.59,3701711,46688725653.4936
Costa de Marfil,1997,103.3,51.6,5.9,16047170,74093404612.9671
Croacia,1997,8,73.7,1.69,4504621,86847742845.0863
Cuba,1997,7.8,76.2,1.59,10997934,70607669784.6379
Dinamarca,1997,5,76.1,1.75,5285035,274765594996.601
Dominica,1997,13.8,74.7,2.41,69299,802889871.09339
Ecuador,1997,32.1,72,3.29,12031127,116838406387.568
Egipto,1997,44,66.4,3.68,68431740,592307475241.669
El Salvador,1997,31.8,70.6,3.38,5844578,41477126393.8699
Emiratos Arabes Unidos,1997,10.5,72.4,2.83,2817410,249225538055.075
Eritrea,1997,67.2,55,5.74,2152135,3632009526.9715
Eslovenia,1997,5.4,74.9,1.25,1984398,52798082378.1895
Espana,1997,6.1,78.7,1.15,40423826,1392230444223.14
Estados Unidos,1997,7.5,76.5,1.96,273468013,13947612512403.4
Estonia,1997,11.1,69.8,1.31,1421496,26241841826.2238
Etiopia,1997,98.7,48.6,6.87,61404539,53386589126.2169
Filipinas,1997,31.8,70.2,3.94,73908810,358131698261.888
Finlandia,1997,3.9,77.2,1.74,5139925,205969452689.1
Fiyi,1997,21.5,67.1,3.19,812139,7224816116.11905
Francia,1997,4.8,78.8,1.73,58568660,2437719650521.53
Gabon,1997,57.3,61.7,4.66,1181439,27163913213.8918
Gambia,1997,67.7,62.1,5.85,1338889,3118281692.55632
Georgia,1997,35.9,70,1.73,4695356,24082716349.1498
Ghana,1997,69.8,57.8,4.88,18238958,55686538353.0327
Granada,1997,14.3,72.3,2.8,105293,1012975542.43739
Grecia,1997,8.3,77.9,1.36,10622325,297328954362.174
Guatemala,1997,44.7,66.4,4.91,10857754,88950768212.9586
Guinea,1997,114.7,52,6.12,7931370,16255554661.8927
Guinea Ecuatorial,1997,112.1,52.2,5.94,616893,4880175120.00414
Guinea-Bisau,1997,116.2,51.1,6.06,1165545,2535564146.8599
Guyana,1997,39.6,65.6,3.22,762245,5833537819.296
Haiti,1997,82.4,54,4.67,7854298,23215567046.0245
Honduras,1997,34.3,71.6,4.59,6071454,27206738665.603
Hungria,1997,11.1,70.8,1.38,10278602,191047688043.884
India,1997,73.1,61.8,3.51,999133762,2838272369023.6
Indonesia,1997,46.7,68.3,2.74,206536095,1467232505625.16
Irak,1997,37.6,66.9,5.19,22176593,142044634403.453
Iran,1997,33.2,71.5,2.32,63639638,663252465698.699
Irlanda,1997,6.1,76.1,1.93,3672293,153315771212.002
Islandia,1997,3.7,78.9,2.04,271185,11341301129.3566
Islas Marshall,1997,33.6,62.3,4.96,49259,191516767.46356
Islas Salomon,1997,28.3,62.6,5.09,407474,1174326727.30124
Israel,1997,6.4,78.5,2.88,5646473,175076733685.889
Italia,1997,5.6,78.7,1.21,57189274,2602821981558.89
Jamaica,1997,20.5,75.1,2.68,2547848,24400468491.5754
Japon,1997,3.8,80.7,1.38,126265929,5018943694630.52
Jordania,1997,24.9,71.3,4.32,5046285,40540351259.5669
Kazajistan,1997,42.7,64.7,1.97,16043251,179781206871.448
Kenia,1997,71.1,58,5.27,28101768,99666509931.8443
Kiribati,1997,57.5,66.2,4.37,84147,206328414.54855
Kuwait,1997,11.9,74.4,3.14,1787683,103345523845.318
Laos,1997,91.5,54.6,4.96,5152011,13419291273.4559
Lesoto,1997,80.5,54,3.98,1988130,3894204745.5246
Letonia,1997,18.1,69.4,1.12,2433231,30089755421.9661
Libano,1997,19.9,78.3,2.67,4108405,45480429334.6497
Liberia,1997,145.2,49.6,6.08,2412989,2599389142.71485
Libia,1997,26.5,72.9,3.13,5064639,85224466649.8825
Liechtenstein,1997,6.44,77.6,1.57,31899,
Lituania,1997,11,70.6,1.47,3573409,49338631309.2718
Luxemburgo,1997,4.6,77.1,1.72,418969,36515939450.2533
Macedonia del Norte,1997,17.5,72.1,1.92,2025755,21378396980.0345
Madagascar,1997,80,55.1,6.02,14990814,24408680614.3031
Malasia,1997,10.7,72.5,3.23,21375218,394512795168.057
Malaui,1997,117.1,44.5,6.23,10562035,13128024368.261
Maldivas,1997,46.7,69.1,3.48,267707,3242900400.85275
Mali,1997,122.6,50.1,6.97,10646495,18868322627.5913
Malta,1997,7.6,77.9,1.94,390679,9351435985.70164
Marruecos,1997,47.7,67.5,3.15,27213337,135233787348.71
Mauricio,1997,19.8,71.1,2.03,1184299,14943625950.4408
Mauritania,1997,76.3,63.1,5.74,2411306,11038655381.0268
Mexico,1997,25.8,73,2.89,94021207,1684733915034.2
"Micronesia, Estados Federados de",1997,43.6,63.6,4.36,111071,378939494.55197
Moldavia,1997,30.8,67.7,1.79,4355538,25329610245.3068
Monaco,1997,4.7,76.7,1.88,32063,6533312994.747
Mongolia,1997,56.6,62.2,2.48,2389128,12153136937.4727
Montenegro,1997,13.5,73,1.89,633533,8042770052.95923
Mozambique,1997,132.7,54,5.93,16949982,10567355086.0181
Myanmar,1997,65.6,57.7,2.99,43708798,51973313473.1014
Namibia,1997,48.4,57.9,4.17,1689264,12960183938.315
Nauru,1997,35.9,57.1,3.74,10197,119568726.06327
Nepal,1997,69.6,63.1,4.44,23219463,49925031392.5182
Nicaragua,1997,37.6,73.7,3.47,4809573,20110051009.8278
Niger,1997,111.3,46.3,7.8,10383969,12013172200.224
Nigeria,1997,119.9,52.5,6.14,116754792,368502576675.636
Noruega,1997,4.2,78.2,1.86,4404986,312306257409.742
Nueva Zelanda,1997,6.6,77.4,1.96,3776950,126200363170.614
Oman,1997,17.7,71.9,4.52,2190720,82080249867.168
Paises Bajos,1997,5.3,77.8,1.56,15723622,767345482161.957
Pakistan,1997,93.3,63.4,5.64,142531804,506671167460.743
Palaos,1997,25.3,67,2.19,18108,318124868.7222
Panama,1997,23,76.5,2.81,2836695,36416403984.182
Papua Nueva Guinea,1997,59.9,63.2,4.68,4987883,19328934019.2645
Paraguay,1997,30.1,74.5,3.91,4794412,48878531097.8784
Peru,1997,36.9,73.9,3.1,25274147,197755150278.686
Polonia,1997,10.4,72.8,1.52,38348310,602946445421.72
Portugal,1997,6.6,75.9,1.47,10110551,311755906003.1
Reino Unido,1997,5.8,77.2,1.72,58447089,2293504144102.26
Republica Centroafricana,1997,115.1,44.1,5.92,3531700,4479273863.327
Republica Checa,1997,7.2,74,1.17,10280051,271205029949.35
Republica Democratica del Congo,1997,112.5,51.8,6.69,46029902,46312318003.422
Republica Dominicana,1997,36.4,73.2,2.92,8174078,75409119563.4128
Republica Eslovaca,1997,11.6,72.8,1.43,5369779,94814402916.3467
Republica Kirguisa,1997,47.5,66.1,2.88,4847993,17112118257.9528
Republica del Congo,1997,73.5,48.1,5,2887862,20458130064.6387
Ruanda,1997,121.7,46.2,6.24,7755238,7242700757.42754
Rumania,1997,26,69.4,1.32,22411513,299577935424.01
Rusia,1997,21.6,67.1,1.24,147853771,2456921834178.07
Samoa,1997,20.4,71.7,4.7,177547,796082349.91031
San Cristobal y Nieves,1997,17,70.7,2.3,43428,851647055.29596
San Marino,1997,6,80.2,1.24,25800,1813205364.144
San Vicente y las Granadinas,1997,19.1,71.4,2.43,113141,1045885393.21889
Santa Lucia,1997,16.1,72.9,2.74,152569,2379008250.69979
Santa Sede,1997,,,1,803,
Santo Tome y Principe,1997,64.8,64.1,5.4,138922,502013049.99734
Senegal,1997,71.2,59.6,5.64,9283495,25737167917.812
Serbia,1997,13.3,70.6,1.4,7789182,81278885893.8904
Seychelles,1997,12.2,71.2,2.14,79650,1527700017.996
Sierra Leona,1997,150.1,48,6.53,4253716,7521221940.12564
Singapur,1997,3.8,77.9,1.37,3796622,229895672849.105
Siria,1997,22.6,70.5,4.37,15417542,134249441670.33
Somalia,1997,105.3,53.4,7.66,7824525,5293802808.18975
Sri Lanka,1997,16,70.7,2.22,18248200,112178950555.866
Suazilandia,1997,76,55.5,4.24,1006635,6036172041.2427
Sudafrica,1997,50.9,62.4,2.73,45666838,478917278086.988
Sudan,1997,72.3,58.7,5.72,25799821,81117661995.014
Sudan del Sur,1997,123.8,50.6,7.2,5509136,4010826584.16432
Suecia,1997,3.6,79.3,1.53,8845524,369716980242
Suiza,1997,4.9,79.4,1.48,7089163,427768825724.234
Surinam,1997,33.3,70.8,2.95,448067,7179828014.11979
Tailandia,1997,21.7,72.4,1.85,60724584,740878328241.413
Tanzania,1997,91.4,52.8,5.84,31578089,52862714432.6799
Tayikistan,1997,87,66.4,4.06,6139829,8052050560.23489
Timor Oriental,1997,98.5,61,5.96,917184,3169490259.44832
Togo,1997,81.2,55.8,5.36,4725030,10188979375.0218
Tonga,1997,15.7,71.1,4.38,100674,552947379.4341
Trinidad y Tobago,1997,25.5,69.1,1.83,1305836,21934426289.2689
Tunez,1997,31.9,70.8,2.34,9421270,77976162232.2426
Turkmenistan,1997,70.4,64.9,3.18,4336730,17562156983.8741
Turquia,1997,38.5,70.4,2.74,62852966,919194788304.391
Tuvalu,1997,38,61.2,3.95,9400,32039919.176
Ucrania,1997,17.4,67.9,1.27,50786885,454836405104.315
Uganda,1997,98.1,47.1,6.86,21856046,30854033484.1313
Uruguay,1997,16.8,74.1,2.33,3223345,59962733689.9255
Uzbekistan,1997,56,67.4,3.19,23758960,84481943655.28
Vanuatu,1997,25.5,66.9,4.66,174626,587819876.9022
Venezuela,1997,20.8,73,2.97,23131685,309229610189.574
Vietnam,1997,28.9,71.5,2.27,74226889,275878135664.81
Yemen,1997,76.5,63.4,6.82,17873936,48780634024.2459
Yibuti,1997,83.9,62.8,4.97,671817,1722519123.91641
Zambia,1997,104.6,42.9,6.12,9237063,19646524980.1211
Zimbabue,1997,62.7,50.7,4.08,11369827,46067022202.8106
Afganistan,1998,98.9,59.4,7.69,19159996,28935524249.9795
Albania,1998,25.5,74.5,2.43,3210133,17173457971.2783
Alemania,1998,4.6,77.7,1.36,82011939,3818408392215.4
Andorra,1998,4.3,80.6,1.38,65382,3218950239.37836
Angola,1998,130.6,53.1,6.73,15159370,78804122161.6144
Antigua y Barbuda,1998,15.3,74.4,2.02,72412,1762249703.1222
Arabia Saudita,1998,21.1,72.6,4.52,14922185,775472781686.636
Argelia,1998,34.7,71.4,2.69,30054133,315980407707.673
Argentina,1998,19.1,73.6,2.66,36372860,841750554430.501
Armenia,1998,29.2,72,1.81,3208401,14620099203.4299
Australia,1998,5.3,78.9,1.77,18701717,800131437290.836
Austria,1998,4.8,77.7,1.37,7978466,390898035908.754
Azerbaiyan,1998,68.1,67.3,1.85,8025804,38589038760.735
Bahamas,1998,13.6,71.5,2.23,315368,10461895697.5991
Banglades,1998,70.6,62.4,3.43,129622332,311895795710.942
Barbados,1998,14.2,74.9,1.62,262436,4647916785.89284
Barein,1998,12.1,70.7,2.89,639378,29426692202.9582
Belgica,1998,5.2,77.5,1.59,10203182,472345432873.606
Belice,1998,22.5,71.2,3.75,225173,2151695431.1255
Benin,1998,92.7,57.2,6.14,6789489,16503648426.9712
Bielorrusia,1998,13.6,68.3,1.27,10080578,104074987654.57
Bolivia,1998,64.1,66.1,4.15,8313394,50545895167.5543
Bosnia y Herzegovina,1998,9.3,74.6,1.56,4089356,29407734276.9144
Botsuana,1998,52,52.6,3.36,1606899,18949061430.8436
Brasil,1998,32.4,71.8,2.42,169159655,2289012781017.54
Brunei,1998,7.8,73.7,2.53,312385,30907216279.1645
Bulgaria,1998,19.2,71,1.14,8138194,102802160433.612
Burkina Faso,1998,98.3,52.1,6.66,11240664,16171197591.1502
Burundi,1998,97.9,43.8,6.96,6187108,6541373884.58176
Butan,1998,65.2,63,3.85,569435,2743035594.02435
Cabo Verde,1998,35.5,71.6,3.9,439784,1633783306.60056
Camboya,1998,87.1,60.9,4.13,12058173,20020157380.429
Camerun,1998,94.7,52.7,5.66,14144860,48975881964.3366
Canada,1998,5.4,78.7,1.55,30329969,1354228031334
Catar,1998,11.5,73.1,3.21,580540,47844869662.5168
Chad,1998,108,49.5,7.27,7938840,11944925691.3168
Chile,1998,10.1,76.4,2.15,15127799,267318556500.906
China,1998,33.5,69.7,1.52,1250847127,4805533499653.48
Chipre,1998,6.4,76.3,1.76,914548,29292173170.7754
Cisjordania y Gaza,1998,26.4,72.4,5.69,2962888,15564569702.7198
Colombia,1998,22.6,74.2,2.72,37792165,431842701135.904
Comoras,1998,73.7,69.2,5.39,516597,1078214457.34764
Corea del Norte,1998,53.1,65.1,1.99,23311564,37524300073.8291
Corea del Sur,1998,4.7,75.1,1.5,46230878,1007565991110.7
Costa Rica,1998,12.3,77.3,2.53,3782838,50054213912.2534
Costa de Marfil,1998,102.3,51.6,5.85,16663948,78354339754.8962
Croacia,1998,7.7,73.9,1.5,4445667,88224532044.9236
Cuba,1998,7.3,76.5,1.62,11034712,71058075593.9558
Dinamarca,1998,4.8,76.4,1.72,5304262,281836378846.415
Dominica,1998,13.7,74.3,2.32,69124,843007305.79076
Ecuador,1998,30.7,71.9,3.23,12251184,120751490280.754
Egipto,1998,41.4,66.5,3.68,69943294,628897960704.407
El Salvador,1998,30,70.7,3.34,5880781,42780710713.6322
Emiratos Arabes Unidos,1998,10.1,72.4,2.77,3040421,257266579946.105
Eritrea,1998,64.1,55.2,5.63,2180419,3718627112.40874
Eslovenia,1998,5.2,75.2,1.23,1980064,54428379641.8957
Espana,1998,5.8,78.8,1.13,40617440,1458705739307.84
Estados Unidos,1998,7.3,76.7,1.98,276119333,14520229136426.1
Estonia,1998,10.3,70.2,1.27,1411203,27317245239.0036
Etiopia,1998,95.6,49.3,6.79,63363524,51605644017.7253
Filipinas,1998,31.1,70.3,3.88,75791024,356468070213.787
Finlandia,1998,3.8,77.3,1.7,5153548,217450396603.726
Fiyi,1998,21.2,67.2,3.12,822258,7329529968.83514
Francia,1998,4.6,78.8,1.76,58778816,2523443373247.49
Gabon,1998,56.8,61.6,4.58,1211736,28513690728.9842
Gambia,1998,66.2,62.3,5.82,1376987,3247406413.2527
Georgia,1998,34.5,69.7,1.7,4576451,24635401711.7865
Ghana,1998,68.4,58.1,4.83,18688036,58509299032.2532
Granada,1998,14,72.5,2.49,106009,1131133540.56662
Grecia,1998,7.8,78,1.34,10675409,308734633384.908
Guatemala,1998,43,66.6,4.8,11139145,93538586026.2957
Guinea,1998,110.9,52.4,6.05,8081990,17035467528.1119
Guinea Ecuatorial,1998,109.7,53,5.91,641474,5967489765.7402
Guinea-Bisau,1998,113.1,51.7,5.97,1187473,1995114984.47919
Guyana,1998,38.8,66,3.18,763586,5765860297.2491
Haiti,1998,79.9,55.1,4.56,8002143,23954819818.8929
Honduras,1998,36.8,65.7,4.47,6234431,28192568616.7051
Hungria,1998,10.7,70.9,1.33,10251717,199992164523.079
India,1998,70.9,62.1,3.45,1018665080,3003742346135.46
Indonesia,1998,44.7,68.6,2.66,209826788,1272806591340.7
Irak,1998,37,67.1,5.11,22884399,191215969101.385
Iran,1998,31.7,72,2.19,64519859,680619236418.252
Irlanda,1998,6.1,76.2,1.94,3711073,167125214050.494
Islandia,1998,3.5,79.1,2.04,274111,12162795731.4311
Islas Marshall,1998,33.5,62.3,4.87,49717,189783458.19198
Islas Salomon,1998,27.9,62.8,4.98,419071,1189450518.4201
Israel,1998,6.1,78.6,2.92,5790140,182364342804.799
Italia,1998,5.3,78.8,1.21,57215194,2658563245269.97
Jamaica,1998,19.9,74.8,2.57,2569736,23944713242.3179
Japon,1998,3.6,80.8,1.37,126549181,4944502403347.51
Jordania,1998,24.3,71.4,4.11,5164284,41790851080.4423
Kazajistan,1998,41.1,65.3,1.94,15647785,176283648145.85
Kenia,1998,69.9,57.5,5.24,28888057,103938801831.637
Kiribati,1998,56.1,66.4,4.29,85657,216190528.03348
Kuwait,1998,11.5,74.6,3.04,1844302,108681393704.441
Laos,1998,88.7,55.2,4.79,5248266,13954372154.9588
Lesoto,1998,81.8,52.1,3.82,1998049,3921879910.44128
Letonia,1998,16.9,69.8,1.1,2410209,31984985474.6161
Libano,1998,19,78.6,2.65,4181281,47684631494.7852
Liberia,1998,138.1,50,6.02,2670124,3354499183.54036
Libia,1998,25.7,72.8,3.04,5140704,83715949939.4083
Liechtenstein,1998,6.06,77.8,1.59,32316,
Lituania,1998,10.4,71.2,1.46,3547771,53091133272.4733
Luxemburgo,1998,4.4,77.5,1.69,424154,39179265666.5014
Macedonia del Norte,1998,16.1,72.4,1.89,2037568,22164213606.8205
Madagascar,1998,76.7,55.9,5.99,15489364,25447609324.1304
Malasia,1998,10.1,72.5,3.12,21906713,366051226829.761
Malaui,1998,113.9,44.5,6.21,10792876,13535434293.1832
Maldivas,1998,43.1,69.9,3.17,272723,3488853564.98327
Mali,1998,121,50.1,6.94,10919573,20196927393.4694
Malta,1998,7.4,78,1.84,393774,9847350112.91538
Marruecos,1998,45.8,67.8,3.04,27621648,144557334917.195
Mauricio,1998,19,71.5,1.91,1195105,15687739568.7757
Mauritania,1998,76.3,63,5.62,2474651,11515720870.5277
Mexico,1998,24.3,73.4,2.82,95575245,1794808787448.23
"Micronesia, Estados Federados de",1998,43.3,63.7,4.3,111377,389462115.70994
Moldavia,1998,29.8,68.5,1.65,4318715,23557130426.5814
Monaco,1998,4.5,76.7,1.95,32267,6929159487.5933
Mongolia,1998,53.8,62.8,2.36,2412784,12714970482.2765
Montenegro,1998,13.2,73,1.89,634091,8598261481.08912
Mozambique,1998,126.6,54,5.91,17340464,11665976282.9931
Myanmar,1998,63.9,58,2.91,44257793,54352373318.7304
Namibia,1998,48.9,57,4.18,1732745,13393469157.2622
Nauru,1998,34.9,57,3.68,10198,105902944.10242
Nepal,1998,66.2,63.8,4.28,23680357,51445158097.8061
Nicaragua,1998,37,70.9,3.34,4883655,20989216446.4038
Niger,1998,107.7,47,7.84,10741413,13318786477.1914
Nigeria,1998,117.5,52.6,6.07,119846254,380837588980.672
Noruega,1998,4.1,78.3,1.82,4431313,323033585029.786
Nueva Zelanda,1998,6.4,77.9,1.9,3811371,127387605425.954
Oman,1998,16.4,72.2,4.27,2222489,84091533710.1733
Paises Bajos,1998,5.3,77.9,1.63,15827107,805315660966.596
Pakistan,1998,91.4,63.7,5.51,146522356,520178781750.627
Palaos,1998,24.4,67,2.01,18524,324295571.04692
Panama,1998,22.7,76.9,2.79,2893914,39469588463.155
Papua Nueva Guinea,1998,59.3,62.4,4.63,5166390,18630568731.3357
Paraguay,1998,29.3,74.5,3.8,4900025,49266873590.3175
Peru,1998,34.3,74.5,3,25738095,197058755113.498
Polonia,1998,9.4,73.1,1.44,38326437,632185085623.084
Portugal,1998,6.3,76.1,1.47,10159525,327478962024.462
Reino Unido,1998,5.8,77.3,1.71,58626819,2370868350475.99
Republica Centroafricana,1998,114.7,44,5.89,3628827,4694065936.19397
Republica Checa,1998,6.5,74.4,1.16,10265426,271789762680.719
Republica Democratica del Congo,1998,110.9,52.1,6.7,47297600,45970131369.12
Republica Dominicana,1998,35.2,73.4,2.84,8310362,81032512995.1215
Republica Eslovaca,1998,11,72.9,1.38,5374796,98381618390.1695
Republica Kirguisa,1998,45.5,66.5,2.8,4907791,17345888469.1395
Republica del Congo,1998,75.3,52.4,4.91,2952061,21415677520.2874
Ruanda,1998,121.4,45.6,6.17,8081681,7811774271.05465
Rumania,1998,25,70,1.32,22284900,295335753863.04
Rusia,1998,21.1,67.4,1.24,147635531,2350624637614.26
Samoa,1998,19.7,71.7,4.65,178905,811729123.88895
San Cristobal y Nieves,1998,16.3,70.7,2.31,43998,843620283.0804
San Marino,1998,5.6,80.4,1.26,26125,1942096000.7625
San Vicente y las Granadinas,1998,19.2,71.5,2.35,113180,1088787943.1542
Santa Lucia,1998,15.8,73.3,2.4,154677,2567426816.86503
Santa Sede,1998,,,1,809,
Santo Tome y Principe,1998,62.8,63.9,5.3,140751,516168223.64874
Senegal,1998,70.9,59.9,5.58,9502952,27268762101.8412
Serbia,1998,12,70.6,1.37,7765922,85935979689.6068
Seychelles,1998,12.2,71.6,2.04,80722,1591401086.35402
Sierra Leona,1998,148.1,46.4,6.5,4295785,7696416383.6768
Singapur,1998,3.6,78.4,1.26,3901418,225102695251.05
Siria,1998,21.6,70.8,4.25,15820413,141395993244.965
Somalia,1998,105.3,54.1,7.66,8155417,5592682086.41262
Sri Lanka,1998,15.3,70.9,2.14,18596003,115814624675.553
Suazilandia,1998,79.1,54.2,4.13,1019653,6197515855.30651
Sudafrica,1998,52.2,60.8,2.63,46223880,483812488316.435
Sudan,1998,70.9,58.7,5.65,26458999,85496388779.2417
Sudan del Sur,1998,119.2,51.3,7.08,5620068,4023152092.1196
Suecia,1998,3.5,79.4,1.51,8850609,385895013051.167
Suiza,1998,4.8,79.7,1.47,7110291,443356415207.24
Surinam,1998,32.2,70.7,2.99,457406,7380520921.41276
Tailandia,1998,20.8,72.3,1.82,61522630,682787878159.161
Tanzania,1998,88.2,53.1,5.81,32420458,55252157372.9338
Tayikistan,1998,83,66.9,4.07,6176397,8378960328.30678
Timor Oriental,1998,94.4,61.5,5.96,942530,3102411050.0412
Togo,1998,79.6,55.8,5.29,4860913,10018530004.7696
Tonga,1998,15.5,71.1,4.31,101388,566016989.99076
Trinidad y Tobago,1998,25.4,69.2,1.78,1310225,23581732998.11
Tunez,1998,29.9,71,2.2,9541667,81667191495.9189
Turkmenistan,1998,69.2,65.4,3.08,4410507,18861337844.145
Turquia,1998,36.3,70.9,2.71,63734383,943743477955.198
Tuvalu,1998,36.7,61.3,3.95,9451,36992179.32514
Ucrania,1998,17,68.5,1.21,50379731,450459943185.345
Uganda,1998,96,47.6,6.84,22515806,32388346806.6354
Uruguay,1998,16,74.1,2.27,3239280,62720299080.1728
Uzbekistan,1998,55.1,67.7,2.99,24134929,87057069813.7458
Vanuatu,1998,24.3,67.1,4.6,178313,597529034.85234
Venezuela,1998,20,73.4,2.91,23601337,311284082479.66
Vietnam,1998,27.9,71.9,2.1,75299660,292241995437.871
Yemen,1998,74.4,64,6.64,18446013,51617130470.5549
Yibuti,1998,82.6,62.7,4.8,699352,1749900524.12488
Zambia,1998,103.1,42.8,6.07,9482408,19734031876.5065
Zimbabue,1998,63.3,49,4.07,11594297,47690735936.3592
Afganistan,1999,97.2,61.1,7.64,19887785,28964027137.4695
Albania,1999,24.4,74.9,2.31,3188595,19320065292.0646
Alemania,1999,4.5,77.9,1.37,81678287,3895000419466.33
Andorra,1999,4.1,80.7,1.42,65710,3361559919.6755
Angola,1999,129.5,53.3,6.68,15667235,82350293729.9467
Antigua y Barbuda,1999,14.5,74.7,1.96,73666,1824739900.45396
Arabia Saudita,1999,20.2,72.9,4.35,15472075,781808578375.957
Argelia,1999,34.4,71.8,2.62,30474354,329558233849.088
Argentina,1999,18.5,73.6,2.64,36794682,815761605854.649
Armenia,1999,27.9,72.3,1.53,3167286,14899944263.9201
Australia,1999,5.3,79.2,1.76,18909981,839024401870.81
Austria,1999,4.7,78,1.34,7993892,406623810385.524
Azerbaiyan,1999,64.5,67.9,1.72,8100471,41780152943.2639
Bahamas,1999,13.2,71.3,2.13,319614,11173636390.5914
Banglades,1999,67.4,63,3.36,132108065,329154867903.931
Barbados,1999,14.5,75.2,1.78,262517,4658002988.86106
Barein,1999,11.4,71,2.9,654614,31521161961.5702
Belgica,1999,4.9,77.6,1.61,10226682,490015846072.564
Belice,1999,21.8,70.8,3.73,233059,2357917925.01486
Benin,1999,91.1,57.7,6.03,7002818,17348329981.5799
Bielorrusia,1999,12.6,68.3,1.26,10039223,107252213890.151
Bolivia,1999,61.4,66.5,4.09,8459806,50821720952.7243
Bosnia y Herzegovina,1999,8.6,74.7,1.37,4130305,32010621124.0278
Botsuana,1999,53.1,50.7,3.31,1641997,20924350602.6006
Brasil,1999,30.2,72.1,2.34,171641543,2307089599905.01
Brunei,1999,7.6,74,2.46,319411,32118554594.3302
Bulgaria,1999,18.6,71.4,1.26,8067462,94571339773.9172
Burkina Faso,1999,97.3,52.7,6.59,11574928,17250088228.8178
Burundi,1999,95.7,44.5,6.9,6337155,6461378954.1444
Butan,1999,62,63.6,3.61,582579,2969164400.57667
Cabo Verde,1999,32.1,71.8,3.73,446519,1819995338.05967
Camboya,1999,84.5,61.7,3.93,12265731,22388999529.4487
Camerun,1999,93.8,52.3,5.6,14525140,51580643704.289
Canada,1999,5.3,79,1.54,30599456,1425315910852
Catar,1999,11.1,73.3,3.12,612500,51211482228.375
Chad,1999,106.9,49.8,7.26,8222705,11974176179.2601
Chile,1999,9.6,76.7,2.07,15319313,265423797308.101
China,1999,31.9,70,1.53,1260176655,5110849917678.75
Chipre,1999,5.9,76.8,1.67,931234,31097623511.893
Cisjordania y Gaza,1999,25.6,72.6,5.58,3056252,16743903569.836
Colombia,1999,21.9,74,2.64,38454863,413731705586.24
Comoras,1999,73.1,70.5,5.28,525886,1105405177.87952
Corea del Norte,1999,49.4,69,1.97,23497599,39673016715.262
Corea del Sur,1999,4.9,75.6,1.47,46500383,1116631574516.25
Costa Rica,1999,11.8,77.4,2.48,3862101,52193430533.3093
Costa de Marfil,1999,101,51.8,5.81,17215935,80187429313.1571
Croacia,1999,7.4,74.2,1.44,4385822,87104585332.059
Cuba,1999,6.9,76.8,1.64,11072230,76092005330.6686
Dinamarca,1999,4.7,76.5,1.73,5321810,290900938512.917
Dominica,1999,13.5,75,2.46,68870,855492719.2803
Ecuador,1999,29.5,71.7,3.17,12470795,115172070804.18
Egipto,1999,39.1,66.9,3.6,71520954,670353123908.358
El Salvador,1999,28.4,71.5,3.22,5913900,43897706145.684
Emiratos Arabes Unidos,1999,9.8,72.5,2.79,3266009,271485827097.473
Eritrea,1999,61.1,54.1,5.52,2212780,3724454995.8144
Eslovenia,1999,4.8,75.5,1.21,1981194,57285278846.4799
Espana,1999,5.6,78.9,1.17,40812857,1529644313621.98
Estados Unidos,1999,7.2,76.7,1.99,278785484,15161204441710.9
Estonia,1999,9.6,70.5,1.29,1403578,26900574173.7975
Etiopia,1999,92.6,49.2,6.72,65374561,53609004502.4797
Filipinas,1999,30.5,70.6,3.83,77753257,368354216950.505
Finlandia,1999,3.6,77.6,1.73,5165516,227280562067.135
Fiyi,1999,21,67.1,3.05,831828,7986972706.53384
Francia,1999,4.5,79,1.79,59084210,2611266128020.6
Gabon,1999,56.3,61.7,4.5,1243016,26230290618.7694
Gambia,1999,64.8,62,5.77,1415779,3478271208.04514
Georgia,1999,32.9,69.5,1.64,4455583,25053787853.9417
Ghana,1999,66.7,58.4,4.82,19149864,61293260974.2314
Granada,1999,13.8,72.8,2.39,106727,1208217933.54003
Grecia,1999,7.4,78.1,1.33,10727951,318541393386.417
Guatemala,1999,41.4,67.1,4.69,11422965,97348818710.0492
Guinea,1999,106.9,53,5.99,8265123,17834049647.5597
Guinea Ecuatorial,1999,107.3,53.7,5.88,667214,7451777397.22664
Guinea-Bisau,1999,110.1,51.9,5.87,1210206,2323301573.06466
Guyana,1999,37.9,66.3,3.13,764483,5966168512.02107
Haiti,1999,77.4,55.6,4.45,8151296,24831584169.0931
Honduras,1999,31.8,72,4.37,6400463,27982347721.5296
Hungria,1999,10.2,71.2,1.29,10219796,207601468367.217
India,1999,68.6,62.9,3.38,1038225823,3244836227403.65
Indonesia,1999,42.9,68.8,2.57,213004668,1280652057236.07
Irak,1999,36.4,67.3,5.04,23636527,227697609002.633
Iran,1999,30.1,72.4,2.09,65445391,696090432022.131
Irlanda,1999,6.1,76.3,1.9,3752938,185306075552.793
Islandia,1999,3.3,79.4,2,277448,12657443188.9526
Islas Marshall,1999,33.5,62.4,4.78,50202,187134653.95488
Islas Salomon,1999,27.6,63.2,4.86,430500,1182378000.825
Israel,1999,5.9,78.9,2.89,5946081,188422002700.294
Italia,1999,5,79.2,1.23,57240798,2712314114909.44
Jamaica,1999,19.3,74.6,2.47,2589795,24250073515.8026
Japon,1999,3.4,80.8,1.34,126801564,4919854055728.89
Jordania,1999,23.8,71.6,3.97,5276444,43213408256.6607
Kazajistan,1999,39.4,65.6,1.9,15455874,181209776024.268
Kenia,1999,68.4,57.3,5.18,29733408,107362874492.796
Kiribati,1999,54.6,66.7,4.19,87126,208380798.94398
Kuwait,1999,11.1,75,2.95,1900030,108073856559.371
Laos,1999,86,56.1,4.64,5340784,14971992080.8918
Lesoto,1999,83,50,3.67,2003234,3921322942.7108
Letonia,1999,15.7,70.1,1.17,2390822,32811417753.5005
Libano,1999,18.1,79,2.63,4255277,47932288672.7866
Liberia,1999,130.6,50.7,5.95,2821684,4066288039.0662
Libia,1999,24.9,72.9,2.97,5218038,85752751371.0071
Liechtenstein,1999,5.68,78.2,1.6,32727,
Lituania,1999,10,71.6,1.46,3522901,52576879164.8376
Luxemburgo,1999,4.1,77.8,1.74,429897,42702098941.3918
Macedonia del Norte,1999,15,72.5,1.77,2048087,23188785092.616
Madagascar,1999,73.2,56.4,5.84,16000506,26724796824.9719
Malasia,1999,9.4,72.4,3.07,22435531,389045794784.397
Malaui,1999,109.4,44.7,6.12,11047804,13929865288.8735
Maldivas,1999,39.4,70.5,2.9,277412,3705539106.81176
Mali,1999,118.9,52.4,6.91,11227415,21389799658.583
Malta,1999,7.1,78,1.73,396889,10335120906.4457
Marruecos,1999,43.9,68,2.88,28027179,146404722075.243
Mauricio,1999,17.8,71.8,2.03,1205891,15908609403.7872
Mauritania,1999,76.2,63.6,5.52,2541698,12166426464.6775
Mexico,1999,22.9,73.8,2.76,97115707,1856907727206.63
"Micronesia, Estados Federados de",1999,42.9,63.8,4.27,111680,394487226.0288
Moldavia,1999,28.1,68.7,1.56,4278216,22661213194.4294
Monaco,1999,4.3,76.8,2.01,32410,7316604909.348
Mongolia,1999,51,63.4,2.3,2434040,13233733478.1064
Montenegro,1999,13,73.2,1.88,634283,7927160979.0334
Mozambique,1999,120.7,54,5.88,17734506,12947593598.1851
Myanmar,1999,62.3,58.4,2.85,44787724,59606753344.3307
Namibia,1999,49.2,56,4.14,1776368,13848149666.4526
Nauru,1999,34,56.9,3.64,10187,98858554.7145
Nepal,1999,62.8,64.5,4.13,24125199,53741891838.5872
Nicaragua,1999,34.2,74.5,3.22,4954018,22600417625.5813
Niger,1999,104.3,47.7,7.84,11117411,13363189945.9793
Nigeria,1999,114.8,52.8,6.08,123047320,385635922912.051
Noruega,1999,4,78.4,1.85,4461787,331896223907.94
Nueva Zelanda,1999,6.2,78.1,1.97,3835555,134240781836.439
Oman,1999,15.3,72.6,4.06,2252909,85816816478.1255
Paises Bajos,1999,5.2,77.9,1.66,15940184,848472241851.822
Pakistan,1999,89.5,64,5.46,150565377,539369737226.016
Palaos,1999,23.7,67.1,1.91,18901,306609247.71122
Panama,1999,22.3,77.2,2.77,2951822,41523473920.1507
Papua Nueva Guinea,1999,58.8,63.3,4.59,5349333,19001934597.3712
Paraguay,1999,28.5,74.6,3.67,5003135,48898625476.7518
Peru,1999,31.8,75.5,2.92,26186504,200061727492.182
Polonia,1999,8.6,73.3,1.38,38287713,663114515491.734
Portugal,1999,5.9,76.4,1.5,10214871,341000163004.665
Reino Unido,1999,5.7,77.5,1.68,58838657,2444818551658.13
Republica Centroafricana,1999,114.2,44.1,5.88,3729450,4885539855.9465
Republica Checa,1999,6,74.7,1.14,10251378,277145511548.773
Republica Democratica del Congo,1999,109.3,52.2,6.69,48912971,44557494464.7275
Republica Dominicana,1999,34.2,73.8,2.85,8446208,86470596370.7597
Republica Eslovaca,1999,10.6,73,1.33,5378104,97870508076.361
Republica Kirguisa,1999,43.5,66.9,2.71,4968587,17859840710.9555
Republica del Congo,1999,76.5,54.4,4.81,3032874,21047776277.2618
Ruanda,1999,115.2,44.7,6.06,8147912,8104127320.84824
Rumania,1999,24.2,70.6,1.3,22166159,296917205108.858
Rusia,1999,20.5,66.4,1.18,147241975,2525356588246.09
Samoa,1999,19.1,71.7,4.57,180275,827542207.37075
San Cristobal y Nieves,1999,15.6,71.2,2.26,44601,866682162.53379
San Marino,1999,5.3,80.6,1.29,26459,2110114262.99376
San Vicente y las Granadinas,1999,19.2,71.7,2.31,113366,1118567968.73074
Santa Lucia,1999,15.5,73.6,2.5,156702,2674646811.56946
Santa Sede,1999,,,1,803,
Santo Tome y Principe,1999,60.7,63.8,5.23,142442,530586289.61214
Senegal,1999,70,60.5,5.57,9730887,29017540551.7376
Serbia,1999,11.4,68.6,1.35,7734365,76464806248.0031
Seychelles,1999,12.2,71.8,2.05,82021,1625302401.09104
Sierra Leona,1999,145.8,46.7,6.42,4318043,7531866932.96927
Singapur,1999,3.4,78.7,1.24,3966557,240988686584.066
Siria,1999,20.7,71.1,4.14,16228061,135059437342.761
Somalia,1999,105.3,54.3,7.66,8492059,5953283401.67198
Sri Lanka,1999,14.6,71.5,2.14,18944731,120199634678.602
Suazilandia,1999,81.8,52.4,4.09,1030782,6382246328.36142
Sudafrica,1999,53.2,59.9,2.56,46730335,497660654157.966
Sudan,1999,69.4,59.7,5.62,27130613,88917352851.4917
Sudan del Sur,1999,114.4,52.3,6.94,5771628,4089179391.6276
Suecia,1999,3.4,79.5,1.5,8857686,402885175215.136
Suiza,1999,4.7,79.9,1.48,7144121,453218849785.094
Surinam,1999,31.2,70.7,3.02,466916,7311284649.63428
Tailandia,1999,19.9,71.3,1.77,62299043,712588131789.61
Tanzania,1999,84.5,53.7,5.75,33300330,58354875242.8257
Tayikistan,1999,78.8,67.7,3.85,6208370,8606983062.055
Timor Oriental,1999,90.3,56.7,5.97,834697,1948734607.83973
Togo,1999,77.9,55.9,5.23,5000269,10332641316.1972
Tonga,1999,15.3,71.1,4.23,102046,580248667.99214
Trinidad y Tobago,1999,25.4,69.3,1.76,1314708,25337754104.1888
Tunez,1999,28.1,71.2,2.08,9655963,86526868632.227
Turkmenistan,1999,67.8,66.1,2.98,4492170,22044881481.8031
Turquia,1999,34.2,70.9,2.63,64591923,910908934389.902
Tuvalu,1999,35.4,61.5,3.92,9496,36386519.2568
Ucrania,1999,16.5,68.3,1.13,49976446,453663672894.131
Uganda,1999,93.4,48.1,6.83,23257281,34938535981.6607
Uruguay,1999,15.3,74.2,2.25,3254015,61733074228.4272
Uzbekistan,1999,54,68.1,2.83,24476008,89751290103.1107
Vanuatu,1999,24.1,66.7,4.56,182048,598779800.38912
Venezuela,1999,20.2,69.2,2.86,24066593,294343128612.715
Vietnam,1999,27,72.3,2,76287452,306661183721.169
Yemen,1999,71.9,64.5,6.49,19029420,53617875521.3694
Yibuti,1999,81.2,62.9,4.69,724218,1826353824.36276
Zambia,1999,100.9,42.8,6,9740005,20811154276.1386
Zimbabue,1999,63.5,47.7,4.06,11783458,47551018142.5806
Afganistan,2000,95.4,61.2,7.57,20130327,28716099482.7542
Albania,2000,23.2,75.1,2.22,3166148,20764936534.8218
Alemania,2000,4.4,78.3,1.39,81797258,4021673523817.86
Andorra,2000,3.9,80.8,1.27,65685,3469133267.349
Angola,2000,128.3,54,6.64,16194869,86682895751.0371
Antigua y Barbuda,2000,13.8,75.1,2.2,74912,1936717529.0832
Arabia Saudita,2000,19.4,73,4.21,16177722,835578024433.429
Argelia,2000,33.9,72.2,2.59,30903893,345348576465.166
Argentina,2000,18,74.2,2.59,37213984,811668109001.281
Armenia,2000,26.6,72.6,1.47,3125628,15192797062.311
Australia,2000,5.1,79.6,1.76,19132471,871413344072.354
Austria,2000,4.6,78.3,1.36,8012928,420818634296.713
Azerbaiyan,2000,60.6,68.5,1.7,8174785,46211397529.1628
Bahamas,2000,13,71.2,2.06,323835,11596498992.4068
Banglades,2000,64.4,63.6,3.28,134544304,349030895325.022
Barbados,2000,14.8,75.3,1.93,262063,4860750711.30743
Barein,2000,10.9,70.7,2.8,669581,33956205566.7993
Belgica,2000,4.8,77.9,1.66,10251717,509113676798.559
Belice,2000,21.1,70.3,3.63,240799,2656390810.11889
Benin,2000,89.3,58,5.94,7221619,18328834291.489
Bielorrusia,2000,11.4,68.5,1.27,9991313,113082726724.384
Bolivia,2000,58.8,66.8,3.99,8606326,52161864287.9215
Bosnia y Herzegovina,2000,7.9,74.8,1.28,4159771,33454052643.7556
Botsuana,2000,52.4,48.8,3.29,1677382,21479471863.1933
Brasil,2000,28.1,72.4,2.25,174018282,2414892487459.12
Brunei,2000,7.6,74.1,2.4,326424,33164235214.1352
Bulgaria,2000,17.9,71.6,1.29,8000520,98888714228.6472
Burkina Faso,2000,96.2,53.3,6.52,11925546,17469144883.004
Burundi,2000,93.4,45.4,6.87,6470194,6392970099.44598
Butan,2000,59,63.4,3.38,596863,3092290817.35239
Cabo Verde,2000,29.1,72.2,3.55,453317,2061949863.8159
Camboya,2000,80.4,62.4,3.79,12462336,24444217417.4899
Camerun,2000,91.9,51.8,5.51,14912631,54010942157.596
Canada,2000,5.2,79.3,1.51,30891803,1499239309169.2
Catar,2000,10.6,73.6,3.07,644989,56593736121.7975
Chad,2000,105.7,49.7,7.25,8512093,11980521748.5379
Chile,2000,9.2,77,2.05,15503635,277499607515.469
China,2000,30.2,70.3,1.63,1269581175,5497467936291.53
Chipre,2000,5.5,77.1,1.64,947667,33306786307.8122
Cisjordania y Gaza,2000,24.9,72.7,5.46,3151793,15222562830.6727
Colombia,2000,21.2,73.8,2.57,39089934,425618500655.376
Comoras,2000,72.7,70.1,5.23,536080,1218689201.6464
Corea del Norte,2000,44.5,69.1,1.94,23665910,39580075082.0691
Corea del Sur,2000,5.2,76.2,1.47,46766661,1209460661410.94
Costa Rica,2000,11.2,77.6,2.41,3937739,54271909976.348
Costa de Marfil,2000,99.5,52,5.77,17699004,80513187246.4745
Croacia,2000,7.1,74.4,1.42,4326105,89741294377.1694
Cuba,2000,6.5,77.2,1.61,11109109,84959547713.4301
Dinamarca,2000,4.6,76.9,1.77,5339658,302436735777.847
Dominica,2000,13.4,75.1,2.35,68511,882068585.26776
Ecuador,2000,28.4,71.8,3.1,12689206,116602022608.042
Egipto,2000,37,67.4,3.51,73083284,716546469947.047
El Salvador,2000,26.8,71.9,3.08,5943366,44560931532.2285
Emiratos Arabes Unidos,2000,9.6,72.7,2.73,3493575,307599590996.654
Eritrea,2000,58.3,55.8,5.4,2247031,3303955826.19624
Eslovenia,2000,4.5,75.9,1.25,1986816,59339230427.9424
Espana,2000,5.4,79.4,1.21,41019774,1614728320949.3
Estados Unidos,2000,7.1,76.8,2.03,281484131,15732012271126.5
Estonia,2000,8.8,70.9,1.35,1396997,29301813617.6062
Etiopia,2000,89.5,49.7,6.65,67411494,56533905220.2062
Filipinas,2000,29.9,70.5,3.75,79625397,384419198995.084
Finlandia,2000,3.5,77.9,1.73,5176202,240592890050.297
Fiyi,2000,20.8,67.2,2.99,840909,7863684058.05372
Francia,2000,4.4,79.2,1.88,59483717,2720411393729.54
Gabon,2000,55.6,61.5,4.47,1275572,26072233775.1634
Gambia,2000,63.3,62.8,5.72,1455084,3693956912.25696
Georgia,2000,31.2,69.5,1.61,4328358,25180832920.1944
Ghana,2000,64.9,58.6,4.83,19637087,63762937370.1999
Granada,2000,13.6,73.1,2.44,107451,1266202837.58436
Grecia,2000,6.9,78.3,1.33,10782635,332951312881.595
Guatemala,2000,39.9,67.7,4.58,11697592,100935827529.538
Guinea,2000,103.1,53.5,5.92,8428832,18447278414.6717
Guinea Ecuatorial,2000,104.8,54.3,5.83,703279,8740384416.88347
Guinea-Bisau,2000,106.9,53.6,5.79,1234741,2350556019.08386
Guyana,2000,37.2,66.4,3.06,764832,5911171044.23232
Haiti,2000,75,56.1,4.39,8303151,25276901391.6376
Honduras,2000,30.5,72.2,4.29,6577773,30005651928.005
Hungria,2000,9.7,71.8,1.32,10190600,218037809281.502
India,2000,66.4,63.6,3.35,1057922733,3359986868755.49
Indonesia,2000,41.1,69.1,2.5,216077790,1341123979818.77
Irak,2000,35.8,67.5,4.92,24424056,270555244073.433
Iran,2000,28.6,72.7,2,66418659,735838708564.278
Irlanda,2000,5.9,76.7,1.89,3802585,203308971546.124
Islandia,2000,3.1,79.8,2.07,281280,13289364567.2832
Islas Marshall,2000,33.5,62,4.7,50706,192686726.67264
Islas Salomon,2000,27.4,63.2,4.76,440469,1012040910.9891
Israel,2000,5.6,79.1,2.92,6111190,204656484572.838
Italia,2000,4.7,79.6,1.25,57272196,2825977735958.16
Jamaica,2000,18.7,74.4,2.35,2607826,24513962328.1693
Japon,2000,3.3,81.3,1.35,127027789,5046584491079.44
Jordania,2000,23.2,71.7,3.86,5386945,45019330984.3012
Kazajistan,2000,37.5,65.8,1.9,15501103,199384578439.275
Kenia,2000,66.5,57.2,5.14,30642890,108961039619.556
Kiribati,2000,53.2,66.9,4.07,88613,222034303.01318
Kuwait,2000,10.9,75.3,2.89,1954709,114507368989.517
Laos,2000,83.2,56.9,4.43,5431212,15838007443.2868
Lesoto,2000,84.1,47.9,3.61,2003913,4045544812.75554
Letonia,2000,14.5,70.3,1.24,2368313,34651971896.3313
Libano,2000,17.1,79.3,2.6,4329340,48986790262.4212
Liberia,2000,123,51.7,5.88,2928117,5192993070.12378
Libia,2000,24.2,73,2.91,5305021,90081291745.2062
Liechtenstein,2000,5.3,78.6,1.57,33113,
Lituania,2000,9.6,71.9,1.38,3500402,54510901207.3331
Luxemburgo,2000,3.9,78.1,1.76,436132,46118733462.0172
Macedonia del Norte,2000,14.2,72.7,1.86,2057253,24295311843.5587
Madagascar,2000,69.7,57.1,5.67,16516338,27989807427.6683
Malasia,2000,8.7,72.7,2.94,22967816,423873703034.38
Malaui,2000,103.5,44.9,6,11315942,14107451929.0815
Maldivas,2000,35.6,71.1,2.69,282019,3847852517.42839
Mali,2000,116,53.1,6.89,11559290,21431181547.7599
Malta,2000,6.8,78.3,1.67,399895,12185872128.663
Marruecos,2000,42.2,68.3,2.77,28423435,149569548393.835
Mauricio,2000,16.4,72,1.98,1216629,17058800823.7038
Mauritania,2000,76.2,63.7,5.46,2613441,11908890654.9969
Mexico,2000,21.6,74.5,2.71,98625552,1963451613381.3
"Micronesia, Estados Federados de",2000,42.2,63.3,4.22,112044,412991956.56528
Moldavia,2000,26,68.9,1.5,4234967,23035985179.7181
Monaco,2000,4.2,76.9,2.08,32455,7742044238.3735
Mongolia,2000,48.2,63.9,2.26,2455182,13501703855.8796
Montenegro,2000,12.5,73.3,1.9,634193,8423825466.24171
Mozambique,2000,115,54,5.83,18129653,13041537784.5878
Myanmar,2000,60.7,58.8,2.81,45290841,67039714356.4275
Namibia,2000,49.4,55,3.99,1818647,14321815080.9516
Nauru,2000,33.3,56.8,3.54,10168,91978519.93992
Nepal,2000,59.6,65.2,3.98,24546509,57096970356.3665
Nicaragua,2000,32.6,74.8,3.12,5022633,23658764175.7698
Niger,2000,101.1,48.2,7.83,11509630,13218661005.2915
Nigeria,2000,112,52.9,6.12,126382494,407728429304.947
Noruega,2000,4,78.7,1.85,4490867,344848047673.124
Nueva Zelanda,2000,6.1,78.4,1.98,3857574,138376374529.209
Oman,2000,14.3,72.9,3.85,2282131,92482094702.6391
Paises Bajos,2000,5.1,78.1,1.72,16058760,886620216345.811
Pakistan,2000,87.7,64.3,5.35,154879127,560953669804.037
Palaos,2000,22.9,67.1,1.82,19178,298913019.84282
Panama,2000,21.9,77.5,2.74,3010369,43263418139.2492
Papua Nueva Guinea,2000,58.3,63.4,4.53,5537064,18549836433.4577
Paraguay,2000,27.7,74.6,3.51,5100868,47998762718.0548
Peru,2000,29.6,76.3,2.85,26598331,205451527048.355
Polonia,2000,8.1,73.9,1.37,38258071,701442595863.047
Portugal,2000,5.5,76.8,1.54,10283204,354676138187.28
Reino Unido,2000,5.6,77.9,1.64,59057338,2549122384980.8
Republica Centroafricana,2000,113.6,44.4,5.85,3833416,4798162872.86072
Republica Checa,2000,5.6,75,1.15,10236804,290418205846.558
Republica Democratica del Congo,2000,107.4,52.5,6.7,50507442,41863327151.1565
Republica Dominicana,2000,33.3,74,2.87,8584190,91109414449.4944
Republica Eslovaca,2000,10.2,73.3,1.29,5379999,98824450475.5396
Republica Kirguisa,2000,41.6,67,2.58,5025145,18747006842.2971
Republica del Congo,2000,76.6,55.2,4.72,3151345,22824909474.488
Ruanda,2000,109.2,43.8,5.97,8213931,8712053756.68815
Rumania,2000,23.2,71.1,1.3,22046262,307036334488.71
Rusia,2000,19.7,65.8,1.19,146717783,2803749329414.4
Samoa,2000,18.5,71.7,4.52,181685,869723040.87515
San Cristobal y Nieves,2000,15,71.4,2.13,45248,949471684.27328
San Marino,2000,4.9,80.9,1.4,26799,2148344641.92726
San Vicente y las Granadinas,2000,19.2,71.8,2.31,113545,1136973321.9909
Santa Lucia,2000,15.2,73.9,2.21,158616,2711447718.53688
Santa Sede,2000,,,1,779,
Santo Tome y Principe,2000,58.5,64.4,5.16,144018,534462675.16446
Senegal,2000,68.5,61.7,5.5,9968260,30160068135.426
Serbia,2000,10.9,71.4,1.35,7694605,81674152395.429
Seychelles,2000,12.3,72,2.07,83318,1701608320.61542
Sierra Leona,2000,143.3,48.4,6.36,4423611,8072179518.91176
Singapur,2000,3.1,79.2,1.34,4035245,263978238001.051
Siria,2000,19.8,71.3,4.07,16637888,135038885665.446
Somalia,2000,105.3,54.4,7.65,8838713,6332254543.59797
Sri Lanka,2000,14,71.8,2.21,19293054,127502248869.35
Suazilandia,2000,84,50,4.03,1041414,6496461263.12502
Sudafrica,2000,54,59,2.41,47159719,520543021106.296
Sudan,2000,67.8,60.1,5.6,27816745,95070037935.1079
Sudan del Sur,2000,109.5,52.8,6.8,6032267,4229865855.62089
Suecia,2000,3.4,79.8,1.54,8872101,421909321833.185
Suiza,2000,4.6,80.1,1.49,7184007,473511567362.836
Surinam,2000,30.2,70.9,3.05,476643,7497915461.49123
Tailandia,2000,19.1,71,1.73,63007815,742941379368.378
Tanzania,2000,80.3,54.3,5.67,34260139,61422412118.7874
Tayikistan,2000,74.3,68.1,3.49,6284735,9244433911.9416
Timor Oriental,2000,86.3,63.6,5.93,745088,2878123706.03776
Togo,2000,76.2,55.8,5.17,5140037,10308960185.5341
Tonga,2000,15.1,71.2,4.16,102677,601299514.72831
Trinidad y Tobago,2000,25.3,69.6,1.73,1319774,26949349950.5122
Tunez,2000,26.3,71.5,2.03,9764935,90460889193.776
Turkmenistan,2000,66.1,66.5,2.9,4582677,23719393517.2164
Turquia,2000,32.1,72.2,2.49,65425961,974702091440.191
Tuvalu,2000,34.3,58.4,3.84,9544,35985731.78784
Ucrania,2000,15.8,68.1,1.11,49556660,484598702168.402
Uganda,2000,90,48.5,6.79,24000150,36037415872.4415
Uruguay,2000,14.6,74.7,2.2,3266206,60610520679.4515
Uzbekistan,2000,52.7,68.3,2.7,24787054,92143788405.8881
Vanuatu,2000,23.8,67.8,4.54,186281,633419642.72847
Venezuela,2000,18.5,73.6,2.79,24526708,305466225799.471
Vietnam,2000,26.1,72.7,2.03,77154011,327939570813.293
Yemen,2000,69,65,6.32,19624141,57412620044.3951
Yibuti,2000,79.7,63,4.6,747318,1884373763.49222
Zambia,2000,97.6,43.1,5.92,10017631,21768473346.6828
Zimbabue,2000,63.5,46.7,4.01,11892055,46241642118.5415
Afganistan,2001,93.4,61.3,7.45,20284307,26617814107.8976
Albania,2001,22.1,75.5,2.14,3147943,22696811883.6533
Alemania,2001,4.3,78.6,1.35,81933885,4100390541547.39
Andorra,2001,3.7,81.2,1.31,65852,3730347920.2038
Angola,2001,126.9,54.4,6.6,16747208,92116822858.1813
Antigua y Barbuda,2001,13,75.2,2.02,76069,1845358583.00584
Arabia Saudita,2001,18.7,73.1,3.96,17041397,851808573005.336
Argelia,2001,33.3,72.5,2.52,31331221,358690786441.848
Argentina,2001,17.6,74.3,2.53,37624825,778029042234.687
Armenia,2001,25.3,72.8,1.4,3084349,16311880472.2145
Australia,2001,5,79.9,1.74,19365433,888616749016.897
Austria,2001,4.5,78.6,1.33,8042233,427393383510.761
Azerbaiyan,2001,56.8,69.1,1.59,8251771,50732478439.6973
Bahamas,2001,12.9,71.2,2.02,327836,11855617849.688
Banglades,2001,61.4,64.2,3.2,136805810,368901363471.975
Barbados,2001,15.1,75.6,1.96,262425,4744822687.80675
Barein,2001,10.5,71.6,2.65,699956,35897668627.2735
Belgica,2001,4.6,78.2,1.67,10287004,515451378721.122
Belice,2001,20.5,70.6,3.53,248379,2797194098.12031
Benin,2001,87.4,58.6,5.85,7445596,19276355059.7974
Bielorrusia,2001,10.3,68.4,1.24,9938065,118053143381.964
Bolivia,2001,56.2,67.1,3.89,8752736,53102287123.7667
Bosnia y Herzegovina,2001,7.5,74.9,1.23,4179438,34116925882.4714
Botsuana,2001,51.4,47.3,3.25,1712254,21660140885.516
Brasil,2001,26.1,72.7,2.16,176301203,2454258070841.63
Brunei,2001,7.5,74.4,2.34,333345,33664593552.87
Bulgaria,2001,17.1,71.9,1.23,7928452,103841654034.484
Burkina Faso,2001,95,54.1,6.43,12295001,18512772594.6154
Burundi,2001,91,46.5,6.85,6634365,6516918760.37085
Butan,2001,56.1,64.5,3.19,610794,3329986477.06908
Cabo Verde,2001,26.7,72.5,3.37,460293,2120157824.32398
Camboya,2001,74.7,63.2,3.69,12658484,26143215099.3448
Camerun,2001,89.3,51.9,5.44,15309490,56783252671.5986
Canada,2001,5.3,79.6,1.53,31213577,1526580788581
Catar,2001,10.2,73.8,3.08,677925,59997620477.9678
Chad,2001,104.6,50.1,7.23,8804124,13486071919.2797
Chile,2001,8.7,77.1,2.01,15683849,285498071990.363
China,2001,28.3,70.7,1.56,1278725063,5902846786858.16
Chipre,2001,5.1,77.4,1.57,964127,34969050210.8725
Cisjordania y Gaza,2001,24.2,72.7,5.34,3242285,13704130376.7878
Colombia,2001,20.6,74,2.52,39709262,432613497159.787
Comoras,2001,72.5,71.2,5.2,547220,1255670060.7282
Corea del Norte,2001,39.1,69.1,1.94,23815358,40769088399.4419
Corea del Sur,2001,5.5,76.8,1.34,47043468,1260554696203.25
Costa Rica,2001,10.5,77.9,2.31,4008947,56245316100.6404
Costa de Marfil,2001,97.7,52.8,5.7,18178913,79718630668.4119
Croacia,2001,6.9,74.7,1.46,4301074,95531724893.4017
Cuba,2001,6.1,77.5,1.6,11144132,90483073830.2734
Dinamarca,2001,4.5,77.1,1.74,5358828,305909634282.077
Dominica,2001,13.4,75.2,2.4,68288,891018938.832
Ecuador,2001,27.4,72,3.04,12910740,121621768957.318
Egipto,2001,35.1,67.3,3.46,74652029,746466311357.391
El Salvador,2001,25.5,71.8,2.93,5968060,45109193108.6552
Emiratos Arabes Unidos,2001,9.3,72.9,2.62,3723590,317408042938.148
Eritrea,2001,55.8,57.2,5.31,2312079,3589079906.97564
Eslovenia,2001,4.3,76.1,1.21,1989679,61025559891.0013
Espana,2001,5.3,79.7,1.23,41245599,1680311319278.85
Estados Unidos,2001,7,76.9,2.01,284279639,15858185270088.6
Estonia,2001,8.2,71.2,1.32,1388171,30943524084.4158
Etiopia,2001,86.2,51.9,6.58,69487762,60750577184.7731
Filipinas,2001,29.4,70.3,3.72,81401488,395713413339.857
Finlandia,2001,3.4,78.2,1.72,5187971,247206874802.643
Fiyi,2001,20.5,67.3,2.97,849596,8034229586.10624
Francia,2001,4.4,79.4,1.88,59905128,2773879566410.73
Gabon,2001,54.7,61.5,4.42,1309589,26957260189.6225
Gambia,2001,62,63.5,5.67,1495011,3930070041.44055
Georgia,2001,29.3,69.6,1.58,4209636,25965138320.8529
Ghana,2001,63,58.9,4.77,20167069,66541291154.7708
Granada,2001,13.3,73.2,2.42,107987,1239112680.75199
Grecia,2001,6.5,78.7,1.33,10843164,349323709188.559
Guatemala,2001,38.5,67.9,4.5,11969422,103509513966.673
Guinea,2001,99.2,54,5.83,8539960,19310943045.7944
Guinea Ecuatorial,2001,102.3,55.2,5.79,749836,14325661425.2354
Guinea-Bisau,2001,103.8,53.9,5.69,1261273,2461517628.40191
Guyana,2001,36.5,66.3,2.96,764477,6069974366.0381
Haiti,2001,72.8,56.6,4.25,8455918,25388211656.0949
Honduras,2001,29.4,72.4,4.15,6757993,30869892113.3021
Hungria,2001,9.1,72.3,1.31,10166690,228145951087.457
India,2001,64.2,64.2,3.3,1077898575,3514396897988.34
Indonesia,2001,39.4,69.3,2.47,219097902,1387320176926.1
Irak,2001,35.2,67.7,4.8,25197840,284266623408.754
Iran,2001,27.1,73.1,1.92,67452005,756825711610.054
Irlanda,2001,5.8,77.3,1.94,3862981,214678754942.718
Islandia,2001,3,80.1,1.96,285053,13828588612.7239
Islas Marshall,2001,33.3,62.5,4.58,51123,205370758.87053
Islas Salomon,2001,27.2,63.5,4.67,449125,929703921.4425
Israel,2001,5.4,79.3,2.87,6259982,205094268902.575
Italia,2001,4.4,79.9,1.25,57305760,2890208098551.24
Jamaica,2001,18.2,74.6,2.3,2624403,24893107349.5492
Japon,2001,3.1,81.6,1.33,127260148,5053586831998.63
Jordania,2001,22.6,71.8,3.8,5498894,47330476137.2122
Kazajistan,2001,35.7,65.9,1.91,15575550,226633719630.801
Kenia,2001,64.5,57.5,5.09,31619170,114047972222.716
Kiribati,2001,51.9,67.1,3.96,90335,215384248.1658
Kuwait,2001,10.7,75.3,2.84,2008121,116069385687.191
Laos,2001,80.5,57.8,4.29,5521482,16750036758.5102
Lesoto,2001,85.2,45.8,3.63,2000853,4159832892.36822
Letonia,2001,13.6,70.4,1.22,2338301,36840763006.5793
Libano,2001,16.1,79.7,2.58,4401918,51215257444.7977
Liberia,2001,115.6,52.7,5.77,3015338,5457132720.18644
Libia,2001,23.4,73.1,2.87,5403639,89965165393.3174
Liechtenstein,2001,4.84,79.2,1.52,33444,
Lituania,2001,9.2,71.8,1.28,3473004,58143909902.6965
Luxemburgo,2001,3.7,78.5,1.66,441752,47887922133.204
Macedonia del Norte,2001,13.5,72.8,1.73,2066301,23602117389.5834
Madagascar,2001,66.2,57.7,5.53,17032939,29725340429.4108
Malasia,2001,8.1,73.1,2.81,23526538,426594069921.948
Malaui,2001,96.5,45.3,5.94,11593058,13401721468.3225
Maldivas,2001,31.8,71.5,2.53,286767,3694970874.53052
Mali,2001,112.6,54.2,6.85,11912158,24847636246.4337
Malta,2001,6.6,78.7,1.49,402784,12134000564.2701
Marruecos,2001,40.5,68.6,2.69,28814643,160530948460.551
Mauricio,2001,15.1,72.2,1.9,1225801,17488654719.2279
Mauritania,2001,76,63.8,5.41,2678760,11999090238.9876
Mexico,2001,20.4,74.8,2.67,100099099,1963970854647.18
"Micronesia, Estados Federados de",2001,41.5,64.1,4.08,112365,421125123.57795
Moldavia,2001,23.7,69.2,1.47,4189770,24331480375.7259
Monaco,2001,4.1,77.1,2.18,32447,8008771710.1352
Mongolia,2001,45.3,64.2,2.19,2477700,14022350533.602
Montenegro,2001,12,73.3,1.86,633991,8610522468.55332
Mozambique,2001,109.3,54.3,5.76,18537729,14689233245.9441
Myanmar,2001,59.2,59.3,2.79,45771139,73851711264.0647
Namibia,2001,49.2,54.1,3.83,1857048,14478187409.5334
Nauru,2001,32.6,56.7,3.46,10130,85633877.9107
Nepal,2001,56.7,65.9,3.79,24946748,59914037133.083
Nicaragua,2001,31.2,74.9,3,5087825,24485624976.5915
Niger,2001,97.7,49.1,7.81,11920647,14243899086.2486
Nigeria,2001,109,53.3,6.13,129862595,434498268820.3
Noruega,2001,3.8,78.8,1.79,4513657,353725498406.01
Nueva Zelanda,2001,5.9,78.6,1.96,3891762,143244972734.606
Oman,2001,13.3,73.2,3.66,2310217,97815398781.6778
Paises Bajos,2001,5,78.3,1.71,16182705,909109902916.816
Pakistan,2001,86,64.5,5.18,159270907,579901076850.638
Palaos,2001,22,67.2,1.87,19352,317872432.45176
Panama,2001,21.4,77.6,2.72,3069537,43737870314.8282
Papua Nueva Guinea,2001,57.8,63.5,4.47,5728435,18543891463.5803
Paraguay,2001,26.9,74.8,3.36,5187689,48071570920.5644
Peru,2001,27.6,77,2.74,26964601,206649173547.401
Polonia,2001,7.6,74.3,1.32,38247357,711871636479.152
Portugal,2001,5.2,77.2,1.46,10354325,362295479143.817
Reino Unido,2001,5.4,78.2,1.62,59288090,2615530721496.41
Republica Centroafricana,2001,112.9,44.7,5.81,3919487,4988858628.65533
Republica Checa,2001,5.3,75.3,1.15,10231936,301516443904.15
Republica Democratica del Congo,2001,105.3,52.8,6.66,52132646,41412821661.5628
Republica Dominicana,2001,32.5,74.2,2.83,8720283,93727343996.5434
Republica Eslovaca,2001,9.8,73.6,1.2,5379437,101894408563.956
Republica Kirguisa,2001,39.8,67.2,2.55,5071956,19669664958.145
Republica del Congo,2001,75.5,56.5,4.67,3272537,23870558464.2907
Ruanda,2001,102.3,11.1,5.89,8287094,9373329818.3064
Rumania,2001,22.4,71.2,1.27,21919917,329439256728.333
Rusia,2001,18.8,65.7,1.22,146117284,2970704286635.91
Samoa,2001,17.9,71.8,4.48,183166,930868205.18066
San Cristobal y Nieves,2001,14.3,71.6,2.08,45761,994015945.06653
San Marino,2001,4.6,81.1,1.52,27143,2259458791.1115
San Vicente y las Granadinas,2001,19.2,72.1,2.3,113501,1156409688.51685
Santa Lucia,2001,15.1,74.1,2.13,160237,2651113959.14211
Santa Sede,2001,,,1,,
Santo Tome y Principe,2001,56.2,64.5,5.1,146375,552778736.75375
Senegal,2001,66.4,60.4,5.4,10212942,31509893950.9452
Serbia,2001,10.6,71.8,1.36,7651927,87374929517.3337
Seychelles,2001,12.3,72.1,1.98,84606,1691691390.2343
Sierra Leona,2001,140.5,49.4,6.31,4692716,7854028235.90056
Singapur,2001,2.9,79.5,1.19,4116166,260874134208.861
Siria,2001,19,71.6,3.98,17051338,135806292553.989
Somalia,2001,105.3,54.7,7.64,9198493,6744283188.09948
Sri Lanka,2001,13.6,72.5,2.28,19600362,125072599091.666
Suazilandia,2001,85.4,47.3,3.94,1051064,6572818896.5516
Sudafrica,2001,54.5,57.7,2.37,47566800,536418886626.324
Sudan,2001,66.2,60.7,5.56,28516770,101705479971.854
Sudan del Sur,2001,104.5,53.7,6.65,6308391,4392491333.33895
Suecia,2001,3.4,79.9,1.57,8896022,428086699110.468
Suiza,2001,4.7,80.4,1.39,7226391,482864950624.549
Surinam,2001,29.2,70.9,3.06,486560,7845586057.184
Tailandia,2001,18.3,71.2,1.71,63651141,767032935021.627
Tanzania,2001,75.9,55,5.62,35198299,65518653348.5237
Tayikistan,2001,69.7,68.2,3.49,6407377,10050014394.6636
Timor Oriental,2001,82.4,64.1,5.92,812249,3343612286.8132
Togo,2001,74.4,55.9,5.13,5277382,10424307275.2815
Tonga,2001,14.8,71.3,4.13,103288,611441620.01064
Trinidad y Tobago,2001,25.3,69.9,1.71,1325567,27938750233.076
Tunez,2001,24.7,71.7,1.98,9869677,93912426111.4379
Turkmenistan,2001,64.4,66.8,2.81,4675409,25236646383.5281
Turquia,2001,30.2,72.9,2.39,66245128,916274087993.688
Tuvalu,2001,33.2,61.8,3.75,9586,35989574.58362
Ucrania,2001,15.1,68.2,1.09,49106855,531769605880.698
Uganda,2001,86,49.5,6.76,24745676,38026441513.4266
Uruguay,2001,14.1,74.9,2.16,3274251,58309465667.1098
Uzbekistan,2001,51.4,68.4,2.61,25090283,94958390930.1412
Vanuatu,2001,23.6,67.8,4.5,191031,610984657.90695
Venezuela,2001,17.9,73.5,2.78,24979922,320592082887.737
Vietnam,2001,25.3,72.9,2.02,77969361,349081211511.22
Yemen,2001,66.1,65.6,6.14,20226147,60118245294.7383
Yibuti,2001,78.1,63.1,4.52,771313,1972266446.42301
Zambia,2001,92.7,42.8,5.85,10325185,23063126190.208
Zimbabue,2001,63.2,46.4,3.98,11971901,47030334599.1922
Afganistan,2002,91.2,62.1,7.32,21378117,35779447250.2206
Albania,2002,21,75.6,2,3134092,23752072380.2149
Alemania,2002,4.2,78.8,1.34,82068326,4103240876491.12
Andorra,2002,3.5,81.4,1.27,66506,3903973801.68972
Angola,2002,125.5,55.1,6.57,17327699,106550349647.192
Antigua y Barbuda,2002,12.3,75.5,1.94,77032,1861922109.88216
Arabia Saudita,2002,18.2,73,3.71,17910910,856994669331.795
Argelia,2002,32.4,72.8,2.43,31750835,380872498560.89
Argentina,2002,17.1,74.3,2.49,38029349,695092704331.239
Armenia,2002,24.2,72.8,1.41,3055630,18224795669.8101
Australia,2002,5,80.1,1.77,19595355,923817072122.9
Austria,2002,4.4,78.8,1.39,8081636,434866002965.335
Azerbaiyan,2002,53.1,69.3,1.58,8326133,55616751511.2567
Bahamas,2002,12.8,71.4,1.98,331614,12127887958.9655
Banglades,2002,58.6,64.6,3.13,138933658,385668714358.014
Barbados,2002,15.3,75.7,1.86,264148,4786267263.69448
Barein,2002,10.2,71.8,2.7,752197,38039118816.1579
Belgica,2002,4.4,78.3,1.65,10332973,525230198645.992
Belice,2002,19.9,71.3,3.43,256009,2956397940.53123
Benin,2002,85.2,59.2,5.79,7675426,20145820567.1622
Bielorrusia,2002,9.3,68.2,1.2,9873450,123675071366.596
Bolivia,2002,53.7,67.3,3.8,8900355,54492495580.3755
Bosnia y Herzegovina,2002,7.2,75.1,1.23,4188002,35697897497.2984
Botsuana,2002,50.3,48.2,3.18,1744763,23093540433.6248
Brasil,2002,24.3,73,2.08,178503484,2534373096418.95
Brunei,2002,7.5,74.6,2.26,340099,34945670529.0449
Bulgaria,2002,16.3,72.1,1.22,7861943,111488432559.813
Burkina Faso,2002,93.4,54.9,6.34,12680897,19205242219.7774
Burundi,2002,88.6,47.8,6.82,6824132,6803061605.31284
Butan,2002,53.3,65,3.01,624409,3686633488.56531
Cabo Verde,2002,24.9,72.7,3.19,467046,2231634041.01216
Camboya,2002,68.3,64,3.57,12855241,27669076951.7057
Camerun,2002,86.2,51.8,5.44,15725528,59701416658.52
Canada,2002,5.3,79.7,1.51,31535577,1571502172823.42
Catar,2002,9.8,73.9,3.01,711205,65399849726.6598
Chad,2002,103.4,50.4,7.2,9116192,14746695859.6384
Chile,2002,8.3,77.4,1.93,15857925,293484797646.791
China,2002,26.2,71.2,1.57,1286866839,6396902700325.29
Chipre,2002,4.7,77.7,1.5,981440,36624214589.7248
Cisjordania y Gaza,2002,23.6,72.7,5.22,3322364,11868230909.309
Colombia,2002,20,74.2,2.49,40324680,443258071344.832
Comoras,2002,72.5,71.1,5.16,558923,1293450009.89209
Corea del Norte,2002,34.1,69.2,1.92,23943973,40966033846.0925
Corea del Sur,2002,5.6,77.1,1.23,47299120,1352160681266.17
Costa Rica,2002,10,78.3,2.16,4075705,58252183221.071
Costa de Marfil,2002,95.7,53.3,5.64,18654771,78276902543.3899
Croacia,2002,6.6,74.9,1.43,4305782,101492135992.511
Cuba,2002,5.9,78,1.65,11177418,94272011753.4107
Dinamarca,2002,4.5,77.2,1.73,5375959,307916576920.782
Dominica,2002,13.4,75.2,2.16,68367,873665424.15555
Ecuador,2002,26.5,72.4,2.97,13138472,127607099757.6
Egipto,2002,33.4,67.3,3.41,76239137,767921594608.618
El Salvador,2002,24.2,72.6,2.78,5986631,45954481874.366
Emiratos Arabes Unidos,2002,9.1,73.4,2.54,3956826,329682063012.112
Eritrea,2002,53.4,57.6,5.23,2392978,3664212361.79362
Eslovenia,2002,4.1,76.4,1.21,1991572,63062263097.4992
Espana,2002,5.2,79.8,1.25,41755704,1727293580762.45
Estados Unidos,2002,6.9,77,2,287084338,16113308364641
Estonia,2002,7.5,71.5,1.35,1379435,32966561635.4972
Etiopia,2002,82.5,52.9,6.5,71635517,61686424668.6515
Filipinas,2002,28.9,70.3,3.65,83068889,409907262246.283
Finlandia,2002,3.4,78.4,1.72,5200546,251658625581.441
Fiyi,2002,20.3,67.3,2.97,858049,8304882885.03857
Francia,2002,4.2,79.5,1.87,60327248,2804930646488.29
Gabon,2002,53.7,61.5,4.36,1345135,27135688909.8069
Gambia,2002,60.6,63.7,5.66,1535691,3839252301.40965
Georgia,2002,27.4,69.7,1.57,4127846,27023356086.98
Ghana,2002,61.2,59.3,4.69,20729388,69746591809.6466
Granada,2002,13.1,73.4,2.38,108404,1280044490.80716
Grecia,2002,6,78.9,1.34,10890285,366574093021.306
Guatemala,2002,37.1,68.6,4.37,12246915,107672450933.546
Guinea,2002,95.4,54.7,5.78,8674066,20494975326.1596
Guinea Ecuatorial,2002,99.7,56,5.73,797957,17091030513.9192
Guinea-Bisau,2002,100.5,54.1,5.63,1289307,2545636028.19558
Guyana,2002,35.8,66.2,2.84,763652,6161336127.1998
Haiti,2002,70.7,57.1,4.13,8607641,25833546722.675
Honduras,2002,28.2,72.6,4,6938859,32070337991.2684
Hungria,2002,8.6,72.5,1.3,10138466,240179052454.238
India,2002,62,64.6,3.22,1097600380,3635908977251.29
Indonesia,2002,37.8,69.5,2.44,222088495,1446777258328.52
Irak,2002,34.6,67.8,4.67,26006559,270962446408.285
Iran,2002,25.6,73.4,1.84,68011317,817539411358.548
Irlanda,2002,5.4,77.7,1.97,3928443,227606741642.593
Islandia,2002,2.8,80.4,1.94,287607,13912360951.4832
Islas Marshall,2002,33.2,62.6,4.49,51425,212196284.20925
Islas Salomon,2002,27.2,63.6,4.6,457671,902160104.93748
Israel,2002,5.2,79.5,2.88,6387720,204652438572.293
Italia,2002,4.3,80,1.26,57420628,2906180208628.76
Jamaica,2002,17.8,75.2,2.27,2640572,25400450622.0164
Japon,2002,3,81.9,1.31,127484598,5043840643763.39
Jordania,2002,22.1,72.1,3.81,5616066,49978607486.2873
Kazajistan,2002,33.9,65.8,1.96,15656677,249140673733.975
Kenia,2002,62.2,57.6,5.03,32629808,115540452072.792
Kiribati,2002,50.9,67.3,3.81,92264,218910034.74552
Kuwait,2002,10.6,75.4,2.8,2059974,120774711419.943
Laos,2002,77.8,58.7,4.13,5610889,17747675740.9375
Lesoto,2002,86.3,43.9,3.68,1994679,4158822297.52422
Letonia,2002,12.8,70.6,1.26,2311351,39590700604.9682
Libano,2002,15.1,80.1,2.52,4463504,53250894011.7072
Liberia,2002,108.2,52.6,5.65,3094782,5807797541.61798
Libia,2002,22.7,73.1,2.83,5508410,90091004068.4241
Liechtenstein,2002,4.38,79.8,1.47,33742,
Lituania,2002,8.9,71.7,1.23,3444050,62110492231.1395
Luxemburgo,2002,3.4,78.6,1.63,446389,49827026378.3537
Macedonia del Norte,2002,12.8,73.2,1.79,2074484,24243714377.547
Madagascar,2002,62.9,58.1,5.41,17549913,26081269336.5965
Malasia,2002,7.6,73.4,2.66,24102477,450191798662.204
Malaui,2002,88.8,45.7,5.9,11880440,13610309999.6864
Maldivas,2002,28.3,72,2.43,291616,3962008624.58752
Mali,2002,108.8,55.1,6.82,12288050,25722002564.7505
Malta,2002,6.4,78.9,1.46,405565,12483793276.148
Marruecos,2002,38.9,68.8,2.62,29198142,165880373085.479
Mauricio,2002,14.2,72.4,1.92,1234085,17641887638.3778
Mauritania,2002,75.9,64,5.37,2738655,12285981826.987
Mexico,2002,19.3,74.9,2.63,101548624,1969562591677.25
"Micronesia, Estados Federados de",2002,40.6,63.3,3.93,112448,422695132.19136
Moldavia,2002,21.5,69.2,1.45,4142930,26106884104.4198
Monaco,2002,3.9,77.2,2.01,32422,8206646141.7564
Mongolia,2002,42.5,64.6,2.1,2500075,14783939779.8883
Montenegro,2002,11.5,73.4,1.81,633766,8858085184.20476
Mozambique,2002,104,54.4,5.67,18958338,16065775835.9015
Myanmar,2002,57.7,59.7,2.77,46232653,81893736469.1833
Namibia,2002,48.7,53.4,3.69,1889970,15171241459.821
Nauru,2002,32.1,56.7,3.4,10082,76975271.80806
Nepal,2002,53.8,66.1,3.6,25328981,60004286840.8819
Nicaragua,2002,29.8,74.8,2.89,5149909,24789153147.8307
Niger,2002,94.1,49.7,7.8,12349144,15003239317.2816
Nigeria,2002,105.9,53.8,6.12,133471989,502916464329.134
Noruega,2002,3.6,79,1.76,4538014,360078952554.025
Nueva Zelanda,2002,5.8,78.8,1.89,3951119,149763551883.029
Oman,2002,12.5,73.3,3.51,2337140,97851360084.9356
Paises Bajos,2002,4.9,78.4,1.73,16288051,913168502739.887
Pakistan,2002,84.4,64.8,5.01,163222549,595259903211.953
Palaos,2002,21.3,67.3,1.92,19503,332942603.60493
Panama,2002,20.9,77.7,2.7,3129344,44907808071.1885
Papua Nueva Guinea,2002,57.3,63.4,4.42,5924003,18525761369.711
Paraguay,2002,26.1,74.7,3.23,5261328,49107104188.0272
Peru,2002,25.7,77.3,2.69,27288217,217799162178.609
Polonia,2002,7.3,74.7,1.25,38229408,727111382001.178
Portugal,2002,4.7,77.4,1.46,10413044,365904050269.701
Reino Unido,2002,5.3,78.3,1.63,59540763,2664559164862.69
Republica Centroafricana,2002,112.1,45.2,5.79,4006077,5146197340.28367
Republica Checa,2002,5.1,75.4,1.17,10239468,308453513576.254
Republica Democratica del Congo,2002,103.1,52.8,6.61,53750524,43032313148.4259
Republica Dominicana,2002,31.8,74.4,2.76,8852235,98498645075.6269
Republica Eslovaca,2002,9.5,73.8,1.19,5377688,106363954112.54
Republica Kirguisa,2002,38.2,67.2,2.57,5116254,19591140272.7097
Republica del Congo,2002,73.3,57,4.7,3350771,25138742055.4642
Ruanda,2002,94.1,40.7,5.82,8400180,10531213600.0272
Rumania,2002,21.6,71.2,1.27,21770017,355318701352.707
Rusia,2002,17.7,65.5,1.29,145939500,3143961677397.24
Samoa,2002,17.5,71.9,4.44,184471,979179070.51916
San Cristobal y Nieves,2002,13.7,71.9,2.04,46020,1002396129.0174
San Marino,2002,4.3,81.3,1.43,27491,2257832923.37657
San Vicente y las Granadinas,2002,19.2,72.1,2.22,113347,1218891976.17668
Santa Lucia,2002,14.9,74.3,2.03,161641,2694064399.79277
Santa Sede,2002,,,1,,
Santo Tome y Principe,2002,54,64.6,5.06,149922,573034911.8166
Senegal,2002,63.9,60.6,5.3,10466214,31598613985.156
Serbia,2002,10.1,72.1,1.36,7616743,93386051047.4228
Seychelles,2002,12.3,72.2,2.03,85857,1695039310.08897
Sierra Leona,2002,137.7,49.9,6.23,4971435,9986837619.71175
Singapur,2002,2.6,79.9,1.17,4146892,271665342913.285
Siria,2002,18.2,71.9,3.87,17468332,140454983586.668
Somalia,2002,105.3,54.8,7.63,9550063,7223418301.05507
Sri Lanka,2002,13.2,73.2,2.31,19805752,129525231898.162
Suazilandia,2002,85.9,45.2,3.85,1059441,6851287349.049
Sudafrica,2002,54.7,56.4,2.32,48019415,557869023165.234
Sudan,2002,64.6,61.2,5.53,29228727,108244351402.223
Sudan del Sur,2002,99.7,54,6.52,6596806,4591384628.29496
Suecia,2002,3.3,80,1.65,8925047,438438994627.006
Suiza,2002,4.6,80.6,1.38,7278752,484412069279.956
Surinam,2002,28.2,70.9,2.96,496551,8096905772.68485
Tailandia,2002,17.5,71.4,1.69,64266437,812647545758.54
Tanzania,2002,71.4,55.5,5.57,36121304,70493467807.8258
Tayikistan,2002,65.3,68.5,3.47,6531669,11039123221.7819
Timor Oriental,2002,78.6,64.8,5.9,879159,3132231296.80899
Togo,2002,72.6,56.2,5.09,5413274,10819914898.8368
Tonga,2002,14.6,71.4,4.14,103874,637117307.566
Trinidad y Tobago,2002,25.1,70.3,1.67,1332011,30021724437.0663
Tunez,2002,23.3,72,1.94,9971515,95067722613.6349
Turkmenistan,2002,62.7,66.8,2.71,4769465,25684280963.0406
Turquia,2002,28.3,73.5,2.27,67048795,976729578498.763
Tuvalu,2002,32.3,62,3.64,9623,39257358.08775
Ucrania,2002,14.3,68.1,1.13,48677281,564356711718.421
Uganda,2002,81.6,50.4,6.74,25532870,41206753077.8673
Uruguay,2002,13.7,75,2.16,3278867,53815376296.9468
Uzbekistan,2002,50,68.6,2.58,25399980,97731537081.9732
Vanuatu,2002,23.4,68.5,4.38,195863,578286931.42401
Venezuela,2002,17.4,73.6,2.74,25435671,294895874376.011
Vietnam,2002,24.6,73,2.01,78772224,372027435902.3
Yemen,2002,63,66.1,5.97,20835086,62683539455.5339
Yibuti,2002,76.4,63.1,4.41,795574,2084569319.6133
Zambia,2002,86.5,43.7,5.77,10647949,24242170474.6919
Zimbabue,2002,62.7,46.2,3.93,12087653,43165322900.2249
Afganistan,2003,89,63.1,7.17,22733049,39354277993.5143
Albania,2003,20,75.7,2.01,3118088,25020396739.8926
Alemania,2003,4.1,78.9,1.34,82111615,4090474525103.08
Andorra,2003,3.3,81.7,1.18,69486,4282511454.22308
Angola,2003,124.1,55.8,6.53,17943712,111670598139.121
Antigua y Barbuda,2003,11.7,75.7,1.89,77884,1972507074.70308
Arabia Saudita,2003,17.6,72.8,3.47,18786767,946891639183.388
Argelia,2003,31.3,72.9,2.45,32175818,408369617047.895
Argentina,2003,16.6,74.3,2.45,38424282,758379374108.451
Armenia,2003,23,72.9,1.47,3038968,20603403183.6224
Australia,2003,4.9,80.5,1.76,19819454,951418505499.454
Austria,2003,4.3,78.9,1.37,8122602,440753995758.559
Azerbaiyan,2003,49.7,69.3,1.59,8400530,61481292412.041
Bahamas,2003,12.7,71.6,1.97,335618,11927973426.8118
Banglades,2003,55.9,65,3.03,140970351,406475828679.877
Barbados,2003,15.3,75.6,1.86,265776,4895236243.97472
Barein,2003,9.9,72,2.78,811276,41402297433.2126
Belgica,2003,4.2,78.5,1.67,10376260,531472857028.303
Belice,2003,19.4,71.5,3.34,263780,3251610850.345
Benin,2003,83,59.8,5.76,7913070,20822829930.5697
Bielorrusia,2003,8.6,68.4,1.19,9803176,132074750019.446
Bolivia,2003,51.2,67.6,3.72,9050700,56042268280.323
Bosnia y Herzegovina,2003,7,75.2,1.22,4178523,36920753477.2604
Botsuana,2003,49.8,51.9,3.11,1775736,24270680148.2993
Brasil,2003,22.5,73.2,2.01,180622688,2567675966176.94
Brunei,2003,7.4,74.9,2.19,346637,36123522590.1827
Bulgaria,2003,15.5,72.4,1.25,7804409,117650808309.63
Burkina Faso,2003,91.4,56,6.28,13082532,20614782137.5818
Burundi,2003,85.8,49.1,6.79,7043154,6719918096.29098
Butan,2003,50.6,65.4,2.87,637663,3981268089.51989
Cabo Verde,2003,23.8,72.9,3.03,473383,2324919418.88375
Camboya,2003,62.3,64.9,3.43,13050968,30349125958.737
Camerun,2003,83.1,52.1,5.43,16160340,63285813227.6328
Canada,2003,5.2,79.9,1.54,31836482,1600536942525.69
Catar,2003,9.5,74.2,2.93,744682,68629872343.3722
Chad,2003,102.3,50.7,7.18,9487833,17036912622.0687
Chile,2003,8,77.6,1.89,16024752,306280569940.471
China,2003,24.2,71.8,1.57,1294517326,6977010788503.12
Chipre,2003,4.4,77.9,1.51,999590,37944538748.0201
Cisjordania y Gaza,2003,23.1,73,5.06,3398070,13376670623.5422
Colombia,2003,19.4,75.1,2.45,40937429,460378240569.212
Comoras,2003,72.2,72,5.12,569798,1328853932.76766
Corea del Norte,2003,30.2,71.9,1.91,24090380,41480200517.2348
Corea del Sur,2003,5.4,77.6,1.2,47514160,1388856632410.5
Costa Rica,2003,9.5,78.5,2.08,4138784,60860515512.6842
Costa de Marfil,2003,93.6,54.2,5.57,19125542,75390803601.2208
Croacia,2003,6.3,75,1.41,4306686,107621147573.622
Cuba,2003,5.6,78.1,1.63,11209383,98109185361.2046
Dinamarca,2003,4.4,77.5,1.76,5390620,309821295249.569
Dominica,2003,13.4,75.2,2.08,68531,935421218.68762
Ecuador,2003,25.7,72.8,2.91,13372306,131313972613.739
Egipto,2003,31.9,67.3,3.35,77853548,794749232657.738
El Salvador,2003,23.1,72.5,2.64,5998599,46774653667.5136
Emiratos Arabes Unidos,2003,8.9,73.9,2.49,4192457,362211928599.808
Eritrea,2003,51.2,58,5.14,2493903,3562183358.46846
Eslovenia,2003,3.9,76.6,1.2,1992490,65062292533.8386
Espana,2003,5.1,79.8,1.29,42506543,1781587759130.67
Estados Unidos,2003,6.8,77.2,2.03,289908100,16558072920542.8
Estonia,2003,6.9,71.9,1.37,1370850,35387205878.271
Etiopia,2003,78.4,53.9,6.4,73832663,60240314866.1412
Filipinas,2003,28.4,70.6,3.59,84731835,430155585972.409
Finlandia,2003,3.3,78.6,1.76,5212955,257000547685.76
Fiyi,2003,20.1,67.2,2.96,866286,8400030092.37756
Francia,2003,4,79.7,1.87,60741126,2832756100552.39
Gabon,2003,52.6,61.8,4.3,1382350,28024977107.8505
Gambia,2003,59.3,63.8,5.66,1577611,4104330036.66434
Georgia,2003,25.5,70.2,1.55,4085483,29841272398.791
Ghana,2003,59.6,59.8,4.6,21296705,73579046893.3761
Granada,2003,12.9,73.6,2.33,108884,1399466236.20084
Grecia,2003,5.5,79,1.33,10918471,388849829172.006
Guatemala,2003,35.9,69,4.25,12525842,110614383839.557
Guinea,2003,91.7,55.4,5.74,8870781,20911333780.0822
Guinea Ecuatorial,2003,97.1,56.6,5.68,847862,19405253180.9353
Guinea-Bisau,2003,97.1,54.3,5.58,1318806,2550547302.87708
Guyana,2003,35.3,66.4,2.75,763101,6144594178.3875
Haiti,2003,68.9,57.5,4.05,8759912,26868130879.5245
Honduras,2003,27.1,72.8,3.84,7119213,33562765156.2159
Hungria,2003,8,72.7,1.28,10108963,250809229971.879
India,2003,59.9,65.1,3.12,1116803006,3911513139602.4
Indonesia,2003,36.3,69.6,2.41,225048008,1512672687188.84
Irak,2003,34.1,66,4.58,26802659,178072201929.254
Iran,2003,24.3,72.3,1.8,68769340,888015221564.043
Irlanda,2003,5.1,78.2,1.96,3992935,234913574037.615
Islandia,2003,2.7,80.6,1.99,289605,14227286780.2965
Islas Marshall,2003,33,62.6,4.42,51639,208877122.44378
Islas Salomon,2003,27.2,63.8,4.54,466154,959540581.49534
Israel,2003,4.9,79.8,2.92,6502820,207304546592.758
Italia,2003,4,80,1.29,57739699,2916485681927.98
Jamaica,2003,17.4,75.8,2.24,2656623,26382388367.6213
Japon,2003,2.9,82,1.29,127671251,5108234758558.21
Jordania,2003,21.5,72.5,3.82,5741828,51936329719.1026
Kazajistan,2003,32.1,65.6,2.08,15747380,272578437924.122
Kenia,2003,59.7,58,4.94,33652223,119748583183.079
Kiribati,2003,50.1,67.6,3.7,94175,215946622.92125
Kuwait,2003,10.4,75.7,2.77,2109881,142836563015.774
Laos,2003,75.2,59.6,4.02,5697945,18829376454.9676
Lesoto,2003,87.3,42.4,3.62,1985059,4320793341.93601
Letonia,2003,12.2,70.8,1.32,2288984,42882796144.3005
Libano,2003,14.1,80.4,2.46,4525508,55216862359.3839
Liberia,2003,101,52.8,5.55,3119532,4024279758.67632
Libia,2003,21.9,73.2,2.8,5619398,102784940244.469
Liechtenstein,2003,3.92,80.2,1.37,34060,
Lituania,2003,8.7,71.7,1.26,3415278,68730633115.9499
Luxemburgo,2003,3.3,78.8,1.62,451838,51458897045.6328
Macedonia del Norte,2003,12.6,73.5,1.75,2081411,24880475126.5533
Madagascar,2003,59.7,58.7,5.33,18071854,28666560634.4357
Malasia,2003,7.3,73.5,2.6,24679602,476662423857.672
Malaui,2003,81.6,46.6,5.88,12181574,14367681097.2761
Maldivas,2003,24.9,72.5,2.34,296491,4505667577.29218
Mali,2003,104.7,56.2,6.78,12684955,28134328416.549
Malta,2003,6.2,79.1,1.48,408226,12951255820.4775
Marruecos,2003,37.4,69,2.61,29571415,175522017326.38
Mauricio,2003,13.8,72.6,1.87,1242099,18549732925.4897
Mauritania,2003,75.7,64.3,5.36,2802046,13264115565.616
Mexico,2003,18.2,75,2.58,102978515,2000131711804.59
"Micronesia, Estados Federados de",2003,39.6,64.4,3.79,112285,428585226.9221
Moldavia,2003,19.5,69.1,1.48,4095419,27713453992.593
Monaco,2003,3.8,77.2,1.91,32374,8404938035.3952
Mongolia,2003,39.8,65,2.02,2521805,15900266018.5441
Montenegro,2003,10.9,73.5,1.8,633559,9150770661.69597
Mozambique,2003,99.1,54.6,5.6,19392475,17190908011.6968
Myanmar,2003,56.2,60.1,2.68,46667192,92325664244.8254
Namibia,2003,48.1,52.9,3.58,1917464,15772628872.698
Nauru,2003,31.7,56.6,3.39,10059,77105692.17771
Nepal,2003,51.2,66.9,3.44,25688758,62392136145.176
Nicaragua,2003,28.6,74.8,2.83,5210963,25528027286.2114
Niger,2003,90.2,50.5,7.79,12796984,15451042394.1051
Nigeria,2003,102.9,54.6,6.1,137202644,542949918412.641
Noruega,2003,3.5,79.5,1.8,4564669,364630595256.458
Nueva Zelanda,2003,5.7,79.1,1.93,4022586,156620437132.399
Oman,2003,11.9,73.6,3.37,2363796,96309675288.0187
Paises Bajos,2003,4.7,78.6,1.74,16366912,916082319949.223
Pakistan,2003,82.9,65,4.89,167110248,626997496754.572
Palaos,2003,20.7,67.4,1.96,19659,321968329.86768
Panama,2003,20.4,77.8,2.68,3189807,47246030241.0654
Papua Nueva Guinea,2003,56.7,63.6,4.36,6123997,18931177391.6279
Paraguay,2003,25.3,74.6,3.12,5326436,51404365565.9958
Peru,2003,24.1,77.3,2.66,27580490,226713739362.314
Polonia,2003,7,74.9,1.23,38203524,754198734860.594
Portugal,2003,4.3,77.7,1.44,10454245,363276665303.57
Reino Unido,2003,5.3,78.5,1.7,59820385,2749528860828.19
Republica Centroafricana,2003,111.3,45.9,5.8,4103086,4864266798.88292
Republica Checa,2003,4.8,75.6,1.18,10248912,320560685958.813
Republica Democratica del Congo,2003,100.9,53.3,6.55,55343867,45826924561.9066
Republica Dominicana,2003,31.2,74.5,2.7,8980620,97641412776.0918
Republica Eslovaca,2003,9.1,74,1.2,5376196,111586470786.191
Republica Kirguisa,2003,36.7,67.2,2.6,5159422,20860091437.7759
Republica del Congo,2003,70,57.5,4.7,3445753,25493487715.7883
Ruanda,2003,86,41.3,5.74,8586875,10705067807.775
Rumania,2003,20.6,71.5,1.3,21593450,367024412293.399
Rusia,2003,16.6,65.4,1.33,145794229,3408288176391.14
Samoa,2003,17.1,71.9,4.39,185430,1026381627.6819
San Cristobal y Nieves,2003,13.1,72.2,2,46176,957094650.408
San Marino,2003,4.1,81.6,1.3,27843,2336107746.39756
San Vicente y las Granadinas,2003,19.2,72.4,2.14,113141,1300878392.80189
Santa Lucia,2003,14.9,74.3,1.94,162976,2842556178.00704
Santa Sede,2003,,,1,,
Santo Tome y Principe,2003,51.8,64.9,5.01,153814,622648345.44606
Senegal,2003,61.3,62.5,5.25,10721176,33450704778.525
Serbia,2003,9.2,72.3,1.37,7590935,98135606996.8159
Seychelles,2003,12.3,72.3,2.05,87034,1635380317.15576
Sierra Leona,2003,134.6,50.3,6.09,5177687,10987590914.7704
Singapur,2003,2.5,80.1,1.08,4138245,287981517229.487
Siria,2003,17.5,72.2,3.76,17889296,148233265004.221
Somalia,2003,105.3,55.2,7.6,9909157,7742601275.22054
Sri Lanka,2003,13,73.6,2.3,19951521,136755590821.154
Suazilandia,2003,85.9,42.7,3.8,1066700,7120751689.87
Sudafrica,2003,54.1,55.2,2.36,48500348,575741404633.324
Sudan,2003,63,61.7,5.49,29896035,115435347638.91
Sudan del Sur,2003,95,54.2,6.35,6903127,4802358900.51379
Suecia,2003,3.2,80.2,1.71,8958431,447342198771.293
Suiza,2003,4.4,80.8,1.38,7333447,486018681872.805
Surinam,2003,27.4,71,2.84,506414,8638166507.89224
Tailandia,2003,16.7,71.8,1.67,64868166,869573883023.206
Tanzania,2003,67,56.1,5.58,37089555,75498100252.6721
Tayikistan,2003,61,68.7,3.42,6658575,12151867613.5972
Timor Oriental,2003,74.8,65.4,5.85,916878,3063221576.53434
Togo,2003,70.8,56.7,5.05,5552167,11595366650.0899
Tonga,2003,14.4,71.4,4.18,104464,638102462.33808
Trinidad y Tobago,2003,24.7,70.5,1.65,1338709,34212321759.8288
Tunez,2003,22,72.2,1.96,10071632,99462860075.256
Turkmenistan,2003,61.1,66.8,2.67,4863865,26754190653.7882
Turquia,2003,26.5,73.9,2.2,67831730,1032547692367.06
Tuvalu,2003,31.5,62.2,3.58,9695,37524696.92615
Ucrania,2003,13.6,68,1.17,48315136,622394944192.205
Uganda,2003,76.9,51.7,6.67,26352124,43798595128.0232
Uruguay,2003,13.3,75,2.12,3281186,54293395035.5388
Uzbekistan,2003,48.6,68.8,2.5,25711259,100887943559.2
Vanuatu,2003,23.4,69.2,4.29,200746,601967440.56358
Venezuela,2003,16.9,73.5,2.7,25892703,275707622674.23
Vietnam,2003,23.9,73.2,2,79563777,398499386028.303
Yemen,2003,60.1,66.6,5.84,21456379,65507073270.9357
Yibuti,2003,74.6,63.7,4.3,813519,2214838856.18457
Zambia,2003,80,45.2,5.71,10983595,26054447109.061
Zimbabue,2003,61.9,45.9,3.86,12232323,36076178730.0732
Afganistan,2004,86.7,63.5,7.02,23560654,40364154841.9772
Albania,2004,19.1,76,1.89,3098657,26309301912.4709
Alemania,2004,4,79.3,1.36,82092708,4146730574542.04
Andorra,2004,3.2,81.9,1.23,74325,4668652956.6435
Angola,2004,122.8,56.4,6.5,18600423,125548295356.302
Antigua y Barbuda,2004,11,75.9,1.85,78719,2083548136.36427
Arabia Saudita,2004,17.2,72.6,3.26,19669480,1039455833383.28
Argelia,2004,30.1,73.4,2.5,32628286,428774363767.296
Argentina,2004,16,74.8,2.43,38815916,828734907932.12
Armenia,2004,21.9,73,1.49,3022541,22598092136.3979
Australia,2004,4.9,80.8,1.78,20046677,991093157794.365
Austria,2004,4.1,79.3,1.42,8173491,453144345449.958
Azerbaiyan,2004,46.7,69.5,1.97,8489874,67417642866.6276
Bahamas,2004,12.7,71.5,1.98,339782,11988104404.1703
Banglades,2004,53.4,65.6,2.94,142902856,430109071720.914
Barbados,2004,15.3,75.8,1.8,267298,4970589941.05302
Barein,2004,9.6,72.3,2.77,871442,44935157080.7339
Belgica,2004,4.2,78.9,1.72,10421292,551452760139.218
Belice,2004,18.9,71.9,3.25,271688,3417514752.45056
Benin,2004,80.8,60.6,5.72,8159094,21734331098.8426
Bielorrusia,2004,7.9,68.7,1.2,9735091,146912683120.371
Bolivia,2004,48.8,67.8,3.63,9204287,58463890217.1997
Bosnia y Herzegovina,2004,7,75.3,1.22,4140987,39071124770.0756
Botsuana,2004,49.1,57.1,3.06,1807146,25023745291.6242
Brasil,2004,21,73.4,1.97,182675143,2719365271038.89
Brunei,2004,7.4,75.1,2.1,352911,36126800588.5488
Bulgaria,2004,14.6,72.6,1.32,7749430,125630746259.11
Burkina Faso,2004,88.9,56.9,6.22,13500533,21474941564.0341
Burundi,2004,82.9,50.4,6.75,7310656,7045512908.87232
Butan,2004,47.9,65.9,2.78,650544,4197696493.28832
Cabo Verde,2004,23.3,73.2,2.9,479370,2547613307.9037
Camboya,2004,57.4,65.8,3.31,13244731,33145426203.8116
Camerun,2004,80.3,52.9,5.44,16610487,67992390290.8498
Canada,2004,5.2,80.2,1.55,32132678,1649690641637.35
Catar,2004,9.2,74.5,2.79,773332,82236668068.3968
Chad,2004,101.3,51.1,7.16,9920036,22928706754.3145
Chile,2004,7.9,77.8,1.84,16187322,325843494938.989
China,2004,22.2,72.4,1.61,1302100316,7629777714637.34
Chipre,2004,4.2,78.1,1.51,1017875,40156928900.165
Cisjordania y Gaza,2004,22.6,73,4.97,3475177,15997205517.4401
Colombia,2004,18.9,75.7,2.38,41543171,484632922169.779
Comoras,2004,71.6,72.8,5.07,580704,1362395310.45696
Corea del Norte,2004,27.5,71.9,1.9,24254943,42145803716.3253
Corea del Sur,2004,5.2,78.1,1.16,47697075,1455953659865.68
Costa Rica,2004,9.2,78.7,2.03,4200078,63652069275.9049
Costa de Marfil,2004,91.4,54.9,5.53,19595000,78126291778
Croacia,2004,6.1,75.4,1.42,4310056,112612843188.102
Cuba,2004,5.4,78.1,1.55,11238756,100138223714.322
Dinamarca,2004,4.2,77.8,1.78,5404598,318924740500.197
Dominica,2004,13.7,75.2,2.02,68649,981631650.97599
Ecuador,2004,25,73.2,2.85,13608701,140431216004.539
Egipto,2004,30.5,67.7,3.28,79477443,829173378425.053
El Salvador,2004,22,72.5,2.52,6004671,47270358347.4795
Emiratos Arabes Unidos,2004,8.7,74.2,2.39,4428967,398904653039.226
Eritrea,2004,49.2,58.4,5.04,2598284,3641998053.7824
Eslovenia,2004,3.7,77,1.25,1993545,68030999492.1862
Espana,2004,5,80.3,1.31,43234566,1840191264540.29
Estados Unidos,2004,6.9,77.6,2.03,292786253,17178397730107.4
Estonia,2004,6.3,72.3,1.47,1362676,37712530140.1918
Etiopia,2004,74.1,54.9,6.3,76077206,67651698799.5074
Filipinas,2004,27.9,70.7,3.52,86394504,457757489317.109
Finlandia,2004,3.2,79,1.8,5228148,267570590767.874
Fiyi,2004,20.1,67.3,2.94,874366,8854739351.71608
Francia,2004,3.9,80.4,1.9,61175247,2914793479879.31
Gabon,2004,51.4,62.3,4.25,1421609,28461245847.9957
Gambia,2004,58,63.5,5.68,1621312,4423941706.70144
Georgia,2004,23.6,70.8,1.57,4056073,31465440455.9938
Ghana,2004,58.1,60.3,4.5,21868298,77893572594.6583
Granada,2004,12.6,73.3,2.29,109323,1388664199.70604
Grecia,2004,5.2,79.2,1.34,10947365,410623350181.216
Guatemala,2004,34.6,69.3,4.13,12807402,114282557168.961
Guinea,2004,88.2,56,5.73,9062726,21567180071.1869
Guinea Ecuatorial,2004,94.4,57.1,5.62,899917,26418452421.902
Guinea-Bisau,2004,93.7,54.5,5.5,1349563,2593731688.57618
Guyana,2004,34.8,66.5,2.68,762418,6263372011.36912
Haiti,2004,67.2,56.7,3.94,8910263,26675496808.4667
Honduras,2004,26,73,3.71,7298994,35682058119.3788
Hungria,2004,7.5,72.9,1.28,10085791,264372080591.019
India,2004,57.8,65.7,3.05,1135991513,4210705095234.78
Indonesia,2004,36,67,2.42,227926649,1585089760076.52
Irak,2004,33.5,66.5,4.53,27577878,276038690744.778
Iran,2004,23,74.3,1.78,70256316,928289754958.348
Irlanda,2004,4.7,78.6,1.93,4066064,251028448228.379
Islandia,2004,2.6,80.7,2.04,292168,15356181653.913
Islas Marshall,2004,32.7,62.7,4.34,51791,207800409.87964
Islas Salomon,2004,27.3,64,4.47,474611,1029754312.46937
Israel,2004,4.7,80.2,2.85,6615087,216704582974.967
Italia,2004,3.8,80.7,1.34,58176738,2967171167807.62
Jamaica,2004,17.1,76.2,2.2,2672225,26777769990.4353
Japon,2004,2.9,82.2,1.28,127815774,5214126926433.97
Jordania,2004,20.9,72.7,3.73,5882061,56217747186.493
Kazajistan,2004,30.3,65.7,2.2,15850159,298967087531.928
Kenia,2004,57.2,58.4,4.86,34713455,126597162760.76
Kiribati,2004,49.7,67.8,3.73,96085,213997060.6268
Kuwait,2004,10.3,76.1,2.76,2157320,158378477928.51
Laos,2004,72.7,60.4,3.9,5781626,20028510016.8981
Lesoto,2004,87.9,41.4,3.51,1971129,4370817555.68328
Letonia,2004,11.4,70.9,1.3,2264174,46574262933.0183
Libano,2004,13.1,80.6,2.38,4599279,59166449464.3808
Liberia,2004,94,55.3,5.51,3156892,4093180392.266
Libia,2004,20.9,73.3,2.77,5736693,108167958947.625
Liechtenstein,2004,3.46,80.7,1.44,34389,
Lituania,2004,8.4,71.5,1.27,3376699,73284747698.6872
Luxemburgo,2004,3,79.2,1.66,458296,54017303045.0416
Macedonia del Norte,2004,12.4,73.8,1.52,2086581,26229143613.6492
Madagascar,2004,56.5,59.2,5.26,18606608,30201512447.0466
Malasia,2004,7.1,73.8,2.49,25256772,509346741534.894
Malaui,2004,75.5,47.5,5.86,12500737,15129541485.1745
Maldivas,2004,22.6,71.5,2.26,301413,4773687175.09152
Mali,2004,100.6,57.4,6.74,13102409,28652503788.843
Malta,2004,6.1,79.4,1.4,410798,13021987429.3172
Marruecos,2004,35.9,69.2,2.61,29953018,182997902965.904
Mauricio,2004,13.7,72.8,1.87,1249800,19235360062.386
Mauritania,2004,75.3,64.4,5.37,2868664,14045078515.3274
Mexico,2004,17.4,75.2,2.54,104394131,2078603391074.87
"Micronesia, Estados Federados de",2004,38.6,64.5,3.68,111925,414457057.256
Moldavia,2004,18,69.2,1.54,4046669,29622595240.8307
Monaco,2004,3.7,77.3,1.99,32307,8720747810.0589
Mongolia,2004,37.3,65.3,1.98,2542793,17673355590.7526
Montenegro,2004,10.1,73.6,1.73,633754,9643328831.60768
Mozambique,2004,94.6,54.9,5.55,19840313,18575045051.9825
Myanmar,2004,54.7,60.5,2.59,47068772,103877309894.128
Namibia,2004,47.1,53.7,3.55,1942082,17704950798.5815
Nauru,2004,31.5,56.6,3.38,10060,73723062.2726
Nepal,2004,48.7,67.4,3.28,26016656,65339960246.1906
Nicaragua,2004,27.4,74.8,2.78,5272912,26996977879.2934
Niger,2004,86.2,51.4,7.78,13265836,15534502362.2836
Nigeria,2004,99.8,55.3,6.09,141057045,595377795962.786
Noruega,2004,3.4,79.9,1.83,4591743,380136376572.658
Nueva Zelanda,2004,5.5,79.4,1.98,4083910,163182869314.178
Oman,2004,11.4,73.8,3.2,2404821,98770834132.1632
Paises Bajos,2004,4.6,79.1,1.72,16425566,936265348634.653
Pakistan,2004,81.4,65.2,4.69,171286000,674700560689.78
Palaos,2004,20.1,67.5,1.99,19820,334833828.691
Panama,2004,19.9,77.8,2.68,3251155,51177558875.7388
Papua Nueva Guinea,2004,56.2,63.7,4.28,6328041,19441914431.7557
Paraguay,2004,24.6,74.1,3.05,5388175,53676880055.8055
Peru,2004,22.6,77.5,2.67,27852190,237778475095.892
Polonia,2004,6.7,75.1,1.23,38167572,793636294652.249
Portugal,2004,4,78.4,1.41,10481381,370533856044.443
Reino Unido,2004,5.2,79,1.75,60169967,2817680553850.13
Republica Centroafricana,2004,110.4,46.5,5.78,4192826,5147294830.82232
Republica Checa,2004,4.6,75.9,1.23,10261450,337500117055.458
Republica Democratica del Congo,2004,98.7,54,6.53,56997741,49300862381.5423
Republica Dominicana,2004,30.6,74.4,2.64,9104892,100367937117.05
Republica Eslovaca,2004,8.8,74.2,1.25,5376038,117559703107.77
Republica Kirguisa,2004,35.3,67.3,2.63,5203041,22179591646.8196
Republica del Congo,2004,66.1,58.4,4.69,3565554,26516798257.4545
Ruanda,2004,77.7,40.7,5.64,8816844,11447820667.7118
Rumania,2004,19.5,72.1,1.34,21403217,406411262700.871
Rusia,2004,15.4,65.7,1.35,145180097,3674992597650.61
Samoa,2004,16.8,72,4.34,186249,1056234552.72405
San Cristobal y Nieves,2004,12.6,72.4,1.96,46315,989001838.44255
San Marino,2004,3.9,82,1.3,28203,2338196459.05881
San Vicente y las Granadinas,2004,19.1,72.6,2.09,112835,1353564806.68475
Santa Lucia,2004,14.9,74.5,1.86,164239,3082846438.12962
Santa Sede,2004,,,1,,
Santo Tome y Principe,2004,49.6,65,4.96,157705,647757436.57045
Senegal,2004,58.8,63.1,5.19,10975704,35090892469.746
Serbia,2004,8.3,72.5,1.36,7565841,105361811808.151
Seychelles,2004,12.3,72.3,2.04,88156,1618136643.02192
Sierra Leona,2004,131.4,50.9,5.92,5355717,11763593686.1933
Singapur,2004,2.3,80.4,1.07,4172767,316621019766.419
Siria,2004,16.8,72.6,3.68,18336875,157721678442.362
Somalia,2004,105.3,55,7.57,10280998,8268298639.06774
Sri Lanka,2004,15.3,68.2,2.27,20087605,143751510681.843
Suazilandia,2004,84.8,40.7,3.76,1073159,7372477221.12378
Sudafrica,2004,52.8,54.7,2.44,48991421,603213079255.369
Sudan,2004,61.4,61.8,5.46,30556637,121312943360.629
Sudan del Sur,2004,90.6,54.5,6.19,7233041,5021148998.00092
Suecia,2004,3.1,80.5,1.75,8993808,466451858856.908
Suiza,2004,4.4,81.2,1.41,7384194,500696270711.705
Surinam,2004,26.6,71.2,2.74,513923,9400176554.97759
Tailandia,2004,16,71.7,1.67,65452047,922810766926.692
Tanzania,2004,62.7,56.8,5.6,38109668,81452232820.872
Tayikistan,2004,57.3,69.1,3.51,6790547,13304263770.451
Timor Oriental,2004,71,66.3,5.74,929074,3193949182.0443
Togo,2004,69.1,57.2,5,5696508,11586156103.74
Tonga,2004,14.3,71.5,4.19,105071,625599243.14845
Trinidad y Tobago,2004,24.3,70.9,1.63,1345380,36782388911.184
Tunez,2004,20.7,72.5,1.95,10166163,105463239205.21
Turkmenistan,2004,59.4,66.9,2.67,4958093,28128301598.5877
Turquia,2004,24.8,74.4,2.2,68592617,1132080369389.75
Tuvalu,2004,30.7,62.3,3.55,9816,36650687.7924
Ucrania,2004,13,67.9,1.22,47979507,700324841196.438
Uganda,2004,72.2,53.3,6.61,27154515,46673419884.8223
Uruguay,2004,12.8,75.3,2.09,3283148,57062564376.3604
Uzbekistan,2004,47.3,69,2.5,26029350,107411869756.125
Vanuatu,2004,23.4,69.3,4.21,205711,624808007.46826
Venezuela,2004,16.4,73.9,2.64,26340838,332632482889.109
Vietnam,2004,23.2,73.4,1.97,80338971,429367125100.006
Yemen,2004,57.2,66.9,5.71,22095167,69081770326.3019
Yibuti,2004,72.9,63.4,4.16,826124,2346050405.38284
Zambia,2004,73.9,47.2,5.7,11338198,27995027898.3606
Zimbabue,2004,61.5,46.5,3.78,12365896,34159014183.1957
Afganistan,2005,84.4,63.8,6.86,24404567,45276038954.824
Albania,2005,18.3,76.3,1.79,3076159,27616440966.9745
Alemania,2005,3.9,79.4,1.34,82046731,4190423836192.77
Andorra,2005,3.1,82.1,1.22,77421,4968560178.3699
Angola,2005,121.2,57.1,6.46,19291161,146464418434.632
Antigua y Barbuda,2005,10.4,76.1,1.83,79611,2215609716.91311
Arabia Saudita,2005,16.8,72.4,3.16,20559890,1111032549587.9
Argelia,2005,28.8,73.7,2.56,33109249,453853684100.819
Argentina,2005,15.3,75.2,2.43,39216789,904048557933.51
Armenia,2005,20.8,73.2,1.49,3006351,25587090669.8159
Australia,2005,4.8,81.2,1.85,20294490,1021296454143.57
Austria,2005,4,79.5,1.41,8229204,464568352062.214
Azerbaiyan,2005,44,69.7,1.98,8597248,86458363185.6102
Bahamas,2005,12.6,71.8,2.01,343894,12350287977.466
Banglades,2005,50.8,66.1,2.85,144715786,460102077779.943
Barbados,2005,15.1,76.1,1.74,268706,5175362546.33368
Barein,2005,9.3,72.7,2.67,932604,48255285337.4501
Belgica,2005,4.1,79.1,1.75,10478886,565137831988.382
Belice,2005,18.5,72.2,3.17,279731,3504974185.92481
Benin,2005,78.8,61,5.69,8426144,22103279778.704
Bielorrusia,2005,7.4,69,1.22,9667838,160488031219.34
Bolivia,2005,46.6,68,3.56,9360754,61136388420.6397
Bosnia y Herzegovina,2005,7.1,75.3,1.2,4096493,40457716369.6409
Botsuana,2005,44.8,60.8,3.08,1839877,26249026515.5355
Brasil,2005,19.5,74,1.94,184688101,2809518864297.21
Brunei,2005,7.3,75.3,2.02,358916,36087155490.2748
Bulgaria,2005,13.6,72.6,1.36,7695050,134838107885.459
Burkina Faso,2005,86,57.9,6.18,13932123,23279036779.5174
Burundi,2005,79.7,51.5,6.71,7587299,7112003124.61762
Butan,2005,45.3,66.4,2.73,661865,4497517537.39255
Cabo Verde,2005,23.2,73.5,2.73,485115,2721614871.53085
Camboya,2005,53.3,66.6,3.24,13439202,37464646860.5073
Camerun,2005,77.8,53.5,5.42,17074594,69953587313.1059
Canada,2005,5.3,80.4,1.57,32440173,1702357150756.83
Catar,2005,8.9,74.8,2.64,825408,88651834167.8016
Chad,2005,100.4,51.6,7.13,10328092,26929991128.1881
Chile,2005,7.7,78.1,1.83,16348778,344194806940.735
China,2005,20.3,73,1.62,1310027136,8453889987108.99
Chipre,2005,3.9,78.2,1.48,1036151,42345130178.7397
Cisjordania y Gaza,2005,22.1,73.4,4.87,3557401,17662186115.3729
Colombia,2005,18.4,76.3,2.31,42128977,507627369552.253
Comoras,2005,70.5,72.7,5.01,592677,1409337182.02383
Corea del Norte,2005,26.2,72,1.87,24396433,43493328884.7853
Corea del Sur,2005,4.8,78.7,1.12,47851644,1515588193849.97
Costa Rica,2005,9,79.1,2.04,4261240,66291671346.156
Costa de Marfil,2005,88.9,56.1,5.5,20068458,79395073357.6731
Croacia,2005,5.8,75.5,1.51,4313946,117861999406.679
Cuba,2005,5.1,78.1,1.49,11262554,104334802561.569
Dinamarca,2005,4.1,78.1,1.8,5419555,326940421076.978
Dominica,2005,14,75.4,2,68734,998584442.00582
Ecuador,2005,24.3,73.3,2.8,13846163,147959828371.668
Egipto,2005,29.2,68,3.25,81101004,867901669263.024
El Salvador,2005,20.9,72.5,2.44,6005578,48577313964.1376
Emiratos Arabes Unidos,2005,8.4,74.6,2.23,4664790,418962774064.887
Eritrea,2005,47.2,58.8,4.93,2661215,3741949021.57035
Eslovenia,2005,3.5,77.5,1.26,1996914,70697850335.9049
Espana,2005,4.8,80.4,1.33,43958885,1907837536571.02
Estados Unidos,2005,6.8,77.6,2.04,295716664,17760880271202.4
Estonia,2005,5.8,72.7,1.52,1354848,41248309519.0954
Etiopia,2005,69.6,55.9,6.19,78367470,75422951808.8466
Filipinas,2005,27.4,70.6,3.45,88015962,479484147793.336
Finlandia,2005,3.1,79.2,1.8,5246082,275299112644.828
Fiyi,2005,20.1,67.4,2.92,882379,8922838383.96608
Francia,2005,3.8,80.5,1.92,61625032,2970069684336.62
Gabon,2005,50.2,63.1,4.21,1463495,29400541266.6718
Gambia,2005,56.8,63.5,5.71,1667037,4344313241.95893
Georgia,2005,21.9,71.5,1.58,4026131,34347955941.511
Ghana,2005,56.8,60.6,4.5,22449438,82681864063.8824
Granada,2005,12.4,74,2.24,109734,1570999925.1915
Grecia,2005,4.8,79.4,1.36,10981334,416203853121.646
Guatemala,2005,33.5,69.3,3.97,13087629,118197330984.236
Guinea,2005,84.9,56.6,5.73,9245844,22384662820.7141
Guinea Ecuatorial,2005,91.7,57.4,5.56,947367,30552106865.4552
Guinea-Bisau,2005,90.1,53.9,5.46,1381585,2769211422.5197
Guyana,2005,34.4,66.7,2.65,760914,6163374074.37444
Haiti,2005,65.6,58.3,3.84,9061273,27690886296.6636
Honduras,2005,25,73.3,3.58,7478355,37861264631.229
Hungria,2005,7.2,73,1.31,10065706,276773257694.905
India,2005,55.8,66.2,2.96,1154676322,4532581641465.96
Indonesia,2005,33.4,69.7,2.45,230871650,1671441616101.84
Irak,2005,33,66.2,4.45,28407448,283080835761.622
Iran,2005,21.7,74.7,1.76,71828455,957669777522.962
Irlanda,2005,4.4,79,1.87,4155284,265563601912.893
Islandia,2005,2.4,81,2.05,296834,16320026033.1316
Islas Marshall,2005,32.5,62.8,4.28,51906,211507701.38892
Islas Salomon,2005,27.5,64,4.41,483080,1103407853.9692
Israel,2005,4.5,80.5,2.79,6728206,225856933903.354
Italia,2005,3.7,80.8,1.33,58519693,2996799482650.5
Jamaica,2005,16.9,76.9,2.15,2687066,27058603391.9255
Japon,2005,2.7,82.2,1.25,127913330,5301316678837.74
Jordania,2005,20.4,72.8,3.65,6029587,60577225844.571
Kazajistan,2005,28.6,65.7,2.27,15968117,328139083612.404
Kenia,2005,54.3,59.7,4.8,35796484,134823265933.653
Kiribati,2005,49.5,68,3.76,98035,216867264.5027
Kuwait,2005,10.1,76.5,2.73,2236788,175812216940.127
Laos,2005,70.2,61.1,3.69,5869523,21433827529.7542
Lesoto,2005,88.1,42.7,3.43,1953076,4496728062.16228
Letonia,2005,10.7,70.9,1.39,2239784,51925580532.3737
Libano,2005,12.1,80.6,2.29,4671102,60919048827.7434
Liberia,2005,87.6,56,5.52,3301015,4321231416.35145
Libia,2005,19.8,73.3,2.77,5858798,121534278879.202
Liechtenstein,2005,3,81.1,1.49,34691,
Lituania,2005,8.1,71.1,1.29,3322263,79051557651.1404
Luxemburgo,2005,2.8,79.6,1.63,465363,55818954675.9558
Macedonia del Norte,2005,12.1,73.9,1.47,2089807,27694290614.3616
Madagascar,2005,53.5,59.7,5.2,19159707,31653838919.7698
Malasia,2005,7,74.2,2.39,25836071,536798472915.706
Malaui,2005,70.7,49.2,5.85,12840031,15609986619.9714
Maldivas,2005,19.4,73.2,2.2,306429,4235775589.83195
Mali,2005,96.7,58.2,6.71,13538647,30878555623.0205
Malta,2005,6,79.5,1.38,413320,13425811400.8052
Marruecos,2005,34.5,69.5,2.61,30358144,188253985422.368
Mauricio,2005,13.8,72.8,1.82,1257215,19471158913.7444
Mauritania,2005,74.7,64.6,5.38,2939059,15397511052.9327
Mexico,2005,16.7,75.3,2.5,105811504,2129375000817.32
"Micronesia, Estados Federados de",2005,37.7,64.7,3.6,111412,422023424.09248
Moldavia,2005,16.9,69.2,1.53,3988669,31623980243.3069
Monaco,2005,3.7,77.4,2.01,32210,8976582059.889
Mongolia,2005,34.9,65.7,1.99,2563461,19017382008.4272
Montenegro,2005,9.5,73.9,1.7,634050,10127545254.963
Mozambique,2005,90.4,55.5,5.5,20304569,19762904621.9241
Myanmar,2005,53.2,61,2.52,47438365,116937357202.593
Namibia,2005,45.3,55.7,3.57,1966582,18159602260.0752
Nauru,2005,31.5,56.6,3.38,10049,72756423.61195
Nepal,2005,46.3,68.1,3.12,26309458,67637526975.8485
Nicaragua,2005,26.3,74.9,2.77,5342105,28264123401.6259
Niger,2005,82.3,52.3,7.77,13756192,16733528960.017
Nigeria,2005,96.6,56.1,6.06,145017253,635162677556.381
Noruega,2005,3.2,80.2,1.84,4623124,390900937471
Nueva Zelanda,2005,5.4,79.9,1.96,4135007,168782074014.264
Oman,2005,10.9,73.8,3.03,2459802,102036556563.87
Paises Bajos,2005,4.5,79.4,1.71,16465710,956976606016.351
Pakistan,2005,80,64,4.6,175453212,721953915253.998
Palaos,2005,19.5,67.6,2.02,19819,346331180.57509
Panama,2005,19.4,77.8,2.64,3313026,55472369326.9486
Papua Nueva Guinea,2005,55.6,63.8,4.22,6535905,20661674648.2764
Paraguay,2005,23.8,74.2,2.97,5448097,55017858493.8478
Peru,2005,21.3,78,2.64,28101180,252520334232.464
Polonia,2005,6.6,75.3,1.24,38124379,820194730414.101
Portugal,2005,3.7,78.8,1.41,10502994,374145369973.021
Reino Unido,2005,5.1,79.2,1.76,60596108,2895782779208.26
Republica Centroafricana,2005,109.3,47.3,5.81,4288810,5207777435.9576
Republica Checa,2005,4.4,76.3,1.28,10280153,360533211009.515
Republica Democratica del Congo,2005,96.3,54.6,6.53,58775724,52703250123.7015
Republica Dominicana,2005,30.1,74.7,2.57,9225034,110128422497.377
Republica Eslovaca,2005,8.4,74.3,1.26,5376695,125166158954.473
Republica Kirguisa,2005,34.2,67.4,2.65,5246332,22016258207.3434
Republica del Congo,2005,61.8,59.2,4.67,3696393,28697027969.5428
Ruanda,2005,70.2,42.9,5.5,9054528,12469992120.6874
Rumania,2005,18.2,72.4,1.39,21213388,426823545592.098
Rusia,2005,14.4,65.9,1.3,144597884,3930297848936.23
Samoa,2005,16.5,72,4.32,186978,1120842298.52496
San Cristobal y Nieves,2005,12.2,72.6,1.93,46437,1078608098.56443
San Marino,2005,3.7,82.3,1.2,28572,2384654556.99444
San Vicente y las Granadinas,2005,19.2,72.9,2.07,112450,1386507883.774
Santa Lucia,2005,14.8,74.7,1.81,165450,3100543238.046
Santa Sede,2005,,,1,,
Santo Tome y Principe,2005,47.5,64.6,4.94,161639,693779562.84189
Senegal,2005,56.3,63.7,5.13,11235472,36693461620.3573
Serbia,2005,7.7,72.8,1.34,7539133,112013923888.536
Seychelles,2005,12.3,72.4,2.18,89266,1780107831.45812
Sierra Leona,2005,128.1,51.3,5.81,5501712,12342627572.8325
Singapur,2005,2.3,80.9,1.07,4268364,341542024638.844
Siria,2005,16.1,73,3.61,18814091,166852463879.199
Somalia,2005,105.3,55.5,7.53,10644228,8834116250.05812
Sri Lanka,2005,12.1,74,2.26,20216524,152303510475.912
Suazilandia,2005,83,40.4,3.7,1079022,7805895966.6639
Sudafrica,2005,51.5,54.4,2.51,49490033,636110017958.851
Sudan,2005,59.9,63.1,5.4,31262444,128313849325.234
Sudan del Sur,2005,86.4,54.8,6.02,7590143,5249171361.5682
Suecia,2005,3,80.6,1.77,9029771,479931974502.381
Suiza,2005,4.3,81.4,1.42,7431823,515822684156.709
Surinam,2005,25.8,71.5,2.71,519313,9848514099.31386
Tailandia,2005,15.3,72.5,1.64,66017420,960047049953.445
Tanzania,2005,58.7,57.9,5.58,39182076,87764024110.2786
Tayikistan,2005,54.1,69.6,3.4,6924720,14100099214.1328
Timor Oriental,2005,67.4,66.6,5.61,948311,3320731505.70616
Togo,2005,67.4,57.5,5.04,5844631,11155339645.2168
Tonga,2005,14.3,71.6,4.2,105671,621489939.65397
Trinidad y Tobago,2005,23.8,71.3,1.63,1352034,40518041110.5571
Tunez,2005,19.6,72.7,1.95,10255472,108992268782.749
Turkmenistan,2005,57.8,67.1,2.71,5052257,31536502141.25
Turquia,2005,23.2,74.6,2.2,69329557,1232362766420.21
Tuvalu,2005,30,62.4,3.55,9940,34922036.6978
Ucrania,2005,12.5,67.7,1.22,47585556,726104732731.436
Uganda,2005,67.6,55.2,6.53,27963289,49686456249.0638
Uruguay,2005,12.4,75.6,2.1,3285771,61373657138.6911
Uzbekistan,2005,45.9,69,2.44,26356975,113886980828.891
Vanuatu,2005,23.4,69,4.13,210760,656782287.3832
Venezuela,2005,15.9,74.3,2.63,26785804,375927372494.72
Vietnam,2005,22.6,73.5,1.89,81088313,462640694993.775
Yemen,2005,54.5,67.3,5.56,22790085,74351030797.9522
Yibuti,2005,71.1,63.8,4.04,839167,2491379493.5407
Zambia,2005,68.7,48.5,5.7,11718819,30107513756.3722
Zimbabue,2005,61,47.7,3.69,12483432,32331326391.9734
Afganistan,2006,82.3,64,6.69,25424094,48192676721.1907
Albania,2006,17.4,76.9,1.69,3050809,29219077191.3003
Alemania,2006,3.8,79.7,1.34,81701971,4344681946048.64
Andorra,2006,2.9,82.3,1.23,79585,5238218571.2318
Angola,2006,119.4,57.4,6.42,20015279,165789507209.889
Antigua y Barbuda,2006,9.8,76.5,1.83,80604,2494335631.28976
Arabia Saudita,2006,16.4,72.1,3.18,21459144,1155788358076.19
Argelia,2006,27.6,73.9,2.63,33623506,467964900615.266
Argentina,2006,14.6,75.4,2.4,39622115,978845233404.513
Armenia,2006,19.8,73.3,1.49,2990377,28827835824.2373
Australia,2006,4.7,81.4,1.88,20590559,1048999160707.62
Austria,2006,4,79.8,1.4,8269898,480737573617.96
Azerbaiyan,2006,41.5,70,2.02,8711380,116582740154.589
Bahamas,2006,12.5,72,2.02,348375,12618008365.1737
Banglades,2006,48.4,66.6,2.76,146405973,492777501905.931
Barbados,2006,14.9,76.2,1.7,270002,5498156045.68014
Barein,2006,9,72.9,2.46,994618,51267065738.7582
Belgica,2006,4,79.5,1.79,10548442,580544152645.417
Belice,2006,18,72.7,3.02,287878,3673813245.47722
Benin,2006,76.9,61.3,5.67,8693242,22977912402.8147
Bielorrusia,2006,6.8,69.5,1.31,9608036,176344572503.773
Bolivia,2006,44.4,68.2,3.53,9521689,64165347987.4842
Bosnia y Herzegovina,2006,7.2,75.5,1.18,4063272,42548067065.0978
Botsuana,2006,43.8,61,3.11,1874516,28520133783.1819
Brasil,2006,18.2,74.3,1.9,186653106,2923121315314.92
Brunei,2006,7.3,75.6,1.97,364663,37520208780.2711
Bulgaria,2006,12.9,72.7,1.43,7640294,144353414190.671
Burkina Faso,2006,82.7,58.8,6.17,14373707,24689604255.2483
Burundi,2006,76.2,55.6,6.66,7865547,7498271417.96166
Butan,2006,42.8,67,2.66,670799,4762091920.9861
Cabo Verde,2006,23.4,73.9,2.56,490728,2939789012.12472
Camboya,2006,49.8,67.5,3.18,13639028,41486837345.915
Camerun,2006,75.3,53.7,5.37,17550407,73025259980.0009
Canada,2006,5.2,80.7,1.61,32759171,1746125141106.07
Catar,2006,8.6,75.1,2.51,972831,112519610641.724
Chad,2006,99.4,51.8,7.12,10706424,26982728686.1582
Chile,2006,7.6,78.4,1.8,16509195,364461851438.295
China,2006,18.7,73.7,1.64,1318054036,9472817912537.9
Chipre,2006,3.7,78.5,1.51,1054418,44502049156.4809
Cisjordania y Gaza,2006,21.7,73.3,4.74,3645096,17354140359.5414
Colombia,2006,17.8,76.6,2.24,42691084,541300629209.661
Comoras,2006,69.2,73.3,4.93,604753,1461421214.21405
Corea del Norte,2006,25.8,72.2,1.94,24524507,42796014919.6691
Corea del Sur,2006,4.5,79.2,1.15,48006518,1587884198086.11
Costa Rica,2006,8.9,79.3,1.94,4321340,71271693254.5018
Costa de Marfil,2006,86.7,57.2,5.45,20546802,81984522427.9268
Croacia,2006,5.6,75.8,1.47,4315800,124254892443.132
Cuba,2006,4.9,78.4,1.4,11278550,120757975743.986
Dinamarca,2006,3.9,78.3,1.84,5437420,339895977486.145
Dominica,2006,14.4,75.5,2.07,68806,1051601927.72922
Ecuador,2006,23.7,73.6,2.75,14086131,154363766103.826
Egipto,2006,28.1,68.1,3.22,82700403,927940663304.357
El Salvador,2006,20,72.6,2.4,6002319,50661052651.9118
Emiratos Arabes Unidos,2006,8.2,74.9,1.96,5009100,460639184666.808
Eritrea,2006,45.4,59.2,4.88,2703502,3708576152.74998
Eslovenia,2006,3.3,77.9,1.32,2003114,74909016322.6151
Espana,2006,4.6,80.9,1.36,44695448,1987076479630.22
Estados Unidos,2006,6.7,77.8,2.09,298730209,18235510501906
Estonia,2006,5.3,73.2,1.58,1346880,45253901730.768
Etiopia,2006,65.3,56.9,6.05,80703490,83354607716.849
Filipinas,2006,26.9,70.6,3.47,89508986,503959039849.062
Finlandia,2006,2.9,79.4,1.83,5266247,286673342119.008
Fiyi,2006,20.2,67.4,2.91,890365,9091511361.18225
Francia,2006,3.7,80.9,1.97,62049838,3050983755515.2
Gabon,2006,49,63.5,4.17,1508337,28742724226.9793
Gambia,2006,55.6,64,5.74,1715275,4342535302.265
Georgia,2006,20.2,72,1.62,3996591,37440563702.1818
Ghana,2006,55.6,60.8,4.4,23040702,88164675023.9974
Granada,2006,12.3,74.4,2.2,110135,1506302184.28095
Grecia,2006,4.6,79.6,1.4,11016103,443702594483.78
Guatemala,2006,32.3,69.9,3.85,13367459,124691842824.982
Guinea,2006,81.9,56.9,5.7,9441171,22811945060.6795
Guinea Ecuatorial,2006,89,58.3,5.5,990343,32709010970.966
Guinea-Bisau,2006,86.7,55.2,5.41,1415303,2852447422.94599
Guyana,2006,34.1,67.1,2.66,758966,6503317400.88836
Haiti,2006,64.1,58.8,3.76,9216562,28408743981.8585
Honduras,2006,24.1,73.5,3.45,7656832,40359017906.4
Hungria,2006,6.8,73.3,1.34,10049943,288538212140.336
India,2006,53.9,66.3,2.87,1172878890,4888218527388.82
Indonesia,2006,32.1,69.7,2.46,233951652,1759056954281.32
Irak,2006,32.4,65.1,4.46,28616515,300618658634.507
Iran,2006,20.5,75.1,1.76,73392747,1004304773471.79
Irlanda,2006,4.1,79.3,1.92,4268778,278996407088.166
Islandia,2006,2.3,81,2.08,303874,17356422752.488
Islas Marshall,2006,32.4,62.8,4.2,51992,211945516.94016
Islas Salomon,2006,27.6,63.9,4.39,491594,1150740283.67992
Israel,2006,4.3,80.7,2.83,6844032,238243803689.1
Italia,2006,3.7,81.1,1.36,58754433,3056945828169.66
Jamaica,2006,16.7,77.2,2.09,2700968,27880386435.5047
Japon,2006,2.7,82.5,1.29,127997247,5364754902015.75
Jordania,2006,19.9,73,3.71,6427371,65356018023.5544
Kazajistan,2006,26.8,65.8,2.38,16103716,363386620877.676
Kenia,2006,51.8,61.3,4.75,36904008,144238626270.171
Kiribati,2006,49.5,68.2,3.82,100017,228042811.68867
Kuwait,2006,10,76.4,2.59,2364733,189565249204.982
Laos,2006,67.8,61.8,3.56,5963200,23141577603.744
Lesoto,2006,87.5,45.6,3.41,1945063,4669099846.12636
Letonia,2006,10.1,70.9,1.46,2219032,58538876059.4282
Libano,2006,11.2,79.9,2.24,4751136,61959181301.8589
Liberia,2006,81.9,56.5,5.53,3490787,4686788503.44846
Libia,2006,18.6,73.5,2.7,5980211,129887654008.372
Liechtenstein,2006,2.5,81.4,1.43,34975,
Lituania,2006,7.7,70.9,1.32,3269808,85008895192.0382
Luxemburgo,2006,2.6,79.8,1.65,472866,59617478544.2412
Macedonia del Norte,2006,11.6,74.1,1.51,2089233,29309099200.0448
Madagascar,2006,50.6,60,5.13,19730909,33370076240.5765
Malasia,2006,6.9,74.5,2.31,26417909,567110286300.177
Malaui,2006,67.1,51.4,5.8,13198701,16332936736.3545
Maldivas,2006,17.2,73.5,2.2,313851,5251580798.01066
Mali,2006,93.2,58.8,6.68,13990139,32999516111.8897
Malta,2006,5.9,79.7,1.36,415454,13778780363.9556
Marruecos,2006,33.2,69.8,2.61,30771178,202233026737.976
Mauricio,2006,14,73,1.71,1263781,20329790422.1823
Mauritania,2006,74,64.8,5.4,3013660,18388877463.086
Mexico,2006,16.2,75.5,2.46,107253666,2236589068910.27
"Micronesia, Estados Federados de",2006,36.6,64.9,3.51,110729,420796936.62434
Moldavia,2006,16,69.4,1.54,3921316,32845878285.145
Monaco,2006,3.6,77.6,2.1,32057,9449230099.0181
Mongolia,2006,32.7,66.1,2.12,2584756,20668250740.8576
Montenegro,2006,8.8,74.2,1.74,633871,11060864316.0551
Mozambique,2006,86.6,56.5,5.45,20787087,21701122238.6031
Myanmar,2006,51.7,61.5,2.47,47785135,131139953796.613
Namibia,2006,44.1,58.1,3.6,1991888,19450573267.6595
Nauru,2006,31.7,56.7,3.4,10034,77567723.91682
Nepal,2006,44.1,68.7,2.97,26565425,69973832864.8038
Nicaragua,2006,25.3,75.1,2.73,5418855,29542411868.7146
Niger,2006,78.7,53,7.74,14268581,17773774639.6426
Nigeria,2006,93.4,56.8,6.05,149077334,674652941065.016
Noruega,2006,3.1,80.3,1.9,4660494,400751144231.121
Nueva Zelanda,2006,5.3,80,2.01,4181940,173363783911.655
Oman,2006,10.6,73.7,2.88,2514795,107265854008.225
Paises Bajos,2006,4.3,79.8,1.72,16493852,992277070170.442
Pakistan,2006,78.7,65.7,4.59,179682690,763362741712.458
Palaos,2006,18.8,67.7,2,19593,345137573.71044
Panama,2006,19,77.9,2.62,3375024,61006139984.605
Papua Nueva Guinea,2006,54.7,64,4.15,6747720,21719063289.2184
Paraguay,2006,23.1,74.1,2.89,5505148,57871987911.6804
Peru,2006,20.1,78.6,2.62,28324491,271305765709.423
Polonia,2006,6.3,75.4,1.27,38071167,871304961613.287
Portugal,2006,3.5,79.1,1.37,10524120,380900720794.843
Reino Unido,2006,5,79.5,1.81,61051094,2965354989587.54
Republica Centroafricana,2006,108.1,48.1,5.84,4377579,5460760537.61571
Republica Checa,2006,4.2,76.7,1.33,10304588,385629002930.859
Republica Democratica del Congo,2006,93.9,55.2,6.55,60615908,55860697913.7162
Republica Dominicana,2006,29.6,74.9,2.51,9341183,120604020345.24
Republica Eslovaca,2006,8.2,74.4,1.25,5376846,136258576196.167
Republica Kirguisa,2006,33,67.4,2.74,5282453,22558040016.4104
Republica del Congo,2006,57.4,60,4.65,3837409,31078669451.8752
Ruanda,2006,63.1,44.6,5.34,9299246,13571202720.8778
Rumania,2006,16.7,72.8,1.42,21035732,463090203904.298
Rusia,2006,13.3,67.1,1.32,144102948,4271851020003.52
Samoa,2006,16.4,72.2,4.32,187709,1141422460.20142
San Cristobal y Nieves,2006,11.7,72.9,1.9,46569,1106026910.86509
San Marino,2006,3.6,82.7,1.24,28942,2468046716.48622
San Vicente y las Granadinas,2006,19.2,73.3,2.03,112014,1483504357.42782
Santa Lucia,2006,14.8,75,1.77,166639,3324054187.05877
Santa Sede,2006,,,1,,
Santo Tome y Principe,2006,45.6,65,4.93,165638,758431501.63946
Senegal,2006,54,64.5,5.06,11500094,37614247553.0756
Serbia,2006,7.3,73,1.32,7511394,116963789374.544
Seychelles,2006,12.2,72.5,2.1,90373,1934408056.55433
Sierra Leona,2006,124.5,51.6,5.74,5624466,12933195329.5873
Singapur,2006,2.3,81.1,1.07,4407058,374623325660.663
Siria,2006,15.4,73.2,3.56,19637022,174856302237.602
Somalia,2006,104.9,56.5,7.49,10975502,9390243076.06776
Sri Lanka,2006,11.4,74,2.29,20352411,163577566324.64
Suazilandia,2006,76.8,41.8,3.63,1084436,8263525858.94912
Sudafrica,2006,50,54.4,2.55,49998277,672622042645.65
Sudan,2006,58.5,63.5,5.33,31992435,136757365099.266
Sudan del Sur,2006,82.4,54.4,5.85,7976526,5468840470.53258
Suecia,2006,2.8,80.8,1.85,9080623,502564337586.854
Suiza,2006,4.2,81.7,1.43,7478509,537808108588.655
Surinam,2006,25,71.7,2.73,524997,10446684535.3187
Tailandia,2006,14.6,73.2,1.63,66567687,1006372439539.58
Tanzania,2006,55.2,59.2,5.51,40294902,93651889289.9515
Tayikistan,2006,51.4,70.1,3.34,7057566,14976319705.0148
Timor Oriental,2006,63.9,67,5.47,976597,3212213721.21805
Togo,2006,65.7,58,5.08,6010668,11509730780.3784
Tonga,2006,14.4,71.7,4.14,106253,607323248.77889
Trinidad y Tobago,2006,23.3,71.7,1.62,1358698,45825515925.4851
Tunez,2006,18.5,72.9,1.95,10346410,114528497880.381
Turkmenistan,2006,56.2,67.4,2.72,5147105,34694461903.1532
Turquia,2006,21.7,74.7,2.19,70045349,1316703351998.47
Tuvalu,2006,29.3,62.6,3.53,10056,35716770.072
Ucrania,2006,12,67.9,1.3,47278694,785404359641.37
Uganda,2006,63.4,55.9,6.43,28794003,54848453277.5905
Uruguay,2006,12,75.8,2.07,3289506,63968372399.38
Uzbekistan,2006,44.6,68.9,2.46,26699043,121366072046.774
Vanuatu,2006,23.5,69,4.1,215923,711117396.6166
Venezuela,2006,15.4,74.4,2.6,27224686,423188807739.653
Vietnam,2006,22,73.7,1.87,82167897,496062086962.673
Yemen,2006,51.9,67.7,5.41,23543083,78218840200.4966
Yibuti,2006,69.4,63.7,3.9,855764,2713279621.89648
Zambia,2006,64.9,49.8,5.68,12129553,32546500821.3558
Zimbabue,2006,60.3,49.2,3.64,12636445,31373460223.1244
Afganistan,2007,80.4,64.3,6.51,25909852,55255475001.5881
Albania,2007,16.7,77.4,1.63,3022887,31053045509.7769
Alemania,2007,3.7,79.9,1.38,81298542,4460102550528.61
Andorra,2007,2.8,82.5,1.19,81877,5337783025.408
Angola,2007,117.1,58.3,6.37,20778561,190984295801.856
Antigua y Barbuda,2007,9.2,76.7,1.86,81704,2723754792.28216
Arabia Saudita,2007,16,71.9,3.19,22368313,1187463634653.37
Argelia,2007,26.4,74.1,2.7,34189416,483352223887.614
Argentina,2007,14.1,75.1,2.37,40016763,1069117551153.86
Armenia,2007,18.8,73.3,1.52,2974819,32664886034.4359
Australia,2007,4.5,81.4,1.99,20954549,1086564086205.15
Austria,2007,3.8,80,1.38,8296952,499809694420.245
Azerbaiyan,2007,39.3,70.6,1.97,8828311,146577493423.004
Bahamas,2007,12.2,72.4,2.04,353334,12759586875.1135
Banglades,2007,45.9,67,2.67,147989278,529331604252.858
Barbados,2007,14.5,76.3,1.76,271288,5623467936.61592
Barein,2007,8.5,73.6,2.28,1057405,55016763856.8935
Belgica,2007,3.9,79.6,1.81,10625493,602787895160.617
Belice,2007,17.6,73,2.89,296100,3804027583.23
Benin,2007,75.2,61.7,5.63,8953969,24363164596.6655
Bielorrusia,2007,6.2,70.1,1.39,9563133,191376583403.908
Bolivia,2007,42.2,68.5,3.45,9685960,67194165640.6504
Bosnia y Herzegovina,2007,7.1,75.6,1.19,4013424,44948576231.1562
Botsuana,2007,45.5,63.7,3.13,1911201,30263475484.5467
Brasil,2007,17.1,74.5,1.85,188552320,3101935893669.4
Brunei,2007,7.3,75.9,1.93,370873,36119981787.1241
Bulgaria,2007,12.3,73,1.48,7586888,154326703591.61
Burkina Faso,2007,79.2,59.8,6.11,14816307,25671036205.352
Burundi,2007,72.7,56.7,6.59,8161874,7758972802.62006
Butan,2007,40.4,67.6,2.59,678641,5540886837.40435
Cabo Verde,2007,23.6,73.8,2.41,496190,3372277686.2269
Camboya,2007,46.5,68.2,3.13,13841770,45747369456.4693
Camerun,2007,73.1,54.4,5.34,18049896,76570821173.7792
Canada,2007,5.1,80.8,1.66,33092171,1781978629140.12
Catar,2007,8.4,75.5,2.44,1208595,133444281391.077
Chad,2007,98.1,52.8,7.09,11081660,28513486515.8242
Chile,2007,7.6,78.5,1.83,16671581,382674405947.84
China,2007,17.2,74.3,1.67,1325813582,10750408657105.3
Chipre,2007,3.5,78.7,1.45,1072714,46700829817.7513
Cisjordania y Gaza,2007,21.3,73.5,4.63,3736691,17955768880.041
Colombia,2007,17.3,77,2.2,43235374,577333368348.981
Comoras,2007,67.9,72.7,4.86,616927,1479574241.18097
Corea del Norte,2007,25.8,72.2,1.94,24646383,42062083848.1452
Corea del Sur,2007,4.1,79.6,1.22,48178118,1673182869100.93
Costa Rica,2007,8.9,79.7,1.95,4380248,77266309441.5627
Costa de Marfil,2007,84.1,58.1,5.4,21030558,83291201088.4068
Croacia,2007,5.3,75.9,1.49,4315954,130935445067.529
Cuba,2007,4.8,78.6,1.44,11287272,126510053613.233
Dinamarca,2007,3.7,78.4,1.84,5461607,343644021882.508
Dominica,2007,14.9,75.4,2.02,68847,1117086918.66423
Ecuador,2007,23.1,74.1,2.7,14328773,157286457051.76
Egipto,2007,27.1,68.4,3.24,84276225,994406617177.974
El Salvador,2007,19.2,72.8,2.35,6009824,51617656255.6464
Emiratos Arabes Unidos,2007,8,75.1,1.79,5624635,476400487508.153
Eritrea,2007,43.7,59.5,4.81,2743222,3768897234.02792
Eslovenia,2007,3.2,78.3,1.39,2014158,80323396190.237
Espana,2007,4.4,81,1.38,45516507,2058810575875.34
Estados Unidos,2007,6.6,78.1,2.1,301844226,18587133714093.2
Estonia,2007,4.8,73.7,1.69,1340705,48665349291.5509
Etiopia,2007,61,58,5.89,83103217,92646802074.7304
Filipinas,2007,26.4,70.9,3.4,91075184,535728145899.063
Finlandia,2007,2.9,79.5,1.83,5288710,302200074472.71
Fiyi,2007,20.3,67.3,2.87,897832,9016006534.11328
Francia,2007,3.6,81.1,1.95,62432439,3128902467668.58
Gabon,2007,47.4,63.6,4.14,1556237,30614286809.6248
Gambia,2007,54.5,64.2,5.69,1765774,4492380537.53308
Georgia,2007,18.6,71.9,1.7,3967590,42012519884.0325
Ghana,2007,54.4,61.3,4.29,23642279,92195394542.8676
Granada,2007,12.1,74.8,2.15,110522,1596440591.57226
Grecia,2007,4.4,79.5,1.42,11045737,460043400714.315
Guatemala,2007,31.2,70.3,3.72,13652040,132782795683.95
Guinea,2007,79,57.4,5.66,9662281,24533952490.6667
Guinea Ecuatorial,2007,86.3,59,5.43,1036044,37520674836.498
Guinea-Bisau,2007,83.3,56,5.37,1450986,2936276515.71906
Guyana,2007,33.9,67.3,2.68,756861,6996653987.15388
Haiti,2007,62.7,59.2,3.69,9373296,29946860837.7989
Honduras,2007,23.2,73.8,3.35,7834798,42857730095.5904
Hungria,2007,6.5,73.6,1.32,10034082,290237898102.247
India,2007,51.9,66.3,2.78,1190676021,5251985973729.04
Indonesia,2007,30.9,69.8,2.48,237062337,1865826155576.79
Irak,2007,31.8,65.6,4.4,28391607,307251551421.251
Iran,2007,19.4,75.5,1.75,74602648,1082004060505.69
Irlanda,2007,3.9,79.6,2.01,4393513,293532458910.54
Islandia,2007,2.2,81.1,2.09,311651,18855357489.2065
Islas Marshall,2007,32.2,62.9,4.09,52035,219707909.1756
Islas Salomon,2007,27.6,64,4.37,500156,1194130482.50536
Israel,2007,4.1,81,2.85,6962455,253031378185.492
Italia,2007,3.6,81.2,1.39,59108720,3106598577633.67
Jamaica,2007,16.5,77.4,2.02,2713800,28312390491.156
Japon,2007,2.6,82.7,1.31,128087682,5432694061110.64
Jordania,2007,19.3,73.6,3.8,6827227,70461916472.1361
Kazajistan,2007,24.8,66.2,2.49,16257214,395835116718.134
Kenia,2007,49.5,62.4,4.72,38036349,154851678047.352
Kiribati,2007,49.5,68.4,3.87,102068,234469484.81064
Kuwait,2007,9.8,76.7,2.41,2507887,201077845525.698
Laos,2007,65.5,62.4,3.44,6056236,25007269731.586
Lesoto,2007,84.3,49.3,3.44,1953268,4852183473.64408
Letonia,2007,9.6,71.4,1.54,2200776,64627480208.9458
Libano,2007,10.4,80.5,2.2,4844118,67758258705.1726
Liberia,2007,76.9,57.2,5.46,3669050,5145180288.094
Libia,2007,17.3,73.6,2.65,6104380,138080435006.363
Liechtenstein,2007,2.1,81.6,1.42,35226,
Lituania,2007,7.2,71.1,1.36,3231374,94550185651.0623
Luxemburgo,2007,2.4,80.1,1.61,480270,64978616307.591
Macedonia del Norte,2007,11,74.2,1.53,2081972,31320435321.846
Madagascar,2007,47.9,60.3,5.08,20318583,35282448898.8326
Malasia,2007,6.9,74.7,2.25,26998389,602975499815.057
Malaui,2007,64.5,53.6,5.72,13576343,17894089272.4141
Maldivas,2007,15.3,73.8,2.29,324479,5638097293.22871
Mali,2007,90.1,59.5,6.65,14457775,34380714443.487
Malta,2007,5.9,80,1.36,417197,14501161078.0143
Marruecos,2007,31.9,70,2.62,31186468,208501481390.692
Mauricio,2007,14.1,73.3,1.67,1269518,21402944992.7546
Mauritania,2007,73.1,65.3,5.43,3093059,18214719011.4237
Mexico,2007,15.8,75.6,2.42,108774360,2288187568203.89
"Micronesia, Estados Federados de",2007,35.7,65,3.44,109880,412191556.2064
Moldavia,2007,15.5,69.6,1.58,3851396,33490606689.3526
Monaco,2007,3.5,77.8,2.21,31837,10689203756.0373
Mongolia,2007,30.6,66.7,2.32,2607965,22765597670.8724
Montenegro,2007,8.2,74.5,1.8,633379,11876681720.1831
Mozambique,2007,81.5,57.6,5.47,21287635,23343790847.4184
Myanmar,2007,50.2,62,2.45,48125043,145732878913.157
Namibia,2007,42.7,60.1,3.61,2018600,20501916875.056
Nauru,2007,32,56.7,3.5,10020,61359383.0184
Nepal,2007,42,69.3,2.86,26788492,72403192796.947
Nicaragua,2007,24.4,75,2.7,5497243,31139206361.694
Niger,2007,75.2,53.8,7.73,14803610,18384832418.8828
Nigeria,2007,90.3,57.7,6.03,153267261,719559975314.718
Noruega,2007,3,80.4,1.9,4709010,412333261164.427
Nueva Zelanda,2007,5.3,80.2,2.17,4223266,178856841346.1
Oman,2007,10.4,73.7,2.76,2570174,112826189885.823
Paises Bajos,2007,4.2,80.1,1.71,16531357,1032093546835.54
Pakistan,2007,77.4,65.9,4.55,184493231,794565045542.436
Palaos,2007,18.2,67.9,1.97,19302,350869573.71588
Panama,2007,18.5,78.1,2.61,3437490,69126812662.6077
Papua Nueva Guinea,2007,53.8,64,4.08,6963345,23424162042.7444
Paraguay,2007,22.4,74.1,2.82,5559386,61235092726.1324
Peru,2007,19,78.8,2.58,28530699,294169388305.598
Polonia,2007,6,75.5,1.31,38020421,930309456362.832
Portugal,2007,3.3,79.3,1.35,10546825,391109969582.431
Reino Unido,2007,4.9,79.6,1.86,61535855,3043553634866.98
Republica Centroafricana,2007,106.9,49.1,5.87,4462770,5715530054.1612
Republica Checa,2007,3.9,77,1.44,10337543,406933029950.155
Republica Democratica del Congo,2007,91.5,55.7,6.56,62477752,59692610024.4587
Republica Dominicana,2007,29.1,75,2.51,9455658,129822170034.953
Republica Eslovaca,2007,7.8,74.6,1.27,5376999,150930355449.053
Republica Kirguisa,2007,31.7,67.7,2.78,5313368,24342160819.8494
Republica del Congo,2007,53.1,60.4,4.65,3980430,29194593517.4094
Ruanda,2007,56.8,46.4,5.14,9549933,14560175564.8605
Rumania,2007,15.3,73.2,1.45,20870716,502636398993.578
Rusia,2007,12.4,67.9,1.43,143859764,4654263881053.16
Samoa,2007,16.2,72.4,4.36,188753,1146696857.33074
San Cristobal y Nieves,2007,11.2,73.3,1.87,46706,1106264512.50876
San Marino,2007,3.4,83.1,1.26,29316,2580519032.31612
San Vicente y las Granadinas,2007,19.2,73.5,2.06,111531,1532276605.69809
Santa Lucia,2007,14.6,75.3,1.7,167758,3407924309.74572
Santa Sede,2007,,,1,,
Santo Tome y Principe,2007,43.9,65.2,4.96,169700,788918462.366
Senegal,2007,51.9,65.3,5.02,11770344,38785689926.8308
Serbia,2007,7.1,73.3,1.32,7482989,126495068469.495
Seychelles,2007,12.2,72.6,2.23,91468,2122194842.24592
Sierra Leona,2007,120.5,52.1,5.64,5749352,13508673549.6406
Singapur,2007,2.3,81.4,1.07,4596515,410879325812.305
Siria,2007,14.8,73.6,3.54,20884125,184591385742.799
Somalia,2007,103.9,57.1,7.46,11322582,10010611891.7218
Sri Lanka,2007,10.7,74.2,2.3,20492545,174292939011.666
Suazilandia,2007,74.7,43.5,3.58,1090705,8621894092.76195
Sudafrica,2007,48.6,54.9,2.55,50528584,709282813437.254
Sudan,2007,57.1,64.2,5.27,32764135,144541800251.034
Sudan del Sur,2007,78.9,54.9,5.7,8388788,5711194582.43792
Suecia,2007,2.7,81,1.88,9148274,519071259792.919
Suiza,2007,4.1,81.9,1.45,7545381,559656368576.585
Surinam,2007,24.3,71.9,2.74,531016,11010071316.2953
Tailandia,2007,14,73.7,1.62,67102394,1059729969993.88
Tanzania,2007,51.5,60.6,5.4,41435512,100277135375.396
Tayikistan,2007,49.2,70.6,3.37,7194477,16025597586.2145
Timor Oriental,2007,60.7,67.5,5.33,1004889,3467449594.20219
Togo,2007,64.1,58.4,5.1,6188344,11433794778.096
Tonga,2007,14.5,71.7,4.09,106726,590639478.42598
Trinidad y Tobago,2007,22.8,72.1,1.62,1365377,47907541702.4212
Tunez,2007,17.5,73.1,1.96,10441702,121961826780.63
Turkmenistan,2007,54.7,67.7,2.73,5244046,38179136729.6504
Turquia,2007,20.2,75,2.18,70750586,1392541069986.71
Tuvalu,2007,28.5,62.7,3.45,10182,38207467.07856
Ucrania,2007,11.6,68,1.34,47062798,854267432139.792
Uganda,2007,59.2,56.4,6.33,29653430,59400275717.8575
Uruguay,2007,11.5,75.8,2.05,3295153,68233891351.3764
Uzbekistan,2007,43.3,69.2,2.57,27076008,131824278917.239
Vanuatu,2007,23.6,69,4.12,221276,731033909.10308
Venezuela,2007,15,74.4,2.52,27649363,469828348478.036
Vietnam,2007,21.4,73.8,1.91,83633375,532806692349.269
Yemen,2007,49.4,68,5.26,24318082,82197750565.0998
Yibuti,2007,67.5,64.4,3.76,874528,2945929633.70752
Zambia,2007,61.3,51.8,5.61,12565085,35290476155.207
Zimbabue,2007,59.9,51.4,3.68,12804058,30374255656.3257
Afganistan,2008,78.6,64.7,6.39,26482622,57676930148.1453
Albania,2008,16,77.6,1.62,2992930,33116389060.9301
Alemania,2008,3.6,80.1,1.39,81110777,4502735235021.98
Andorra,2008,2.7,82.6,1.25,83495,5054051967.8845
Angola,2008,114.7,59,6.32,21578655,213405457198.183
Antigua y Barbuda,2008,8.8,77,2.04,82912,2720747221.94528
Arabia Saudita,2008,15.5,71.7,3.07,23287877,1265822400915.15
Argelia,2008,25.3,74.2,2.79,34816961,495708039251.996
Argentina,2008,13.7,75.6,2.43,40424148,1114504503885.81
Armenia,2008,17.9,73.5,1.54,2959990,34850353675.5209
Australia,2008,4.4,81.4,2.02,21370589,1122787674799.53
Austria,2008,3.8,80.2,1.41,8323253,508015637554.078
Azerbaiyan,2008,37.3,70.9,1.9,8942638,160844421496.838
Bahamas,2008,11.9,72.4,2,358120,12424980308.1348
Banglades,2008,43.6,67.7,2.58,149474264,562964129784.344
Barbados,2008,14.2,76.5,1.76,272714,5672802521.08336
Barein,2008,8.1,74.1,2.15,1120714,58705307139.0974
Belgica,2008,3.8,79.7,1.85,10709708,606542003674.052
Belice,2008,17.2,73.4,2.78,304361,3756609557.44623
Benin,2008,73.7,62.1,5.55,9228466,25574644430.4094
Bielorrusia,2008,5.6,70.4,1.45,9529358,210830665654.232
Bolivia,2008,40.2,68.8,3.36,9850858,71431332159.4631
Bosnia y Herzegovina,2008,7,75.8,1.21,3947544,47324540849.3194
Botsuana,2008,45.3,64.4,3.13,1949970,31305534252.9864
Brasil,2008,16.2,74.7,1.82,190367302,3260329848604.85
Brunei,2008,7.4,76.1,1.92,377793,34661544177.6197
Bulgaria,2008,11.8,73.5,1.55,7535592,164078192840.934
Burkina Faso,2008,75.8,61.1,6.05,15258093,27138954202.4665
Burundi,2008,69.3,57.4,6.52,8505637,8139250136.88451
Butan,2008,38.2,68.2,2.48,686351,5799610218.2988
Cabo Verde,2008,23.6,74.5,2.3,501355,3605467945.77985
Camboya,2008,43.3,69,3.05,14053479,49136989277.9344
Camerun,2008,70.8,54.9,5.29,18574056,79160650763.9227
Canada,2008,5,80.9,1.68,33449085,1798703447195.65
Catar,2008,8.1,76.1,2.37,1426938,157049233493.803
Chad,2008,96.7,53.3,7.06,11476296,29537077581.0677
Chile,2008,7.6,78.9,1.85,16838988,396627246317.252
China,2008,15.8,74.6,1.7,1333821016,11737417731705.2
Chipre,2008,3.3,78.9,1.48,1091026,48131380290.5092
Cisjordania y Gaza,2008,20.9,73.6,4.51,3829041,19162683385.1623
Colombia,2008,16.9,77.3,2.16,43758808,595812749782.783
Comoras,2008,66.4,73.6,4.81,629307,1544537980.37259
Corea del Norte,2008,25.8,72.5,1.97,24764618,43222926769.2385
Corea del Sur,2008,3.9,80.1,1.19,48356493,1713050319431.75
Costa Rica,2008,8.9,79.8,1.98,4440056,81079044402.4803
Costa de Marfil,2008,81.3,58.9,5.36,21514439,87558972452.4132
Croacia,2008,5,76.1,1.56,4314631,133806314957.726
Cuba,2008,4.7,78.5,1.58,11291762,135650362150.642
Dinamarca,2008,3.6,78.8,1.88,5493764,342549291488.211
Dominica,2008,15.5,75.6,1.97,68854,1205670502.89282
Ecuador,2008,22.5,74.7,2.69,14575202,167520194375.527
Egipto,2008,26.1,68.4,3.24,85864789,1065344394675.91
El Salvador,2008,18.4,73,2.29,6029297,52656658303.441
Emiratos Arabes Unidos,2008,7.8,75.4,1.52,6302664,492200437798.584
Eritrea,2008,42.1,59.6,4.74,2816327,3082790399.5126
Eslovenia,2008,3,78.6,1.53,2025085,83417210008.9174
Espana,2008,4.2,81.3,1.44,46235054,2075748990497.25
Estados Unidos,2008,6.5,78.2,2.05,304970333,18594361955557.7
Estonia,2008,4.4,74.2,1.72,1337074,46170236082.5666
Etiopia,2008,57.1,58.9,5.7,85543668,102415903298.264
Filipinas,2008,25.9,70.8,3.4,92699095,557740357072.835
Finlandia,2008,2.7,79.8,1.84,5313377,304877426019.392
Fiyi,2008,20.3,67.3,2.82,903399,9110594269.27839
Francia,2008,3.5,81.1,1.99,62780190,3141532370275.9
Gabon,2008,45.7,63.8,4.12,1607175,29689287507.8032
Gambia,2008,53.6,64.9,5.63,1817852,4788614896.74608
Georgia,2008,17.2,71.1,1.83,3941195,42835098564.42
Ghana,2008,53.1,61.8,4.22,24249946,100842834689.76
Granada,2008,12,74.8,2.12,110896,1609391774.77936
Grecia,2008,4.3,79.9,1.49,11076872,460989753650.608
Guatemala,2008,30.2,70.7,3.57,13935174,137363238746.55
Guinea,2008,76.3,57.8,5.6,9898870,25716854347.7933
Guinea Ecuatorial,2008,83.7,59.3,5.36,1084530,43952409522.2862
Guinea-Bisau,2008,79.9,56.3,5.27,1488054,3077431814.06046
Guyana,2008,33.8,67.4,2.7,754606,7147285795.54082
Haiti,2008,61.3,59.5,3.62,9530774,30944011701.5625
Honduras,2008,22.3,73.9,3.26,8012587,44660728569.4583
Hungria,2008,6.2,74,1.35,10016657,293686225551.916
India,2008,50,66.6,2.71,1207930964,5405070945510.72
Indonesia,2008,29.7,69.9,2.44,240157903,1973374755954.06
Irak,2008,31.2,67.2,4.37,28971036,333475932686.363
Iran,2008,18.3,75.8,1.74,75514204,1079845888225.25
Irlanda,2008,3.8,79.8,2.07,4485999,280407546047.291
Islandia,2008,2.1,81.3,2.16,317514,19294889938.0576
Islas Marshall,2008,32.1,62.9,3.97,52030,203432603.2519
Islas Salomon,2008,27.3,64.5,4.36,508790,1267996450.4523
Israel,2008,3.9,81.4,2.9,7082620,260913707108.539
Italia,2008,3.5,81.3,1.44,59561684,3078955335459.6
Jamaica,2008,16.2,77.7,1.95,2725635,28109889169.0303
Japon,2008,2.5,82.8,1.33,128155990,5356912235123.72
Jordania,2008,18.8,74.1,3.88,6989866,75144112743.3675
Kazajistan,2008,23,67.1,2.62,16426525,408964175677.785
Kenia,2008,46.2,63,4.66,39206351,155864395959.209
Kiribati,2008,49.3,68.6,3.9,104222,227163474.9641
Kuwait,2008,9.7,77,2.27,2651421,205804562058.448
Laos,2008,63.2,63,3.33,6148969,26930359013.3342
Lesoto,2008,84.5,52.3,3.39,1966541,5108654467.77831
Letonia,2008,9.1,72.1,1.59,2177711,62459239797.9199
Libano,2008,9.7,80.4,2.17,4925354,73887554703.1986
Liberia,2008,72.5,57.5,5.33,3821003,5542761051.30107
Libia,2008,16.1,73.8,2.6,6235430,138291025289.089
Liechtenstein,2008,1.76,81.9,1.44,35444,
Lituania,2008,6.7,71.6,1.44,3198481,97136026156.701
Luxemburgo,2008,2.2,80.4,1.61,488990,65301005851.598
Macedonia del Norte,2008,10.4,74.5,1.57,2070834,33098674718.4222
Madagascar,2008,45.7,60.4,5.04,20923840,37634227507.744
Malasia,2008,6.9,74.8,2.26,27570059,632041347895.575
Malaui,2008,61.7,55.4,5.61,13976417,19257881361.628
Maldivas,2008,13.7,74.2,2.37,336170,6154491108.1117
Mali,2008,87.5,60,6.62,14940782,36725973586.155
Malta,2008,5.8,80.3,1.42,418969,15129574445.83
Marruecos,2008,30.7,70.3,2.61,31606767,219611854084.713
Mauricio,2008,13.9,73.5,1.6,1274635,22482192414.3744
Mauritania,2008,72.1,65.7,5.44,3183269,18291237289.4913
Mexico,2008,15.4,75.5,2.39,110374288,2313087828022.03
"Micronesia, Estados Federados de",2008,34.7,65.2,3.37,108936,401426303.69808
Moldavia,2008,15.2,70,1.64,3779504,35703233524.0477
Monaco,2008,3.4,78,2.38,31836,10725137565.9708
Mongolia,2008,28.6,67,2.53,2634424,24706305924.8855
Montenegro,2008,7.4,74.7,1.9,632845,12749256253.8505
Mozambique,2008,78,58.6,5.6,21819036,24935717286.0228
Myanmar,2008,53.4,56.2,2.4,48390793,159246881308.408
Namibia,2008,41.3,61.3,3.62,2047056,21050418253.3709
Nauru,2008,32.2,57,3.67,10009,74222748.00684
Nepal,2008,40,69.8,2.74,26990037,76870328698.1059
Nicaragua,2008,23.5,75,2.66,5576593,32283857891.2717
Niger,2008,71.9,54.4,7.7,15361915,19873405576.8213
Nigeria,2008,87.3,58.4,6.02,157595014,767949626014.134
Noruega,2008,2.9,80.6,1.95,4768101,413849766609.092
Nueva Zelanda,2008,5.3,80.4,2.19,4261824,177178780202.982
Oman,2008,10.2,73.9,2.76,2626529,122918818702.069
Paises Bajos,2008,4,80.3,1.76,16597258,1055032751812.4
Pakistan,2008,76.1,66.1,4.52,189499113,808822259236.559
Palaos,2008,17.6,68.1,1.95,19009,331449114.40783
Panama,2008,18,78.2,2.61,3500648,76281068275.6574
Papua Nueva Guinea,2008,52.7,64.3,4.02,7183002,23317421514.059
Paraguay,2008,21.7,74.1,2.79,5613574,65457775261.0901
Peru,2008,18,79,2.53,28719041,320755009446.787
Polonia,2008,5.8,75.7,1.39,37995902,970764704459.423
Portugal,2008,3.3,79.6,1.38,10564081,392969547570.658
Reino Unido,2008,4.7,79.7,1.91,62027306,3036094801404.01
Republica Centroafricana,2008,105.5,50.3,5.9,4558984,5839851024.63816
Republica Checa,2008,3.8,77.2,1.51,10378292,416837979761.734
Republica Democratica del Congo,2008,89.2,56.1,6.58,64390664,63717067468.7362
Republica Dominicana,2008,28.7,75.1,2.55,9573130,134208763107.007
Republica Eslovaca,2008,7.6,74.9,1.34,5379120,158943228324.948
Republica Kirguisa,2008,30.1,68.2,2.84,5342520,26225435368.524
Republica del Congo,2008,49,61.1,4.73,4113517,31110992746.6362
Ruanda,2008,51.5,48.1,4.92,9804269,16144626426.7223
Rumania,2008,14,73.4,1.58,20718742,556753618784.473
Rusia,2008,11.6,68.3,1.52,143811840,4914027677955.07
Samoa,2008,16.1,72.5,4.42,190107,1182604150.81584
San Cristobal y Nieves,2008,10.8,73.4,1.83,46835,1223513366.53315
San Marino,2008,3.3,83.5,1.52,29701,2553879874.16919
San Vicente y las Granadinas,2008,19,73.6,2.15,111028,1538611183.99752
Santa Lucia,2008,14.5,75.7,1.7,168808,3604085890.11896
Santa Sede,2008,,,1,,
Santo Tome y Principe,2008,42.4,65.5,4.91,173793,841597677.2556
Senegal,2008,50,65.9,5.02,12048959,40298032189.0472
Serbia,2008,7,73.5,1.33,7454279,133491438691.753
Seychelles,2008,12.2,72.8,2.32,92547,2042510969.35431
Sierra Leona,2008,116.2,52.8,5.56,5894722,14074721496.5096
Singapur,2008,2.2,81.9,1.04,4806741,417072249006.561
Siria,2008,14.2,73.9,3.48,21636564,192591241540.94
Somalia,2008,102.2,58.1,7.42,11663084,10681776254.8239
Sri Lanka,2008,10.2,73.5,2.23,20629378,184263365013.412
Suazilandia,2008,73.2,44.5,3.57,1098091,8692981903.98086
Sudafrica,2008,46.6,55.8,2.68,51114599,732211822324.672
Sudan,2008,55.8,64.8,5.21,33623980,149693693666.798
Sudan del Sur,2008,75.7,55.4,5.57,8817647,5961104298.35044
Suecia,2008,2.6,81.2,1.91,9219900,514477671543.549
Suiza,2008,4,82.1,1.48,7641728,575735172944.443
Surinam,2008,23.5,72,2.73,537245,11497239051.4454
Tailandia,2008,13.4,74.3,1.59,67619830,1076763483188.13
Tanzania,2008,48.3,61.4,5.32,42570728,106108874132.323
Tayikistan,2008,47.4,71.1,3.39,7338403,17173174392.6161
Timor Oriental,2008,57.8,68.1,5.17,1032429,3788885293.78068
Togo,2008,62.5,58.6,5.1,6368812,11926211875.952
Tonga,2008,14.6,71.7,4.01,107020,617942768.2658
Trinidad y Tobago,2008,22.2,72.4,1.62,1372084,49440018928.9829
Tunez,2008,16.6,73.4,1.98,10542635,126903299553.815
Turkmenistan,2008,53.2,68.3,2.75,5345029,43369431787.1756
Turquia,2008,18.9,75.8,2.17,71562338,1400713241501.83
Tuvalu,2008,27.7,62.8,3.42,10321,40721364.30872
Ucrania,2008,11.1,68.4,1.44,46819175,877406593655.407
Uganda,2008,55.4,57.4,6.2,30539553,64553437636.2539
Uruguay,2008,11.2,76.2,2.03,3302177,73233109077.0952
Uzbekistan,2008,42,69.6,2.64,27494774,142652834021.442
Vanuatu,2008,23.7,69,4.16,226896,770601754.68144
Venezuela,2008,14.7,74.3,2.48,28053696,501219285013.181
Vietnam,2008,20.8,73.9,1.93,85175788,564422424586.112
Yemen,2008,47,68.3,5.11,25111941,86051884775.4685
Yibuti,2008,65.7,64.6,3.62,892734,3199124644.43856
Zambia,2008,58.7,53.6,5.53,13021324,38019699316.6131
Zimbabue,2008,58.9,52.2,3.78,12959149,25115770300.3025
Afganistan,2009,76.8,65.2,6.3,27466101,70240179880.2378
Albania,2009,15.4,77.9,1.64,2961479,33866274770.7677
Alemania,2009,3.6,80.2,1.37,80935283,4256555420625.04
Andorra,2009,2.6,82.7,1.21,83888,4796943533.84288
Angola,2009,112.2,59.5,6.26,22414773,215781133327.462
Antigua y Barbuda,2009,8.2,77.4,2.01,84173,2393051792.86679
Arabia Saudita,2009,15.1,71.6,2.95,24217654,1253941239816.69
Argelia,2009,24.3,74.4,2.83,35490445,501430608219.349
Argentina,2009,13.4,75.8,2.4,40854831,1050295575768.89
Armenia,2009,17,73.8,1.57,2945517,29920028105.5954
Australia,2009,4.2,81.7,1.97,21783011,1140418409061.34
Austria,2009,3.7,80.2,1.39,8345066,490597622506.992
Azerbaiyan,2009,35.5,71.2,1.82,9046336,174236032434.972
Bahamas,2009,11.7,72.3,2.01,362810,11871627834.3418
Banglades,2009,41.3,68,2.48,150873714,593179891746.505
Barbados,2009,13.9,76.8,1.77,274123,5403922680.45538
Barein,2009,7.6,74.5,2.05,1183605,59815323110.3436
Belgica,2009,3.7,79.8,1.84,10812935,596814111043.334
Belice,2009,16.7,73.6,2.66,312614,3751101912.34162
Benin,2009,72.3,62.3,5.49,9509423,26194270513.2262
Bielorrusia,2009,5.1,70.5,1.48,9507337,211309408930.171
Bolivia,2009,38.4,69.1,3.29,10016275,73936743828.3808
Bosnia y Herzegovina,2009,6.7,76,1.27,3879794,45881905095.8052
Botsuana,2009,42.3,65.1,3.13,1990673,26903704843.0074
Brasil,2009,15.4,74.8,1.8,192079951,3255512278589.56
Brunei,2009,7.5,76.4,1.92,384952,33919391350.314
Bulgaria,2009,11.5,73.8,1.64,7488011,158835916668.014
Burkina Faso,2009,72.5,62.1,5.99,15710066,27939448266.7017
Burundi,2009,66.4,58.2,6.41,8947646,8452495439.15856
Butan,2009,36.1,68.8,2.36,693988,6250982374.22048
Cabo Verde,2009,23.6,74.7,2.25,506141,3546499851.36486
Camboya,2009,40,69.6,2.97,14276810,51147153952.8737
Camerun,2009,68.8,55.3,5.24,19113974,81579249553.1002
Canada,2009,5,81.2,1.68,33826370,1744911369520.44
Catar,2009,7.9,76.6,2.25,1586050,172847992125.695
Chad,2009,95.1,54,7.02,11893754,29324367931.2943
Chile,2009,7.5,78.9,1.86,17009731,391755388866.206
China,2009,14.6,75.4,1.71,1342522716,12815871054910.7
Chipre,2009,3.1,79.1,1.48,1109371,46787884325.8207
Cisjordania y Gaza,2009,20.5,73.8,4.44,3921246,20701432949.0636
Colombia,2009,16.4,77.7,2.1,44271541,602094347283.672
Comoras,2009,64.6,73.2,4.78,641947,1650576386.05344
Corea del Norte,2009,25.4,72.6,1.91,24878332,42593230172.1016
Corea del Sur,2009,3.7,80.5,1.18,48546687,1721114943061.7
Costa Rica,2009,8.9,79.9,1.95,4499791,80528252041.3574
Costa de Marfil,2009,79,59.4,5.33,21997940,91035618037.5116
Croacia,2009,4.8,76.4,1.59,4310530,124926936889.279
Cuba,2009,4.7,78.5,1.68,11294719,142018148580.604
Dinamarca,2009,3.5,79,1.84,5523173,325792745459.493
Dominica,2009,16.3,75.7,1.92,68864,1200010884.80768
Ecuador,2009,21.9,75.2,2.68,14825954,169216850895.081
Egipto,2009,25.1,68.5,3.26,87501636,1114743753883.53
El Salvador,2009,17.7,72.9,2.26,6048279,51464656013.6808
Emiratos Arabes Unidos,2009,7.6,75.9,1.58,6707058,466020639185.933
Eritrea,2009,40.7,59.8,4.66,2887885,3455322058.188
Eslovenia,2009,2.8,79,1.54,2035608,76871891724.2294
Espana,2009,4.1,81.6,1.38,46635180,1998046486022.15
Estados Unidos,2009,6.4,78.5,1.99,308023454,18110710854460.4
Estonia,2009,4,74.9,1.7,1334528,39439512742.423
Etiopia,2009,53.6,59.8,5.49,88007636,111264132574.54
Filipinas,2009,25.4,70.7,3.38,94384250,564465853751.723
Finlandia,2009,2.6,79.9,1.86,5338856,280531928880.279
Fiyi,2009,20.3,67.2,2.76,907239,8986909796.26176
Francia,2009,3.5,81.3,1.99,63106463,3053801508614.97
Gabon,2009,44.2,64.2,4.14,1661556,29766850144.4777
Gambia,2009,52.6,65.1,5.57,1871422,5123433835.6817
Georgia,2009,16,71.6,1.99,3918941,41368759425.3835
Ghana,2009,51.7,62.2,4.18,24862664,105938675826.135
Granada,2009,12,75,2.08,111254,1500876393.64234
Grecia,2009,4.2,80,1.51,11108069,442614140708.768
Guatemala,2009,29.3,70.9,3.47,14215611,138239002795.789
Guinea,2009,73.7,58.1,5.53,10143534,25585229955.4408
Guinea Ecuatorial,2009,81.2,59.3,5.29,1135673,44264823818.7186
Guinea-Bisau,2009,76.6,57.1,5.18,1526377,3162735125.70867
Guyana,2009,33.7,67.6,2.69,752094,7434196478.89506
Haiti,2009,60,60,3.57,9689581,32978228186.8753
Honduras,2009,21.4,74.1,3.17,8189899,43552740309.1905
Hungria,2009,5.9,74.3,1.32,10001378,274283626976.187
India,2009,48.2,67.1,2.67,1225524753,5813903325682.7
Indonesia,2009,28.5,70,2.44,243220028,2058372101462.72
Irak,2009,30.6,68.1,4.38,30058206,345158526482.627
Iran,2009,17.3,76.1,1.74,76457825,1085400936227
Irlanda,2009,3.6,80.1,2.06,4533752,266072364104.252
Islandia,2009,1.9,81.5,2.23,318612,17846427446.0321
Islas Marshall,2009,31.9,63,3.83,52019,210547923.11278
Islas Salomon,2009,27,64.1,4.35,518141,1302173163.04452
Israel,2009,3.8,81.8,2.94,7206096,262377364924.322
Italia,2009,3.5,81.5,1.44,59904010,2918862922297.96
Jamaica,2009,15.9,77.5,1.88,2736995,26913858384.8478
Japon,2009,2.4,83.1,1.33,128192470,5044897259467.9
Jordania,2009,18.3,74.5,3.84,7141753,78514321308.3957
Kazajistan,2009,21.1,68.1,2.58,16619846,413889708759.134
Kenia,2009,44.3,63.8,4.57,40408891,161613753301.083
Kiribati,2009,48.9,68.8,3.91,106467,228009664.38447
Kuwait,2009,9.5,77.5,2.16,2795484,190674830516.37
Laos,2009,61,63.5,3.23,6241642,28911082640.9693
Lesoto,2009,78.8,53,3.31,1980883,5038348653.54992
Letonia,2009,8.6,72.8,1.47,2142043,52491813380.3313
Libano,2009,9.2,80.4,2.19,4992287,81361337343.2529
Liberia,2009,68.6,57.7,5.17,3943028,5862741337.11616
Libia,2009,15.1,73.9,2.56,6366686,131618012881.188
Liechtenstein,2009,,81.9,1.68,35717,
Lituania,2009,6.1,72.3,1.5,3163254,82828874443.3295
Luxemburgo,2009,2,80.7,1.59,498187,63713852769.4613
Macedonia del Norte,2009,9.6,74.7,1.64,2060599,33083510912.6618
Madagascar,2009,43.8,60.5,5,21547280,36097252551.8216
Malasia,2009,6.9,74.8,2.22,28124778,622202710676.587
Malaui,2009,59.6,56.7,5.45,14395788,20863403972.8211
Maldivas,2009,12.4,74.4,2.39,348275,5648354963.88875
Mali,2009,85,60.4,6.59,15435539,38558200082.9601
Malta,2009,5.7,80.6,1.41,420795,14897816699.4886
Marruecos,2009,29.6,70.7,2.62,32030778,227041857545.801
Mauricio,2009,13.6,73.8,1.53,1278972,23171700006.4464
Mauritania,2009,71.1,65.7,5.41,3284448,18420368131.9037
Mexico,2009,15,75.7,2.36,111999721,2170112593921.05
"Micronesia, Estados Federados de",2009,33.8,65.3,3.31,107957,404923908.64074
Moldavia,2009,14.9,70.2,1.72,3706210,33151650773.667
Monaco,2009,3.3,78.1,2.4,32364,9997151265.6984
Mongolia,2009,26.8,67,2.63,2665326,24259446868.244
Montenegro,2009,6.8,74.9,1.96,632438,12005348144.5285
Mozambique,2009,74.3,59.4,5.68,22391745,26404869670.833
Myanmar,2009,47.3,63,2.37,48660459,174901943699.12
Namibia,2009,39.2,61.8,3.63,2077394,21116816975.0171
Nauru,2009,32.2,57.2,3.85,10016,70191041.16384
Nepal,2009,38.1,70.1,2.63,27173035,80411161181.4722
Nicaragua,2009,22.7,75,2.63,5656601,31285915043.5163
Niger,2009,68.9,55.1,7.68,15943675,20309891533.4315
Nigeria,2009,84.3,58.9,5.99,162049464,828635876445.421
Noruega,2009,2.7,80.8,1.97,4828623,405041188241.422
Nueva Zelanda,2009,5.2,80.6,2.13,4304304,177081361873.151
Oman,2009,10.1,73.9,2.83,2684659,130053901877.308
Paises Bajos,2009,3.8,80.5,1.78,16684150,1017404154411.94
Pakistan,2009,74.8,66.3,4.47,194376534,833559241571.705
Palaos,2009,17.2,68.1,1.94,18709,307209185.77056
Panama,2009,17.5,78.2,2.59,3564381,77653934812.8311
Papua Nueva Guinea,2009,51.6,64.4,3.94,7406438,24858325698.446
Paraguay,2009,21,73.9,2.76,5671236,65503694370.0949
Peru,2009,17.1,78.8,2.48,28896811,324010424289.329
Polonia,2009,5.3,76,1.4,38002155,995893362254.033
Portugal,2009,3.2,79.8,1.35,10576267,381280959579.278
Reino Unido,2009,4.6,80.1,1.89,62506226,2896720942261.08
Republica Centroafricana,2009,103.6,50.8,5.94,4529047,6338706171.94404
Republica Checa,2009,3.6,77.4,1.51,10420985,397082818001.159
Republica Democratica del Congo,2009,86.9,56.4,6.59,66412044,65802607237.0296
Republica Dominicana,2009,28.3,75.1,2.57,9695265,135639358104.836
Republica Eslovaca,2009,7.3,75.2,1.43,5385073,150145533002.563
Republica Kirguisa,2009,28.4,69,2.96,5398007,26862773800.1509
Republica del Congo,2009,45.3,61.7,4.81,4281219,34780409223.4866
Ruanda,2009,47.3,50.4,4.71,10060432,17122625483.7331
Rumania,2009,13,73.6,1.64,20576927,528561268772.41
Rusia,2009,10.9,69,1.56,143869132,4544077804993.03
Samoa,2009,17,70.6,4.47,191513,1171875100.42379
San Cristobal y Nieves,2009,10.4,73.5,1.8,46916,1176644335.93376
San Marino,2009,3.2,83.9,1.36,30090,2210635631.2818
San Vicente y las Granadinas,2009,18.8,73.8,2.17,110508,1516756883.4786
Santa Lucia,2009,14.3,75.8,1.74,169869,3529150004.37867
Santa Sede,2009,,,1,,
Santo Tome y Principe,2009,41,66.4,4.84,177853,872122464.29906
Senegal,2009,48.3,66.3,5.03,12337389,41493886901.2804
Serbia,2009,6.8,73.8,1.36,7425347,129619834573.387
Seychelles,2009,12.2,72.9,2.37,93628,2004535590.72688
Sierra Leona,2009,111.7,53.4,5.45,6055646,14351970280.222
Singapur,2009,2.2,82.4,1,4968568,420270064071.448
Siria,2009,13.7,74.2,3.42,21976969,203879253553.035
Somalia,2009,100,58.7,7.38,11961201,11408682026.6874
Sri Lanka,2009,9.7,73.4,2.18,20756435,190401911646.428
Suazilandia,2009,65.8,45.5,3.5,1105153,8814266842.78728
Sudafrica,2009,41.1,56.9,2.5,51728516,720889731313.215
Sudan,2009,54.5,65.1,5.17,34569113,145051417041.21
Sudan del Sur,2009,73.1,55.3,5.45,9243556,6205251091.58472
Suecia,2009,2.5,81.4,1.93,9298740,492522826385.027
Suiza,2009,3.9,82.2,1.49,7737645,562709198356.348
Surinam,2009,22.7,72.2,2.71,543568,11875668439.9016
Tailandia,2009,12.9,74.9,1.57,68121080,1068199300446.99
Tanzania,2009,45.6,61.9,5.26,43633982,111762700479.27
Tayikistan,2009,46,71.4,3.43,7490230,17720344713.0281
Timor Oriental,2009,55.3,68.3,4.99,1058782,4085681524.20574
Togo,2009,60.9,59,5.1,6551865,12611402356.5625
Tonga,2009,14.8,69.1,3.95,107203,586062747.35075
Trinidad y Tobago,2009,21.6,72.8,1.62,1379056,47339191525.8528
Tunez,2009,15.7,73.6,2,10650681,130515890796.385
Turkmenistan,2009,51.7,69,2.79,5451592,45546287897.0835
Turquia,2009,17.6,76.9,2.15,72464848,1329519781580.92
Tuvalu,2009,27,62.9,3.43,10461,38129733.97299
Ucrania,2009,10.6,69.6,1.47,46623731,747626831757.175
Uganda,2009,52.3,58.4,6.12,31451151,68893140201.8202
Uruguay,2009,11,76.5,2.02,3310091,76442019335.9992
Uzbekistan,2009,40.8,69.9,2.56,27939328,153034827969.736
Vanuatu,2009,23.8,69.3,4.16,232731,792304954.94673
Venezuela,2009,14.5,74.4,2.42,28438298,485357969624.773
Vietnam,2009,20.3,74,1.92,86460018,596347937876.111
Yemen,2009,44.7,68.6,5,25927724,89173146481.3549
Yibuti,2009,63.9,64.8,3.52,911527,3298388269.30404
Zambia,2009,55.6,54.7,5.45,13490389,41464733475.3306
Zimbabue,2009,57.7,53.9,3.95,13142790,28513021100.6232
Afganistan,2010,75.1,65.6,6.2,28284089,80569661645.1993
Albania,2010,14.8,78.1,1.65,2928722,34642021998.8883
Alemania,2010,3.5,80.3,1.4,80830924,4434823445397.71
Andorra,2010,2.5,82.7,1.28,80706,4703953873.19268
Angola,2010,109.6,60,6.19,23294825,225327096883.036
Antigua y Barbuda,2010,7.7,77.5,1.79,85320,2203526249.1648
Arabia Saudita,2010,14.7,71.6,2.81,25157128,1381416829638.72
Argelia,2010,23.5,74.5,2.88,36188236,524599909007.827
Argentina,2010,13,75.7,2.41,41288694,1158406210884.13
Armenia,2010,16.1,74,1.59,2931078,30596245848.8968
Australia,2010,4.1,82,1.95,22141581,1164421719671.99
Austria,2010,3.6,80.4,1.44,8365092,500260713960.232
Azerbaiyan,2010,33.9,71.5,1.92,9146851,182254574361.575
Bahamas,2010,11.4,72.4,1.84,367478,12020711430.279
Banglades,2010,39.2,68.3,2.38,152201981,627903778123.986
Barbados,2010,13.6,77.1,1.79,275243,5299366017.60541
Barein,2010,7.1,74.9,1.99,1213244,61517352570.5147
Belgica,2010,3.6,80,1.85,10936626,615349429767.209
Belice,2010,16.3,73.8,2.55,320245,3800808004.1688
Benin,2010,71,62.5,5.45,9797484,26782147527.816
Bielorrusia,2010,4.7,70.6,1.48,9490752,227897757702.202
Bolivia,2010,36.8,69.4,3.21,10182345,77097438541.3211
Bosnia y Herzegovina,2010,6.4,76.2,1.26,3811472,46266810543.4158
Botsuana,2010,39.8,65.8,3.14,2033111,29571639770.9289
Brasil,2010,14.8,74.9,1.79,193701929,3498674867809.99
Brunei,2010,7.7,76.5,1.94,392332,34755323892.8591
Bulgaria,2010,11.2,74,1.57,7437599,161514003207.065
Burkina Faso,2010,69.7,63.1,5.94,16176498,30314295574.7471
Burundi,2010,63.8,59,6.26,9376444,8885319177.83048
Butan,2010,34.1,69.4,2.25,701632,7005995176.40192
Cabo Verde,2010,23.3,75,2.33,509784,3605254386.756
Camboya,2010,36.7,70.1,2.86,14500726,53819988471.2323
Camerun,2010,66.2,55.7,5.15,19668066,84308797948.52
Canada,2010,4.9,81.5,1.64,34196899,1797335691977.05
Catar,2010,7.7,77.4,2.14,1709229,220567465876.682
Chad,2010,93.6,54.4,6.99,12312575,33459516507.4473
Chile,2010,7.6,78.8,1.84,17181464,414361406445.104
China,2010,13.5,76,1.69,1351561514,14159380594418.5
Chipre,2010,3,79.3,1.43,1127816,47484992147.757
Cisjordania y Gaza,2010,20.2,74.4,4.43,4016916,21820866353.2451
Colombia,2010,15.9,78,2.01,44777319,628542104641.292
Comoras,2010,63.1,74.8,4.76,654836,1736857892.39144
Corea del Norte,2010,24.8,72.7,1.89,24987258,42147287416.2096
Corea del Sur,2010,3.5,80.7,1.23,48769332,1834262024690.8
Costa Rica,2010,8.9,79.8,1.83,4555962,85018441584.9668
Costa de Marfil,2010,76.9,59.6,5.29,22488065,97567898982.6512
Croacia,2010,4.6,76.6,1.55,4301145,123462333686.655
Cuba,2010,4.9,78.5,1.67,11297409,150446220419.402
Dinamarca,2010,3.3,79.3,1.86,5547863,331187196476.391
Dominica,2010,17.2,75.5,1.89,68859,1206188502.13764
Ecuador,2010,21.3,75.8,2.62,15076695,175880168597.373
Egipto,2010,24.3,68.7,3.3,89196072,1171054143771.8
El Salvador,2010,17.1,73.5,2.24,6068249,52483859791.9677
Emiratos Arabes Unidos,2010,7.3,76.5,1.57,6938363,477358894612.199
Eritrea,2010,39.4,60,4.57,2945186,3847785372.676
Eslovenia,2010,2.7,79.3,1.58,2044612,77829660921.1238
Espana,2010,3.9,82,1.37,46840471,1999878613946.21
Estados Unidos,2010,6.3,78.7,1.92,311062790,18598261592246.6
Estonia,2010,3.6,75.5,1.72,1331448,40448204092.9202
Etiopia,2010,50.8,60.5,5.28,90538514,125050930893.991
Filipinas,2010,24.9,70.8,3.32,96337125,604326569247.27
Finlandia,2010,2.5,80.1,1.86,5363350,289717149928.231
Fiyi,2010,20.3,67.3,2.7,910419,9256548273.69078
Francia,2010,3.5,81.5,2.02,63417363,3115721865929.51
Gabon,2010,42.8,64.7,4.15,1719879,31870348675.0931
Gambia,2010,51.7,65.8,5.56,1926630,5441212702.2717
Georgia,2010,14.9,71.7,1.97,3895925,44002012948.9958
Ghana,2010,50.2,62.6,4.18,25474995,114527659127.304
Granada,2010,11.9,75.1,2.04,111586,1491133987.25958
Grecia,2010,4.1,80.3,1.49,11124670,417917678589.288
Guatemala,2010,28.4,71.3,3.38,14500112,142463852701.949
Guinea,2010,71.2,58.6,5.44,10396086,26976081033.423
Guinea Ecuatorial,2010,78.9,59.4,5.21,1189085,40035153123.5259
Guinea-Bisau,2010,73.4,57.6,5.11,1566347,3348891958.08042
Guyana,2010,33.5,67.8,2.68,749256,7773077520.29856
Haiti,2010,85.5,31,3.5,9803294,31323957605.6037
Honduras,2010,20.7,74.1,3.08,8365878,45142882373.6618
Hungria,2010,5.7,74.6,1.26,9979129,277438086126.343
India,2010,46.3,67.6,2.6,1243481564,6291124776948.96
Indonesia,2010,27.4,70.2,2.46,246305322,2179364843714.07
Irak,2010,30,68.4,4.46,31045366,366858154429.713
Iran,2010,16.4,76.4,1.75,77420842,1140963014592.23
Irlanda,2010,3.5,80.6,2.06,4559080,270288743041.136
Islandia,2010,1.9,81.7,2.19,318158,17367917813.1469
Islas Marshall,2010,31.8,63.1,3.67,52044,222194490.13092
Islas Salomon,2010,26.6,64.4,4.34,532968,1429572226.44072
Israel,2010,3.7,82,3.03,7336735,276759325657.983
Italia,2010,3.4,81.9,1.44,60164213,2966197733990.47
Jamaica,2010,15.5,77.3,1.8,2748568,26534874413.3518
Japon,2010,2.4,83.1,1.36,128185275,5240444421703.64
Jordania,2010,17.8,74.9,3.78,7297043,79928435088.2281
Kazajistan,2010,19.3,68.7,2.61,16836810,444068182824.744
Kenia,2010,42.4,64.4,4.45,41598567,175193389493.205
Kiribati,2010,48.3,68.9,3.9,108704,230413366.12672
Kuwait,2010,9.2,78,2.04,2943372,185303561398.859
Laos,2010,59,63.9,3.14,6334194,31329592668.2542
Lesoto,2010,75.2,53.3,3.25,1996251,5292816083.69055
Letonia,2010,8.2,73.3,1.37,2097831,50599118941.9382
Libano,2010,8.7,80.4,2.26,5041288,87671821632.8192
Liberia,2010,65.2,57.9,5.06,4058890,6246026245.3787
Libia,2010,14.3,74,2.6,6497839,137169172904.303
Liechtenstein,2010,,82.1,1.44,35999,
Lituania,2010,5.6,72.9,1.5,3097720,83289919580.8132
Luxemburgo,2010,1.9,80.9,1.62,507410,66689941361.636
Macedonia del Norte,2010,8.7,74.9,1.71,2051505,34322024841.4688
Madagascar,2010,42.1,60.7,4.9,22183340,36275198258.4674
Malasia,2010,6.8,74.9,2.14,28655776,667907963036.354
Malaui,2010,57.5,57.3,5.26,14826463,22304562351.3298
Maldivas,2010,11.2,74.7,2.35,360792,6036055362.62064
Mali,2010,82.9,60.8,6.58,15945198,41368471233.5487
Malta,2010,5.6,80.9,1.38,422651,15846316784.2975
Marruecos,2010,28.5,70.9,2.63,32467016,234107857758.428
Mauricio,2010,13.3,74,1.5,1282709,24140581340.4927
Mauritania,2010,70.1,66,5.38,3390965,19008949149.2538
Mexico,2010,14.4,75.4,2.34,113623895,2279111885649.04
"Micronesia, Estados Federados de",2010,32.9,65.5,3.27,107540,413194073.4202
Moldavia,2010,14.7,70.5,1.7,3631992,35048544796.0721
Monaco,2010,3.2,78.3,2.39,33163,10543004609.1149
Mongolia,2010,25,66.9,2.52,2701732,25685687143.7962
Montenegro,2010,6.3,75.1,1.73,632088,12313963707.9127
Mozambique,2010,71.9,60,5.66,22999235,28156358293.8893
Myanmar,2010,45.8,63.4,2.34,49024382,190890663585.338
Namibia,2010,37.5,62.2,3.66,2109811,22394842374.3898
Nauru,2010,32,57.3,4.02,10043,69967428.48381
Nepal,2010,36.3,70.6,2.54,27341952,84358509206.8646
Nicaragua,2010,22,75,2.6,5737450,32709936269.855
Niger,2010,66.1,55.6,7.64,16548835,22118578757.8235
Nigeria,2010,81.5,59.3,5.95,166642886,893125627077.533
Noruega,2010,2.6,81,1.94,4889162,407055924473.897
Nueva Zelanda,2010,5.1,80.9,2.17,4347770,179436504847.923
Oman,2010,10,73.9,2.97,2757446,132885774664.141
Paises Bajos,2010,3.7,80.7,1.79,16771235,1031742126161.9
Pakistan,2010,73.5,66.5,4.4,199239047,842538449825.773
Palaos,2010,16.6,68.2,1.94,18396,304101435.28968
Panama,2010,17,78.1,2.59,3628535,82509658753.5417
Papua Nueva Guinea,2010,50.3,64.4,3.88,7633523,27321687279.1774
Paraguay,2010,20.4,73.8,2.7,5737971,73093582882.5598
Peru,2010,16.3,79,2.42,29086019,350748827251.062
Polonia,2010,5,76.4,1.41,38095351,1032846237469.92
Portugal,2010,3.1,80.1,1.38,10578660,388269764158.813
Reino Unido,2010,4.4,80.4,1.92,63006483,2962179382829.66
Republica Centroafricana,2010,101.7,50.8,5.96,4492995,6646998267.1716
Republica Checa,2010,3.4,77.6,1.51,10464035,409116442928.282
Republica Democratica del Congo,2010,84.8,57.1,6.59,68563038,70705643221.9557
Republica Dominicana,2010,27.9,75,2.56,9820175,147057130543.377
Republica Eslovaca,2010,7,75.5,1.43,5391851,160385252481.533
Republica Kirguisa,2010,26.5,69.4,3.1,5491761,26780460759.1637
Republica del Congo,2010,42.2,62,4.85,4462290,38302788213.522
Ruanda,2010,43.8,52.4,4.52,10317553,18356562222.326
Rumania,2010,12.1,73.9,1.57,20432574,508775798834.769
Rusia,2010,10.3,69.2,1.59,143934465,4758989553255.42
Samoa,2010,16,72.7,4.52,193023,1240618959.24588
San Cristobal y Nieves,2010,10,73.6,1.76,46846,1171036035.3935
San Marino,2010,3.1,84.2,1.46,30624,2102927193.1536
San Vicente y las Granadinas,2010,18.6,73.8,2.14,109959,1448789327.55618
Santa Lucia,2010,14.1,75.6,1.67,170906,3563228614.33872
Santa Sede,2010,,,1,,
Santo Tome y Principe,2010,39.8,66.5,4.77,181802,887566083.22392
Senegal,2010,46.7,67.1,5.06,12635413,43005475602.6499
Serbia,2010,6.6,74.1,1.4,7395864,131945429481.667
Seychelles,2010,12.2,73.2,2.2,94971,2061702213.84195
Sierra Leona,2010,107,53.9,5.33,6222714,15320203947.5697
Singapur,2010,2.2,82.8,0.93,5077014,484632409513.52
Siria,2010,13.2,74.5,3.36,22482421,214629792038.146
Somalia,2010,97.8,52.4,7.32,12261756,12198834308.6158
Sri Lanka,2010,9.4,74.2,2.13,20879089,205287091151.954
Suazilandia,2010,59.1,48.1,3.38,1111650,9127421308.9335
Sudafrica,2010,38.2,58.2,2.45,52344051,742360828851.368
Sudan,2010,53.3,65.6,5.14,35414399,149442988045.667
Sudan del Sur,2010,70.6,56,5.32,9745953,6486107148.654
Suecia,2010,2.5,81.6,1.97,9378232,520753902020.216
Suiza,2010,3.9,82.4,1.52,7825753,581377240404.256
Surinam,2010,22.1,72.4,2.69,549923,12523108016.8904
Tailandia,2010,12.5,75.1,1.56,68579447,1147359508303.71
Tanzania,2010,42.4,62.4,5.23,44758488,118824989254.353
Tayikistan,2010,44.7,71.7,3.46,7652141,18742186858.2562
Timor Oriental,2010,53.1,68.5,4.82,1084679,4392065947.46179
Togo,2010,59.3,59.5,5.09,6732590,13390799086.2649
Tonga,2010,15,71.7,3.88,107400,589491792.96
Trinidad y Tobago,2010,21,73.1,1.61,1386654,48796654692.4556
Tunez,2010,14.9,73.8,2.08,10765980,134125349464.953
Turkmenistan,2010,50.4,69.4,2.85,5564356,49201887792.251
Turquia,2010,16.4,77.3,2.08,73346769,1435014051982.06
Tuvalu,2010,26.3,62.9,3.44,10614,37213323.28122
Ucrania,2010,10.1,70.4,1.44,46456003,781008795238.905
Uganda,2010,49.5,59.3,6.02,32390802,72704586894.4719
Uruguay,2010,10.6,76.4,2.01,3318580,82565722900.6716
Uzbekistan,2010,39.6,70.1,2.44,28385506,163523368298.591
Vanuatu,2010,23.9,69.4,4.13,238248,800477435.5884
Venezuela,2010,14.3,74.6,2.4,28813101,481034778821.202
Vietnam,2010,19.8,74.2,1.91,87455152,636212889894.483
Yemen,2010,42.4,69.2,4.81,26754387,96396858992.61
Yibuti,2010,62.2,64.9,3.43,930251,3499737706.50595
Zambia,2010,52.9,55.4,5.36,13965594,45618717403.2991
Zimbabue,2010,55.8,56.7,4.04,13356548,34239221628.7358
Afganistan,2011,73.4,66,6.09,29347708,80913174351.9637
Albania,2011,14.3,78.3,1.68,2911504,35381811171.0086
Alemania,2011,3.4,80.6,1.39,80857874,4689139482824.71
Andorra,2011,2.4,82.9,1.32,77783,4703574275.54592
Angola,2011,106.8,60.5,6.12,24218352,233150573602.051
Antigua y Barbuda,2011,7.2,77.7,1.75,86332,2160364841.2934
Arabia Saudita,2011,14.2,71.9,2.8,26105645,1530977687278.3
Argelia,2011,22.8,74.6,2.9,36903376,540337906191.768
Argentina,2011,12.7,76,2.39,41730660,1227956360345.9
Armenia,2011,15.3,74.3,1.62,2923271,32127266001.2941
Australia,2011,3.8,82.1,1.92,22479775,1193957788597.7
Austria,2011,3.4,80.7,1.43,8393270,514901594510.767
Azerbaiyan,2011,32.5,71.6,1.98,9256150,179181271735.909
Bahamas,2011,11.1,72.6,1.79,371729,12094418915.2032
Banglades,2011,37.2,68.7,2.31,153591076,668493858594.539
Barbados,2011,13.3,77.2,1.76,276139,5260604622.98443
Barein,2011,6.7,75.2,2.03,1206728,64116268409.6098
Belgica,2011,3.5,80.2,1.81,11038631,624899848334.863
Belice,2011,15.9,73.9,2.53,327298,3791513364.29768
Benin,2011,69.8,62.5,5.44,10093623,27575904206.2875
Bielorrusia,2011,4.3,71.1,1.52,9472735,240652527011.301
Bolivia,2011,35.3,69.6,3.14,10348929,81109660561.2935
Bosnia y Herzegovina,2011,6.2,76.3,1.21,3741798,46710745772.6164
Botsuana,2011,39.9,66.3,3.1,2073535,31593869882.8408
Brasil,2011,14.4,75,1.78,195284734,3637727008730.67
Brunei,2011,7.8,76.8,1.96,399389,36056704461.6993
Bulgaria,2011,10.9,74.3,1.51,7380025,164666034238.28
Burkina Faso,2011,67.3,64.1,5.87,16661908,32321878821.4728
Burundi,2011,61.6,59.5,6.11,9717978,9243628528.13388
Butan,2011,32.3,69.8,2.16,709377,7600752214.96689
Cabo Verde,2011,22.9,74.9,2.33,511447,3746750464.25574
Camboya,2011,33.6,70.7,2.78,14722584,57741667040.4461
Camerun,2011,64.4,56.2,5.05,20232304,87157770441.7158
Canada,2011,4.7,81.7,1.63,34555452,1854975699617.46
Catar,2011,7.5,78.2,2.07,1810950,263658056582.43
Chad,2011,91.9,54.7,6.95,12754997,34983125807.651
Chile,2011,7.5,79.2,1.82,17351816,440150832641.54
China,2011,12.5,76.7,1.67,1360250664,15513682328051.5
Chipre,2011,2.9,79.5,1.36,1146493,47251414707.5874
Cisjordania y Gaza,2011,19.8,74.7,4.31,4115908,23894167763.8542
Colombia,2011,15.4,78.6,1.94,45259614,672212530922.199
Comoras,2011,61.3,74.2,4.72,668056,1839126742.64576
Corea del Norte,2011,23.8,72.8,1.88,25097874,42478931033.9877
Corea del Sur,2011,3.4,81.1,1.26,49127643,1901164181570.19
Costa Rica,2011,8.8,79.9,1.88,4609833,88761938983.5253
Costa de Marfil,2011,75,59.8,5.24,22982000,92328066519.24
Croacia,2011,4.3,77,1.49,4280824,123183488084.228
Cuba,2011,4.8,78.8,1.73,11301571,158509485962.459
Dinamarca,2011,3.2,79.7,1.75,5570849,335534208353.299
Dominica,2011,17.9,75.6,1.86,69053,1206704013.76883
Ecuador,2011,20.7,76.3,2.61,15326227,190797403798.131
Egipto,2011,23.4,68.8,3.31,91093059,1191718237185.57
El Salvador,2011,16.5,73.9,2.22,6090127,54464382861.6638
Emiratos Arabes Unidos,2011,7,77,1.54,7199423,508729342568.297
Eritrea,2011,38.2,60.3,4.49,2998485,4957377259.59
Eslovenia,2011,2.6,79.6,1.57,2048804,78337501897.4834
Espana,2011,3.8,82.2,1.34,46998043,1986693503979.53
Estados Unidos,2011,6.1,78.8,1.88,314105078,18923412576609.8
Estonia,2011,3.2,76.1,1.62,1327358,43523315385.052
Etiopia,2011,48.3,61.2,5.08,93149970,139029494529.481
Filipinas,2011,24.4,70.9,3.24,98248614,627642895100.724
Finlandia,2011,2.4,80.4,1.83,5388241,296640936904.876
Fiyi,2011,20.1,67.4,2.63,912989,9506951151.97982
Francia,2011,3.5,81.8,2,63733777,3192149749940.02
Gabon,2011,41.3,65,4.15,1781985,34130515198.9227
Gambia,2011,50.9,67.2,5.54,1983784,4998817937.31672
Georgia,2011,13.8,72,1.92,3868724,47541522424.9324
Ghana,2011,48.6,62.9,4.18,26095088,130615500948.675
Granada,2011,11.8,75.3,2.01,112079,1502537785.29052
Grecia,2011,4,80.3,1.4,11108844,376661927326.949
Guatemala,2011,27.5,71.6,3.29,14792126,148395914916.332
Guinea,2011,68.9,58.9,5.34,10656810,28490008887.9513
Guinea Ecuatorial,2011,76.6,59.9,5.13,1241835,42647015931.7671
Guinea-Bisau,2011,70.3,58.1,5.07,1608076,3619651266.11952
Guyana,2011,33.5,67.8,2.69,746153,8176986176.04164
Haiti,2011,57.5,59.2,3.43,9914904,32920919867.8562
Honduras,2011,19.9,74.1,3,8540583,46874423725.6588
Hungria,2011,5.5,75,1.25,9946676,282635965682.962
India,2011,44.4,67.9,2.53,1261224954,6620862523964.23
Indonesia,2011,26.3,70.4,2.52,249470032,2313826950437.53
Irak,2011,29.3,68.7,4.59,32161424,394542999103.283
Iran,2011,15.7,76.6,1.79,78383598,1171149677477.84
Irlanda,2011,3.4,80.8,2.03,4579602,274781056078.22
Islandia,2011,1.8,81.9,2.02,319137,17688803939.5213
Islas Marshall,2011,31.6,63.1,3.53,51907,221077935.25014
Islas Salomon,2011,26.1,63.9,4.34,552945,1535788718.68335
Israel,2011,3.5,82.1,3.01,7471023,291933028197.614
Italia,2011,3.3,82,1.43,60367880,2986581027928.77
Jamaica,2011,15.1,77,1.72,2760494,26994027605.5028
Japon,2011,2.3,82.9,1.36,128096432,5247770484753.68
Jordania,2011,17.3,75.2,3.69,7480424,82116220186.3892
Kazajistan,2011,17.5,69.1,2.61,17066002,476929228254.761
Kenia,2011,40.3,65,4.28,42758461,184165229054.881
Kiribati,2011,47.5,69.1,3.88,110647,237933430.01394
Kuwait,2011,8.9,78.1,1.96,3132814,203145763344.018
Laos,2011,57.1,64.3,3.05,6426590,33848069791.8353
Lesoto,2011,71.9,53.3,3.34,2014009,5537154377.99622
Letonia,2011,7.8,73.7,1.34,2059941,52134495137.3996
Libano,2011,8.3,80,2.32,5096020,88432234287.6016
Liberia,2011,62.1,58.2,4.97,4221178,6758248400.54572
Libia,2011,13.9,71.7,2.65,6343203,68120248013.2235
Liechtenstein,2011,,82.2,1.66,36270,
Lituania,2011,5,73.4,1.55,3028642,88559759896.8432
Luxemburgo,2011,1.8,81.1,1.53,518584,67356474612.3632
Macedonia del Norte,2011,7.5,75.1,1.63,2040446,35096260542.0182
Madagascar,2011,40.6,60.8,4.74,22822300,36847775959.774
Malasia,2011,6.7,75,2.15,29162039,703266428532.347
Malaui,2011,53.8,58.2,5.08,15265022,23404772889.5358
Maldivas,2011,10.1,74.9,2.31,373674,6569849452.31958
Mali,2011,81,61.1,6.55,16469049,43031126023.5047
Malta,2011,5.6,81,1.44,424628,16010384727.488
Marruecos,2011,27.4,71.2,2.6,32912588,246969246458.906
Mauricio,2011,13.1,74.2,1.48,1286267,25154300196.1043
Mauritania,2011,69.2,66.3,5.38,3502811,19802151393.5492
Mexico,2011,13.8,75.7,2.32,115243504,2357605527021.8
"Micronesia, Estados Federados de",2011,32,65.7,3.22,107698,426369074.6907
Moldavia,2011,14.5,71.3,1.65,3557266,36345685134.5955
Monaco,2011,3.2,78.5,2.22,33946,11576223380.2798
Mongolia,2011,23.4,67.1,2.6,2745180,30087436145.1174
Montenegro,2011,5.7,75.3,1.68,632688,12704772089.6813
Mozambique,2011,68.1,60.1,5.6,23649039,30165049256.0544
Myanmar,2011,44.5,63.8,2.31,49419820,201564281268.002
Namibia,2011,36,62.5,3.66,2146325,23535039528.7985
Nauru,2011,31.5,57.5,4.12,10098,80038983.29328
Nepal,2011,34.6,71,2.46,27464494,87245096125.5425
Nicaragua,2011,21.3,75,2.56,5819051,34776120064.8548
Niger,2011,63.7,56,7.59,17176283,22640081123.2307
Nigeria,2011,78.8,59.9,5.89,171379598,940532059873.662
Noruega,2011,2.5,81.1,1.88,4952968,411554167733.765
Nueva Zelanda,2011,5,81,2.1,4382700,183262097278.386
Oman,2011,10,74,2.96,3076763,136732299239.725
Paises Bajos,2011,3.6,80.9,1.75,16851057,1050126556572.69
Pakistan,2011,72.1,66.9,4.31,203746065,865119465388.422
Palaos,2011,16.2,68.3,1.97,18078,319666198.99392
Panama,2011,16.5,78.2,2.6,3693505,92335632686.4679
Papua Nueva Guinea,2011,49.2,64.5,3.82,7859346,27624286871.5684
Paraguay,2011,19.8,73.9,2.67,5814626,76226645164.0528
Peru,2011,15.6,79.5,2.41,29304086,372941380301.518
Polonia,2011,4.7,76.8,1.34,38208643,1089773972850.27
Portugal,2011,3.1,80.5,1.34,10557052,381397729928.5
Reino Unido,2011,4.2,80.8,1.91,63509285,2996299471191.46
Republica Centroafricana,2011,99.7,50.8,6.01,4565021,6925814260.46619
Republica Checa,2011,3.2,77.8,1.43,10495511,416757457672.954
Republica Democratica del Congo,2011,82.6,57.5,6.58,70849311,75566423410.2176
Republica Dominicana,2011,27.5,74.8,2.53,9945621,151751138651.738
Republica Eslovaca,2011,6.8,75.9,1.45,5398109,164473720071.456
Republica Kirguisa,2011,24.6,69.9,3.14,5594535,28492136861.6781
Republica del Congo,2011,39.6,62.6,4.83,4609724,39147716809.6095
Ruanda,2011,40,54.5,4.33,10573733,19817448783.1203
Rumania,2011,11.5,74.4,1.48,20282011,530332795755.054
Rusia,2011,9.8,70.1,1.6,144043748,4961535696628.9
Samoa,2011,16,72.8,4.56,194713,1288371351.1943
San Cristobal y Nieves,2011,9.6,73.6,1.74,46886,1189967089.31478
San Marino,2011,3,84.6,1.46,32169,2065703986.39044
San Vicente y las Granadinas,2011,18.2,73.7,2.08,109349,1440005655.72407
Santa Lucia,2011,13.9,76.1,1.5,171801,3717407478.81069
Santa Sede,2011,,,1,,
Santo Tome y Principe,2011,38.7,67,4.72,185649,905312365.68084
Senegal,2011,45.3,67.5,5.1,12958897,43579207897.6108
Serbia,2011,6.4,74.4,1.4,7364859,132461256756.196
Seychelles,2011,12.2,73.4,2.37,97024,2368007812.97152
Sierra Leona,2011,102.3,54.3,5.21,6387251,16561240857.3739
Singapur,2011,2.2,83.1,0.96,5182239,514579522086.73
Siria,2011,12.8,74.2,3.29,22878098,220746747233.838
Somalia,2011,95.1,42.6,7.27,12348830,13015467262.9072
Sri Lanka,2011,9.1,75.4,2.14,21009048,223084420721.045
Suazilandia,2011,53.6,50.8,3.32,1117833,9332535422.0919
Sudafrica,2011,37.1,59.7,2.44,52995205,765882949539.582
Sudan,2011,52.2,66.1,5.09,36140806,161463603823.74
Sudan del Sur,2011,68.3,56.2,5.19,10288109,6846921725.462
Suecia,2011,2.4,81.7,1.9,9449259,537226632468.664
Suiza,2011,3.8,82.7,1.51,7914372,592002058627.534
Surinam,2011,21.4,72.6,2.67,556269,13255630653.695
Tailandia,2011,12,75.5,1.57,69007208,1156998843824.29
Tanzania,2011,40.4,62.8,5.14,46029367,127948188637.788
Tayikistan,2011,43.3,72,3.46,7824785,20129108785.3888
Timor Oriental,2011,51.1,68.4,4.61,1110207,4653768944.40444
Togo,2011,57.9,60.2,4.98,6916474,14170579067.3823
Tonga,2011,15,71.7,3.83,107570,629009539.2473
Trinidad y Tobago,2011,20.4,73.5,1.61,1394983,48565456719.0306
Tunez,2011,14.2,74,2.19,10886035,131380294632.333
Turkmenistan,2011,48.9,69.6,2.9,5683417,56434565256.509
Turquia,2011,15.3,77.2,2.05,74215203,1591104862418.92
Tuvalu,2011,25.6,63,3.46,10780,39750595.3306
Ucrania,2011,9.6,71,1.46,46307853,823536867903.557
Uganda,2011,46.3,60,5.89,33354543,79532751381.4942
Uruguay,2011,10.3,76.4,1.99,3326825,86827875349.0423
Uzbekistan,2011,38.4,70.2,2.35,28823196,175828730510.428
Vanuatu,2011,24,69.3,4.09,243474,825610848.25296
Venezuela,2011,14.1,74.7,2.4,29185212,510558189535.548
Vietnam,2011,19.3,74.4,1.93,88468314,677014297075.633
Yemen,2011,40.3,69.2,4.63,27582897,85876122610.551
Yibuti,2011,60.5,65.2,3.34,948558,3846163264.47522
Zambia,2011,51.1,55.9,5.26,14437796,48159338937.9464
Zimbabue,2011,54,58.2,4.13,13595424,39099107888.1734
Afganistan,2012,71.7,66.3,5.99,30560034,91231454419.2508
Albania,2012,13.8,78.4,1.72,2910004,35770632944.4873
Alemania,2012,3.3,80.7,1.41,80916390,4705946573654.33
Andorra,2012,2.3,83.1,1.26,76834,4469597620.05326
Angola,2012,104.1,61.1,6.04,25177394,253066545141.995
Antigua y Barbuda,2012,6.8,77.7,1.66,87260,2233237030.7886
Arabia Saudita,2012,13.8,72.2,2.78,27062443,1609449004780.37
Argelia,2012,22.4,74.8,3,37646166,553306015949.635
Argentina,2012,12.3,76.1,2.3,42161721,1215352365139.07
Armenia,2012,14.6,74.6,1.65,2922528,34474941411.3754
Australia,2012,3.6,82.4,1.93,22852644,1239472379336.51
Austria,2012,3.3,80.8,1.44,8431601,518134942843.109
Azerbaiyan,2012,31.2,71.7,2.14,9376181,183054685635.602
Bahamas,2012,10.9,72.8,1.76,375469,12641101660.1291
Banglades,2012,35.3,69,2.26,155070101,712089410735.589
Barbados,2012,13,77.4,1.73,276938,5244122562.86378
Barein,2012,6.3,75.5,2.11,1216303,66308996845.28
Belgica,2012,3.5,80.3,1.78,11107518,626260623660.699
Belice,2012,15.5,74.1,2.51,334414,3933231633.39874
Benin,2012,68.5,62.6,5.43,10397657,28902642492.8574
Bielorrusia,2012,4,72,1.62,9463076,244896192362.247
Bolivia,2012,34,69.8,3.08,10515807,85264320894.4383
Bosnia y Herzegovina,2012,5.9,76.5,1.25,3670113,46326859818.6318
Botsuana,2012,38.2,66.9,3.07,2108617,31539889513.1475
Brasil,2012,14.3,75.3,1.77,196876111,3707614146502.17
Brunei,2012,8.1,77,1.97,405557,36385950966.5586
Bulgaria,2012,10.5,74.6,1.5,7317014,165438105658.562
Burkina Faso,2012,65.4,64.8,5.79,17172287,34407503734.6631
Burundi,2012,59.5,59.9,5.99,10071028,9654665517.8072
Butan,2012,30.8,70.1,2.07,717279,7993317395.70666
Cabo Verde,2012,22.4,75,2.15,511955,3787352069.52055
Camboya,2012,30.7,71.1,2.75,14945085,62159052634.2009
Camerun,2012,62.4,56.7,4.98,20809529,91189670305.7201
Canada,2012,4.7,81.9,1.63,34922516,1887031289087.16
Catar,2012,7.3,78.9,2.04,1907117,274301993879.475
Chad,2012,90.2,55.2,6.91,13210998,38150036355.2535
Chile,2012,7.4,79.4,1.8,17519119,467243613009.628
China,2012,11.5,77.3,1.8,1369520864,16732606404552.5
Chipre,2012,2.8,79.6,1.38,1165397,45673478988.921
Cisjordania y Gaza,2012,19.4,75,4.15,4215313,25330276382.0984
Colombia,2012,14.9,78.9,1.9,45715810,698513758862.99
Comoras,2012,59.8,75,4.65,681630,1955187403.3881
Corea del Norte,2012,22.7,72.9,1.88,25211728,43011645391.4808
Corea del Sur,2012,3.3,81.3,1.27,49599579,1955236205747.44
Costa Rica,2012,8.8,80,1.85,4663934,93095822678.7602
Costa de Marfil,2012,72.8,60.1,5.19,23467078,99363845467.6037
Croacia,2012,4.1,77.3,1.52,4259236,120369572722.022
Cuba,2012,4.6,78.9,1.67,11303175,163337369033.085
Dinamarca,2012,3.2,80,1.72,5591917,335519998539.624
Dominica,2012,18.7,75.6,1.83,69118,1204804760.3984
Ecuador,2012,20.1,76.9,2.51,15572194,201831622834.468
Egipto,2012,22.6,68.8,3.4,93161001,1218248266040.45
El Salvador,2012,16,72.1,2.19,6113975,56037150884.3913
Emiratos Arabes Unidos,2012,6.7,77.5,1.53,7497118,518491884061.624
Eritrea,2012,37,60.6,4.41,3036988,5153261459.004
Eslovenia,2012,2.4,79.9,1.59,2053321,76061302632.3355
Espana,2012,3.7,82.2,1.32,47018323,1929352130384.44
Estados Unidos,2012,6.1,78.9,1.86,317115355,19386698377148.5
Estonia,2012,2.9,76.5,1.56,1322616,45121523917.9675
Etiopia,2012,46.2,61.8,4.89,95798767,151052503052.119
Filipinas,2012,23.9,70.9,3.14,100175512,670931122485.53
Finlandia,2012,2.2,80.6,1.8,5413971,292125250321.025
Fiyi,2012,20,67.4,2.61,914918,9641124116.70354
Francia,2012,3.5,81.9,1.99,64058465,3198799608667.29
Gabon,2012,39.7,65.4,4.09,1846889,35922734810.6692
Gambia,2012,50.1,67.5,5.52,2043094,5260834453.1994
Georgia,2012,12.8,72.2,1.93,3839208,50654355631.9176
Ghana,2012,47,63.3,4.15,26734268,142753324266.623
Granada,2012,11.5,75.4,1.97,112775,1485185905.632
Grecia,2012,3.9,80.3,1.35,11048298,345261818916.884
Guatemala,2012,26.6,71.9,3.22,15089647,152810260805.991
Guinea,2012,66.8,59.1,5.23,10921581,30175274479.6493
Guinea Ecuatorial,2012,74.3,60.8,5.04,1293483,46192207716.0922
Guinea-Bisau,2012,67.4,58.4,5,1651417,3557651358.78825
Guyana,2012,33.3,67.9,2.7,746288,8608431005.34528
Haiti,2012,56.2,60.5,3.32,10069771,33086322601.4711
Honduras,2012,19.2,72.4,2.93,8715076,48809722274.5898
Hungria,2012,5.4,75.3,1.33,9916623,279447029383.335
India,2012,42.6,68.3,2.47,1278674502,6982122443962.78
Indonesia,2012,25.3,70.7,2.51,252698525,2453351886711.57
Irak,2012,28.7,69,4.54,33654842,449528208887.176
Iran,2012,15.1,76.9,1.85,79370580,1127264691300.64
Irlanda,2012,3.4,80.9,1.99,4600132,273749239317.545
Islandia,2012,1.7,82,2.03,320841,17877023405.6674
Islas Marshall,2012,31.2,63.2,3.38,51419,218224515.91846
Islas Salomon,2012,25.5,63.7,4.33,573606,1573661290.80798
Israel,2012,3.4,82.3,3.05,7607780,298980820735.059
Italia,2012,3.2,82,1.42,60531515,2893161744984.48
Jamaica,2012,14.8,76.9,1.65,2772430,26828382508.4951
Japon,2012,2.2,83.4,1.38,127928285,5321423123009.68
Jordania,2012,16.8,75.5,3.57,7587127,84111117080.5824
Kazajistan,2012,16,69.7,2.64,17306106,499821831310.187
Kenia,2012,39.2,65.5,4.12,43888303,192579148100.384
Kiribati,2012,46.6,69.3,3.77,112284,251742276.39636
Kuwait,2012,8.5,78.6,1.99,3337025,216600495503.319
Laos,2012,55.4,64.7,2.95,6518978,36564749164.3097
Lesoto,2012,72.3,52.9,3.3,2034354,5887882376.0757
Letonia,2012,7.6,74.1,1.44,2034633,55945378778.9162
Libano,2012,7.9,79.4,2.35,5235742,90700336613.924
Liberia,2012,59.4,58.2,4.88,4373043,7298490257.5347
Libia,2012,12.9,73.9,2.68,6179328,127266844417.413
Liechtenstein,2012,,82.3,1.51,36596,
Lituania,2012,4.5,73.8,1.59,2988329,92400120023.9016
Luxemburgo,2012,1.6,81.4,1.57,530947,68436628651.6297
Macedonia del Norte,2012,6.5,75.3,1.71,2027289,34847169795.9779
Madagascar,2012,39.3,60.9,4.61,23462438,37957317045.8435
Malasia,2012,6.6,75.2,2.12,29662831,741759394416.506
Malaui,2012,50.2,59.1,4.9,15709577,23849463531.7791
Maldivas,2012,9.2,75.1,2.25,386818,6726822083.39136
Mali,2012,79.2,61.5,6.52,16957033,42785595314.7003
Malta,2012,5.5,81.2,1.42,426611,16595162494.8386
Marruecos,2012,26.4,71.4,2.54,33355241,254455260457.414
Mauricio,2012,12.8,74.4,1.48,1289170,26020220619.2419
Mauritania,2012,68.1,66.4,5.35,3619034,20687310195.8066
Mexico,2012,13.1,76,2.29,116818208,2441376219917.59
"Micronesia, Estados Federados de",2012,31.1,65.8,3.18,107890,418409532.8103
Moldavia,2012,14.3,71.8,1.66,3482626,35377857355.8442
Monaco,2012,3.1,78.7,2.29,34711,11837102744.1493
Mongolia,2012,22.1,67.5,2.74,2795459,33766121514.9553
Montenegro,2012,5.3,75.5,1.73,633540,12353994876.5424
Mozambique,2012,63.6,59.8,5.52,24337846,32576595059.6437
Myanmar,2012,43.2,64.2,2.28,49837446,216344325675.405
Namibia,2012,35.5,63.1,3.68,2194654,24726308398.5533
Nauru,2012,31,57.8,4.12,10267,100272294.40961
Nepal,2012,33.1,71.3,2.42,27534915,91319565973.3371
Nicaragua,2012,20.6,74.9,2.53,5901287,37035224309.757
Niger,2012,61.6,56.4,7.53,17836769,25028370720.447
Nigeria,2012,76.2,60.3,5.8,176200625,980317141292.05
Noruega,2012,2.3,81.4,1.85,5018458,422740597156.763
Nueva Zelanda,2012,4.9,81.3,2.09,4411676,187806517643.377
Oman,2012,10,74.2,2.93,3547106,148851050097.203
Paises Bajos,2012,3.5,81,1.72,16915194,1039959872406.64
Pakistan,2012,70.6,67.1,4.2,207667125,891311682276.338
Palaos,2012,15.7,68.3,2.01,17765,323672934.79235
Panama,2012,16,78.3,2.59,3759256,101225055050.152
Papua Nueva Guinea,2012,48,64.6,3.75,8081390,28910782959.5603
Paraguay,2012,19.2,74,2.66,5897008,75686927654.6427
Peru,2012,14.9,79.9,2.36,29550366,395838954395.173
Polonia,2012,4.6,76.9,1.33,38247868,1107387299056.16
Portugal,2012,3.1,80.6,1.28,10513150,365906329421.448
Reino Unido,2012,4.1,80.9,1.91,63960484,3041381319342.34
Republica Centroafricana,2012,97.7,51.4,6.05,4610848,7275828370.78944
Republica Checa,2012,3.2,78.1,1.45,10507335,413432628256.615
Republica Democratica del Congo,2012,80.5,58,6.56,73254618,80921740070.8982
Republica Dominicana,2012,27.1,74.5,2.5,10070411,155963251105.91
Republica Eslovaca,2012,6.5,76.3,1.39,5404871,166979442809.985
Republica Kirguisa,2012,22.9,70.2,3.18,5696519,28444965618.3721
Republica del Congo,2012,37.6,62.7,4.79,4740450,43041800153.352
Ruanda,2012,37.1,56.6,4.2,10829901,21529975312.7922
Rumania,2012,10.9,74.8,1.51,20158452,539532526629.81
Rusia,2012,9.3,70.6,1.71,144291029,5157062267633.3
Samoa,2012,15.8,72.7,4.55,196498,1240287653.6286
San Cristobal y Nieves,2012,9.3,73.9,1.71,47033,1181189455.10958
San Marino,2012,2.9,84.9,1.29,33467,1946988835.8326
San Vicente y las Granadinas,2012,17.8,73.6,2.11,108736,1456840937.3888
Santa Lucia,2012,13.6,76.4,1.5,172587,3713364569.44281
Santa Sede,2012,,,1,,
Santo Tome y Principe,2012,37.5,67.5,4.66,189439,931955189.40066
Senegal,2012,44.1,68,5.13,13310495,45323681527.1768
Serbia,2012,6.2,74.6,1.44,7324623,131790548129.474
Seychelles,2012,12.2,73.5,2.41,99543,2480607101.46903
Sierra Leona,2012,97.9,54.5,5.06,6551080,18313143803.5012
Singapur,2012,2.2,83.4,1.03,5293340,535621563173.502
Siria,2012,12.6,68.9,3.22,22759763,162604223745.729
Somalia,2012,92.6,53.5,7.21,12461160,13886768417.814
Sri Lanka,2012,8.9,76,2.17,21169458,242341472460.877
Suazilandia,2012,51.5,52,3.27,1123863,9836177894.32473
Sudafrica,2012,36.8,61,2.45,53782567,784235285207.66
Sudan,2012,51.1,66.6,5.03,36923178,153080971919.552
Sudan del Sur,2012,66.1,56.2,5.06,10756240,3498918822.08
Suecia,2012,2.4,81.8,1.9,9519487,535003758452.341
Suiza,2012,3.7,82.8,1.52,7998926,598988502116.534
Surinam,2012,20.8,72.6,2.67,562633,13612253478.3849
Tailandia,2012,11.6,75.9,1.56,69436098,1240797911784.25
Tanzania,2012,38.8,63.6,5.14,47374260,133713154817.091
Tayikistan,2012,42.1,72.4,3.42,8014084,21638791824.4586
Timor Oriental,2012,49.3,68.4,4.4,1134885,4879971044.8914
Togo,2012,56.5,60.7,4.85,7100736,15063707484.7661
Tonga,2012,15,71.7,3.77,107460,634794924.7152
Trinidad y Tobago,2012,19.7,73.8,1.61,1403809,51871876771.5196
Tunez,2012,13.6,74.3,2.28,11009647,136920177428.601
Turkmenistan,2012,47.6,69.6,2.96,5808546,62698801935.6619
Turquia,2012,14.2,77.2,2.11,75197198,1667958131155.57
Tuvalu,2012,24.9,63,3.47,10934,38904838.01358
Ucrania,2012,9.1,71.2,1.53,46210056,824791285557.753
Uganda,2012,42.5,60.6,5.73,34337438,82584785338.1373
Uruguay,2012,10,76.5,2.01,3335401,89900000767.5751
Uzbekistan,2012,37.2,70.4,2.34,29261903,188316869123.767
Vanuatu,2012,24,69.4,4.06,248883,833949911.41587
Venezuela,2012,13.8,74.8,2.38,29553826,548279003939.054
Vietnam,2012,18.8,74.6,1.97,89510356,714280851471.011
Yemen,2012,38.4,69.4,4.63,28433647,85440862976.887
Yibuti,2012,58.9,65.5,3.26,966747,4116492900.66129
Zambia,2012,49,56.7,5.14,14913629,51818187373.4314
Zimbabue,2012,49.4,59.3,4.13,13817887,45615141934.356
Afganistan,2013,69.9,66.7,5.88,31622704,96341095338.7307
Albania,2013,13.3,78.5,1.74,2907573,36417586640.5955
Alemania,2013,3.3,80.7,1.42,81041582,4718536667724.76
Andorra,2013,2.2,83.2,1.14,75194,4311034330.76064
Angola,2013,101.4,61.7,5.95,26165620,265605013324.482
Antigua y Barbuda,2013,6.4,77.6,1.54,88064,2219815671.17312
Arabia Saudita,2013,13.3,72.7,2.67,28026825,1625513296311.07
Argelia,2013,22.1,74.9,3,38414171,567691972662.755
Argentina,2013,11.9,76.3,2.34,42582455,1244585524370.14
Armenia,2013,13.8,75.1,1.67,2922518,35637239873.7161
Australia,2013,3.4,82.5,1.88,23236270,1271008903067.26
Austria,2013,3.2,81,1.44,8481406,516833616380.015
Azerbaiyan,2013,30,72,2.15,9504409,193877076436.052
Bahamas,2013,10.5,72.9,1.74,378953,12279151520.3864
Banglades,2013,33.5,69.3,2.25,156532141,754911659108.116
Barbados,2013,12.7,77.4,1.73,277665,5191136900.71785
Barein,2013,5.9,75.8,2.17,1257203,69619376850.3735
Belgica,2013,3.4,80.5,1.75,11160276,628189589372.954
Belice,2013,15.1,74.2,2.5,341627,4108430591.6797
Benin,2013,67.2,62.7,5.41,10708834,30981156864.5478
Bielorrusia,2013,3.8,72.7,1.67,9464453,247472971281.328
Bolivia,2013,32.8,70,3.01,10682608,91058893824.195
Bosnia y Herzegovina,2013,5.6,76.7,1.28,3610859,47415474633.7181
Botsuana,2013,36.4,67.3,3.05,2140682,35041734068.6478
Brasil,2013,14.3,75.5,1.76,198478299,3819021377108.73
Brunei,2013,8.3,77,1.98,411202,35612828400.5674
Bulgaria,2013,10.1,74.9,1.48,7264600,166689979551.48
Burkina Faso,2013,63.7,65.4,5.7,17695409,36400587580.4974
Burundi,2013,57.6,60.3,5.89,10439341,10130079594.218
Butan,2013,29.5,70.5,2,725273,8132108593.63439
Cabo Verde,2013,21.9,75.1,2.07,512225,3811293313.20675
Camboya,2013,28.3,71.4,2.74,15170208,67043200092.865
Camerun,2013,60.4,57,4.91,21402376,95745076855.8323
Canada,2013,4.6,81.9,1.61,35293433,1930980603350.32
Catar,2013,7.2,79.7,2.03,2032641,277361989729.133
Chad,2013,88.4,55.5,6.84,13691079,39221042115.7008
Chile,2013,7.3,79.5,1.79,17687006,482702406503.696
China,2013,10.6,77.8,1.71,1379008040,18038568112643.7
Chipre,2013,2.7,79.8,1.3,1183895,43442823548.9664
Cisjordania y Gaza,2013,19,75.6,4.05,4315261,26505204917.3324
Colombia,2013,14.5,79.2,1.86,46151584,734375410048.954
Comoras,2013,58.2,75.1,4.57,696192,2129732253.35808
Corea del Norte,2013,21.7,72.9,1.88,25329451,43456483499.8139
Corea del Sur,2013,3.2,81.8,1.21,50071164,2027043620745.67
Costa Rica,2013,8.7,80,1.78,4716147,95418345692.5408
Costa de Marfil,2013,70.6,60.3,5.14,23939775,110055606852.071
Croacia,2013,4,77.5,1.46,4242398,120491253125.469
Cuba,2013,4.4,78.7,1.68,11298167,168777310029.533
Dinamarca,2013,3.1,80.3,1.67,5615333,340196001771.865
Dominica,2013,19.3,75.7,1.78,69715,1204859024.512
Ecuador,2013,19.5,77.5,2.36,15807128,216386178665.812
Egipto,2013,21.8,69.2,3.49,95333553,1244872667930.44
El Salvador,2013,15.4,71.9,2.15,6138839,57260415131.5174
Emiratos Arabes Unidos,2013,6.4,78,1.53,7831847,546717398771.095
Eritrea,2013,36,60.8,4.34,3074360,4705824472.48
Eslovenia,2013,2.3,80.1,1.55,2056441,75446879120.8235
Espana,2013,3.7,82.6,1.28,46860389,1902293461930.15
Estados Unidos,2013,5.9,78.9,1.84,320110759,19833653987049.5
Estonia,2013,2.7,76.9,1.52,1317919,45914140460.701
Etiopia,2013,44.5,62.3,4.71,98438751,167037286965.815
Filipinas,2013,23.3,70.6,3.04,102076336,716222537399.883
Finlandia,2013,2.1,80.9,1.75,5439053,289267487257.849
Fiyi,2013,19.7,67.5,2.6,916352,10097556090.7827
Francia,2013,3.6,82.2,1.97,64387734,3223670443629.75
Gabon,2013,38,65.6,4.02,1913059,37948309703.2439
Gambia,2013,49.4,67.5,5.39,2103820,5411966057.6478
Georgia,2013,12,72.4,1.99,3809125,52996363057.6075
Ghana,2013,45.5,63.6,4.11,27386193,153192196819.06
Granada,2013,11.4,75.4,1.91,113487,1520104081.89816
Grecia,2013,3.8,80.7,1.29,10967540,337388326513.079
Guatemala,2013,25.9,72.1,3.15,15387337,158456323527.071
Guinea,2013,64.7,59.5,5.15,11191873,31365896378.3111
Guinea Ecuatorial,2013,72.2,61.4,4.95,1346218,44282992077.2318
Guinea-Bisau,2013,64.8,58.8,4.93,1695973,3673491051.86454
Guyana,2013,33,68.2,2.71,750021,8922930077.54679
Haiti,2013,54.8,60.5,3.22,10222362,34517234583.6548
Honduras,2013,18.6,72.8,2.86,8889278,50172274861.8603
Hungria,2013,5.4,75.7,1.35,9889346,285713310379.276
India,2013,40.9,68.7,2.4,1295829511,7428008205252.42
Indonesia,2013,24.4,71,2.44,255852467,2589691120793.01
Irak,2013,27.9,68.8,4.44,35281989,483819505749.971
Iran,2013,14.5,77.1,1.91,80414686,1110107957685.03
Irlanda,2013,3.2,81.1,1.93,4624686,279766507551.646
Islandia,2013,1.6,82.1,1.94,323885,18690568413.3362
Islas Marshall,2013,30.8,63.3,3.25,50681,226536649.28798
Islas Salomon,2013,24.9,63.6,4.33,594945,1656085582.2069
Israel,2013,3.3,82.5,3.04,7749379,311128092846.704
Italia,2013,3.1,82.4,1.38,60653868,2840624528236.9
Jamaica,2013,14.4,76.5,1.59,2783687,26967269285.8021
Japon,2013,2.1,83.6,1.39,127723645,5427264282800.43
Jordania,2013,16.3,75.9,3.45,7991809,86306372972.9423
Kazajistan,2013,14.6,70.4,2.67,17556502,529811141067.657
Kenia,2013,38,65.9,3.96,44986791,199893012409.555
Kiribati,2013,45.6,69.6,3.64,113838,271204274.76492
Kuwait,2013,8.1,79,1.97,3507746,219089637118.817
Laos,2013,53.7,64.9,2.87,6611385,39499545736.9606
Lesoto,2013,71.9,52.5,3.28,2056504,5993424174.04064
Letonia,2013,7.4,74.4,1.53,2013010,57119529727.6129
Libano,2013,7.6,78.9,2.36,5743436,94172230741.6515
Liberia,2013,56.9,58.3,4.75,4470239,7932531103.01862
Libia,2013,12.4,74.3,2.72,6304628,104361406639.184
Liechtenstein,2013,,82.4,1.46,36910,
Lituania,2013,4,74.1,1.58,2958360,96071679984.186
Luxemburgo,2013,1.6,81.7,1.55,543354,70606382104.0452
Macedonia del Norte,2013,5.8,75.5,1.71,2013280,35750315394.1568
Madagascar,2013,38.1,61.1,4.53,24109290,38830478166.4599
Malasia,2013,6.4,75.2,2.07,30174265,776575522278.868
Malaui,2013,47.3,59.9,4.76,16161816,25139802890.2231
Maldivas,2013,8.4,75.3,2.17,400070,7196015386.3532
Mali,2013,77.6,61.5,6.49,17459615,43804802058.4533
Malta,2013,5.3,81.6,1.37,428452,17515984921.1409
Marruecos,2013,25.5,71.6,2.48,33787571,264861858042.413
Mauricio,2013,12.6,74.6,1.42,1290984,26867307048.1702
Mauritania,2013,67.2,66.6,5.32,3734318,21546001776.8698
Mexico,2013,12.5,76.1,2.27,118343573,2462179224562.15
"Micronesia, Estados Federados de",2013,30.2,65.9,3.13,108121,403013034.11447
Moldavia,2013,14.1,72.2,1.62,3408738,37769033358.5135
Monaco,2013,3,78.8,2.31,35447,12047508240.4302
Mongolia,2013,20.9,68.1,2.94,2851881,37673617712.3862
Montenegro,2013,4.9,75.7,1.74,633202,12761603890.8004
Mozambique,2013,60.9,60.1,5.43,25051611,34717337953.7381
Myanmar,2013,41.9,64.5,2.26,50262658,234573500740.694
Namibia,2013,34.3,63.4,3.65,2252508,26114621292.053
Nauru,2013,30.4,58.1,4.1,10517,103929967.45352
Nepal,2013,31.7,71.6,2.36,27589996,94538720410.1682
Nicaragua,2013,20,74.8,2.49,5983845,38859984673.0505
Niger,2013,59.8,56.7,7.45,18519898,26358661326.1076
Nigeria,2013,73.8,60.6,5.69,181049443,1045717385509.94
Noruega,2013,2.3,81.6,1.78,5080124,427088353358.04
Nueva Zelanda,2013,4.9,81.5,2,4453851,193022942663.35
Oman,2013,10,74.5,2.95,3833913,156632542491.675
Paises Bajos,2013,3.3,81.2,1.68,16967063,1039763487960.46
Pakistan,2013,69.1,67.2,4.13,211073978,930234061585.205
Palaos,2013,15.1,68.4,2.05,17648,313845490.06288
Panama,2013,15.5,78.3,2.57,3825329,107626885740.379
Papua Nueva Guinea,2013,47,65.1,3.68,8302698,30016604926.1815
Paraguay,2013,18.6,73.9,2.64,5982445,81963702457.9572
Peru,2013,14.2,80.4,2.32,29817919,419005501330.013
Polonia,2013,4.5,77.2,1.29,38259262,1115970035829.93
Portugal,2013,3.1,80.9,1.21,10458298,362398555712.396
Reino Unido,2013,3.9,81,1.83,64389388,3096086675570
Republica Centroafricana,2013,96.1,50.5,6.08,4642419,4628010602.69484
Republica Checa,2013,3,78.3,1.46,10511163,413273214335.502
Republica Democratica del Congo,2013,78.3,58.5,6.53,75789395,87785486714.1324
Republica Dominicana,2013,26.7,74.4,2.47,10193833,163659621093.409
Republica Eslovaca,2013,6.3,76.5,1.4,5410422,168145765483.703
Republica Kirguisa,2013,21.4,70.8,3.15,5797289,31412845932.3792
Republica del Congo,2013,35.9,63,4.73,4857099,42735155534.6282
Ruanda,2013,34.7,58.2,4.14,11093340,22546157464.032
Rumania,2013,10.5,75.1,1.47,20062921,540475806457.818
Rusia,2013,8.9,71,1.73,144604098,5243354196638.15
Samoa,2013,15.6,72.9,4.49,198268,1241618399.31696
San Cristobal y Nieves,2013,9,74.1,1.68,47069,1248839493.03454
San Marino,2013,2.8,85.2,1.48,33620,1965693385.3952
San Vicente y las Granadinas,2013,17.4,73.5,2.11,108135,1492715415.213
Santa Lucia,2013,13.3,76.2,1.5,173369,3645826785.57041
Santa Sede,2013,,,1,,
Santo Tome y Principe,2013,36.6,67.7,4.58,193148,979668288.576
Senegal,2013,43.1,68.4,5.05,13710849,46417063452.6976
Serbia,2013,6,74.8,1.43,7276180,132151365817.054
Seychelles,2013,12.1,73.8,2.18,102093,2528910119.50578
Sierra Leona,2013,93.8,55.1,4.87,6714051,20998459371.812
Singapur,2013,2.2,83.7,0.95,5385588,562034743429.552
Siria,2013,12.1,66.4,3.17,21666917,119839170404.007
Somalia,2013,90.1,61,7.14,12869594,15408660909.8805
Sri Lanka,2013,8.7,76.2,2.18,21358827,261639700258.095
Suazilandia,2013,48.4,53.3,3.24,1129990,10215973759.8525
Sudafrica,2013,35.3,61.9,2.43,54678791,803727201999.027
Sudan,2013,49.9,66.9,4.97,37785849,156073914246.878
Sudan del Sur,2013,64,56.1,4.94,11166275,4550480388
Suecia,2013,2.4,82,1.89,9600620,541097744471.22
Suiza,2013,3.6,82.9,1.51,8091202,609705690048.87
Surinam,2013,20.1,72.7,2.65,569020,14011560992.7498
Tailandia,2013,11.2,76.2,1.53,69845114,1274144300557.68
Tanzania,2013,37.6,64.6,5.16,48824128,142803899165.22
Tayikistan,2013,40.9,72.8,3.43,8216724,23240062361.7641
Timor Oriental,2013,47.6,68.6,4.21,1158695,5031463253.92165
Togo,2013,55,61.3,4.75,7285442,15941057878.3386
Tonga,2013,14.9,71.7,3.7,107078,637295524.39696
Trinidad y Tobago,2013,19.2,73.9,1.6,1412653,53728700704.7083
Tunez,2013,13.1,74.5,2.31,11141361,140247243256.068
Turkmenistan,2013,46.2,69.6,3.01,5939341,69094079825.4946
Turquia,2013,13.2,76.8,2.11,76403031,1815051265519.58
Tuvalu,2013,24.1,63,3.39,11001,40596352.68204
Ucrania,2013,8.6,71.4,1.52,46126770,825166022967.486
Uganda,2013,41.6,61.4,5.56,35337042,85547023760.2594
Uruguay,2013,9.5,76.8,2.03,3345337,94069148004.7322
Uzbekistan,2013,36.1,70.7,2.45,29724065,202057504469.172
Vanuatu,2013,23.8,69.4,4.04,254482,837814356.4085
Venezuela,2013,13.5,74.7,2.33,29912198,563872032751.388
Vietnam,2013,18.3,74.7,1.98,90573104,753948515477.496
Yemen,2013,36.7,69.8,4.62,29312952,92755618898.544
Yibuti,2013,57.4,65.9,3.19,984824,4401251431.4584
Zambia,2013,46.5,57.5,5.01,15398997,54438911315.8365
Zimbabue,2013,48.8,60.4,4.11,14013808,46522648673.0187
Afganistan,2014,68.1,66.5,5.77,32792523,98965950155.6284
Albania,2014,12.9,78.5,1.72,2903749,37261523401.6128
Alemania,2014,3.2,81,1.47,81376080,4820665279124.81
Andorra,2014,2.1,83.3,1.17,73737,4419002699.48439
Angola,2014,98.8,62.3,5.86,27160769,278413972289.556
Antigua y Barbuda,2014,6.1,77.7,1.53,88765,2268613698.63615
Arabia Saudita,2014,12.9,73.1,2.68,28998128,1707185538175.91
Argelia,2014,22,75,3.08,39205031,590967343349.351
Argentina,2014,11.5,76.6,2.39,43024071,1213313878004.12
Armenia,2014,13.2,75.4,1.66,2922422,37019417515.6181
Australia,2014,3.2,82.5,1.81,23595601,1304556309604.62
Austria,2014,3,81.2,1.46,8547817,520731650058.23
Azerbaiyan,2014,28.9,72.2,2.13,9631138,199453178672.044
Bahamas,2014,10.2,72.8,1.69,382298,12505985016.4283
Banglades,2014,32.1,69.5,2.23,157964929,800667304018.484
Barbados,2014,12.3,77.4,1.73,278348,5195414682.02904
Barein,2014,5.6,76.2,2.15,1312848,72293050276.8696
Belgica,2014,3.4,80.9,1.73,11210119,639291316182.598
Belice,2014,14.6,74.1,2.47,348923,4274035085.53066
Benin,2014,65.7,62.9,5.37,11030004,32950839380.3294
Bielorrusia,2014,3.5,73.3,1.7,9472708,251637133287.622
Bolivia,2014,31.7,70.3,2.95,10848888,96031228082.1674
Bosnia y Herzegovina,2014,5.4,76.8,1.26,3564829,47962578616.8189
Botsuana,2014,35.6,67.8,3.03,2172044,37038112189.2656
Brasil,2014,14.4,75.7,1.78,200085127,3838267553945.84
Brunei,2014,8.5,77.2,1.97,416750,34719698826.255
Bulgaria,2014,9.7,74.9,1.53,7223449,169363920213.563
Burkina Faso,2014,62.2,66,5.6,18229461,37975584899.5354
Burundi,2014,55.8,60.7,5.79,10799785,10559660852.3444
Butan,2014,28.3,70.8,1.92,733139,8610364849.15849
Cabo Verde,2014,21.3,75.2,2.03,512326,3837845326.92548
Camboya,2014,26.3,71.8,2.73,15396772,72406871133.5586
Camerun,2014,58.6,57.4,4.84,22059893,101221521221.945
Canada,2014,4.4,82,1.61,35634264,1985665323464.01
Catar,2014,7,80.2,2.03,2218372,283982644591.001
Chad,2014,86.7,55.8,6.78,14188678,40030164652.7517
Chile,2014,7.2,79.7,1.77,17864195,491355568645.862
China,2014,9.8,78.2,1.77,1387951972,19387720225088.2
Chipre,2014,2.6,79.9,1.31,1201801,43796046127.1077
Cisjordania y Gaza,2014,18.5,74.4,4,4415882,26453017083.5788
Colombia,2014,14.1,79.3,1.82,46565429,767415180155.541
Comoras,2014,56.6,74.8,4.49,711503,2212700091.77698
Corea del Norte,2014,20.7,73.1,1.87,25451262,43910642382.777
Corea del Sur,2014,3,82.2,1.2,50539056,2098285289303.25
Costa Rica,2014,8.6,80,1.8,4767119,98798168343.2806
Costa de Marfil,2014,68.5,60.8,5.07,24527395,120370018253.427
Croacia,2014,3.8,77.7,1.46,4219479,120089450745.294
Cuba,2014,4.1,78.5,1.66,11285775,174281236592.458
Dinamarca,2014,3,80.6,1.69,5643794,344538575764.934
Dominica,2014,19.5,75.7,1.71,70373,1232995102.87699
Ecuador,2014,19,78.1,2.27,16035124,225530799527.803
Egipto,2014,21,69.2,3.49,97528654,1281172058345.76
El Salvador,2014,14.9,71.3,2.13,6162955,58250676702.9225
Emiratos Arabes Unidos,2014,6.1,78.3,1.48,8236874,571713492559.813
Eritrea,2014,35,61.4,4.27,3095173,6254115849.319
Eslovenia,2014,2.2,80.4,1.58,2058401,77528957217.948
Espana,2014,3.6,82.8,1.32,46720188,1931385059335.69
Estados Unidos,2014,5.7,78.9,1.85,323115377,20362344415448.7
Estonia,2014,2.5,77.2,1.54,1314452,47439222137.5887
Etiopia,2014,42.9,62.8,4.61,101115610,184171124705.188
Filipinas,2014,22.8,71,2.89,103767130,761688255356.537
Finlandia,2014,2,81.1,1.71,5461684,287889369730.597
Fiyi,2014,19.4,67.6,2.59,917585,10663374103.0816
Francia,2014,3.6,82.5,1.97,64692493,3255751138997.08
Gabon,2014,37,65.9,3.95,1978399,39585765767.442
Gambia,2014,48.6,66.8,5.2,2164528,5335798990.36688
Georgia,2014,11.3,72.6,2.18,3792916,54903648330.8826
Ghana,2014,44.2,63.9,4.03,28041592,157567733696.349
Granada,2014,11.1,75.4,1.8,114132,1631712007.56648
Grecia,2014,3.7,80.9,1.3,10893166,340012491743.931
Guatemala,2014,25.1,72.1,3.09,15681725,165498087320.179
Guinea,2014,62.8,58.9,5.07,11472924,32525353361.3782
Guinea Ecuatorial,2014,70.3,61.8,4.86,1399828,44466795859.2499
Guinea-Bisau,2014,62.4,59,4.79,1741122,3708922814.76006
Guyana,2014,32.6,68.3,2.7,754229,9073414791.34097
Haiti,2014,53.5,60.8,3.16,10373235,35514358994.6373
Honduras,2014,18,73,2.79,9063122,51706583404.8001
Hungria,2014,5.3,75.9,1.42,9862842,298498412393.512
India,2014,39.3,69.1,2.29,1312277191,7978440514178.8
Indonesia,2014,23.6,71.2,2.39,258877399,2719348369116.77
Irak,2014,27.2,67.5,4.31,36550059,494771670916.043
Iran,2014,13.9,77.2,1.98,81502045,1165444341879.27
Irlanda,2014,3.1,81.4,1.9,4658239,305860824079.76
Islandia,2014,1.6,82.2,1.93,327512,19006130100.0042
Islas Marshall,2014,30.2,63.4,3.18,49796,223683230.64424
Islas Salomon,2014,24.2,63.4,4.36,616908,1675780038.72756
Israel,2014,3.3,82.6,3.08,7897179,322778087085.45
Italia,2014,3,82.6,1.36,60664171,2840639306730.02
Jamaica,2014,13.9,75.9,1.54,2793749,27153295551.3211
Japon,2014,2.1,83.9,1.39,127486605,5440452320250.25
Jordania,2014,15.8,76.2,3.3,8791710,89227048085.751
Kazajistan,2014,13.5,71.3,2.76,17816285,552063209117.527
Kenia,2014,36.6,66.5,3.84,46051440,209927863191.732
Kiribati,2014,44.6,69.8,3.52,115326,274631382.11862
Kuwait,2014,7.7,79.4,2.06,3665766,220186633813.901
Laos,2014,52.3,65.2,2.8,6703172,42506236735.4156
Lesoto,2014,70.5,51.8,3.24,2080089,6095944684.13436
Letonia,2014,7.2,74.8,1.65,1994149,58316377369.9463
Libano,2014,7.3,78.7,2.38,6346990,96511525585.9573
Liberia,2014,54.7,55.5,4.62,4564293,7988169323.54805
Libia,2014,11.9,72.7,2.75,6427252,80313610358.0184
Liechtenstein,2014,,82.5,1.57,37163,
Lituania,2014,3.6,74.5,1.63,2933168,99654630300.7158
Luxemburgo,2014,1.6,81.9,1.5,556279,72454039002.8143
Macedonia del Norte,2014,5.2,75.6,1.77,1997833,36862396271.27
Madagascar,2014,37,61.3,4.42,24764348,40127106672.5057
Malasia,2014,6.2,75.2,2.06,30696137,823222254509.227
Malaui,2014,45.1,60.5,4.57,16621538,26553984695.5239
Maldivas,2014,7.8,75.5,2.09,413617,7761671584.49874
Mali,2014,75.9,61.8,6.44,18020267,47135077370.1728
Malta,2014,5.2,81.8,1.38,434485,18735691986.5704
Marruecos,2014,24.6,71.9,2.43,34204780,271989512824.065
Mauricio,2014,12.2,74.8,1.37,1292005,27867081230.5243
Mauritania,2014,66.1,67.2,5.26,3848514,22467055305.8686
Mexico,2014,11.9,76.2,2.21,119784261,2523826368918.41
"Micronesia, Estados Federados de",2014,29.4,66,3.09,108396,393720457.22172
Moldavia,2014,13.9,72.3,1.82,3342709,38912879401.9556
Monaco,2014,2.9,79,2.49,36128,12359781262.0768
Mongolia,2014,19.9,68.9,3,2913039,40617748712.9107
Montenegro,2014,4.6,75.9,1.76,631375,12927729577.4437
Mozambique,2014,58.5,61.2,5.3,25788475,37391464731.1633
Myanmar,2014,40.7,64.8,2.25,50681634,253737938667.499
Namibia,2014,33.4,63.7,3.64,2312139,27705659579.114
Nauru,2014,29.7,58.4,4.09,10742,120998734.79186
Nepal,2014,30.5,71.9,2.32,27672370,100221899366.405
Nicaragua,2014,19.4,74.8,2.46,6066492,40719613766.01
Niger,2014,58.4,57.1,7.34,19215909,28109439638.9481
Nigeria,2014,71.5,61,5.62,185896915,1111699210446.24
Noruega,2014,2.2,82,1.75,5137395,435806531995.641
Nueva Zelanda,2014,4.8,81.5,1.93,4522983,200166895233.601
Oman,2014,10,74.6,2.97,4002439,158656630128.415
Paises Bajos,2014,3.3,81.5,1.7,17030089,1056646456232.62
Pakistan,2014,67.4,67.5,4.06,214264647,968526477354.126
Palaos,2014,14.7,68.4,2.03,17715,328815918.28035
Panama,2014,15.1,78.4,2.55,3892101,112605505031.649
Papua Nueva Guinea,2014,45.7,65.3,3.63,8523441,34081985030.71
Paraguay,2014,18.1,74,2.65,6069811,86308793871.4146
Peru,2014,13.6,80.8,2.27,30115826,428986871703.833
Polonia,2014,4.5,77.6,1.32,38265113,1160767559766.19
Portugal,2014,3,81.3,1.23,10406199,365230629514.606
Reino Unido,2014,3.7,81.2,1.81,64865916,3194682687264.3
Republica Centroafricana,2014,93.5,50.9,6.1,4623182,4631762533.32836
Republica Checa,2014,2.9,78.6,1.53,10517226,422350934506.023
Republica Democratica del Congo,2014,76.5,58.9,6.48,78403242,96099025422.5
Republica Dominicana,2014,26.2,74.3,2.45,10315528,175297827057.768
Republica Eslovaca,2014,6.1,76.8,1.42,5415230,172684877106.062
Republica Kirguisa,2014,20.1,71.3,3.21,5898319,32521882751.7359
Republica del Congo,2014,34.4,63.2,4.67,4975880,45575361929.8432
Ruanda,2014,32.7,59.6,4.12,11364757,23936616436.9668
Rumania,2014,10.1,75.2,1.56,19968174,562166144807.707
Rusia,2014,8.5,71.2,1.77,144925638,5196054563964.26
Samoa,2014,15.4,72.9,4.42,200037,1249812134.47797
San Cristobal y Nieves,2014,8.7,74.2,1.67,47089,1343463636.68258
San Marino,2014,2.7,85.4,1.26,33725,1981127384.5645
San Vicente y las Granadinas,2014,17,73.9,2.14,107535,1511378154.1995
Santa Lucia,2014,13,76.6,1.49,174138,3694246653.29154
Santa Sede,2014,,,1,,
Santo Tome y Principe,2014,35.5,67.8,4.49,196767,1027732877.50491
Senegal,2014,42.3,68.6,4.88,14152102,49306096023.6444
Serbia,2014,6,75,1.46,7227203,129521847423.136
Seychelles,2014,11.9,74,2.16,104654,2656057618.69778
Sierra Leona,2014,90.2,54.1,4.7,6876385,19357426593.6333
Singapur,2014,2.2,84,1,5457900,584360207552.94
Siria,2014,11.7,65.5,3.12,20273659,107483344491.656
Somalia,2014,87.4,61.4,7.06,13339491,16792051275.9526
Sri Lanka,2014,8.6,76.4,2.13,21547456,278176931026.207
Suazilandia,2014,45.8,54.7,3.18,1136299,10362664663.1054
Sudafrica,2014,34.4,62.5,2.42,55594838,815090509671.336
Sudan,2014,48.8,67.4,4.91,38823318,163349129508.426
Sudan del Sur,2014,62,56.1,4.82,11235073,4585707395.68
Suecia,2014,2.4,82.2,1.88,9696433,553524614422.421
Suiza,2014,3.5,83.1,1.53,8190235,624010743626.032
Surinam,2014,19.5,72.7,2.62,575373,14047360955.594
Tailandia,2014,10.9,76.4,1.48,70216367,1286687854759.03
Tanzania,2014,36.2,65.4,5.12,50351512,152442681365.964
Tayikistan,2014,39.7,72.9,3.46,8425552,24797146713.9514
Timor Oriental,2014,46.1,68.8,4,1181903,5256495367.55574
Togo,2014,53.6,61.7,4.7,7472450,16839055931.087
Tonga,2014,14.7,71.8,3.62,106609,649981131.74107
Trinidad y Tobago,2014,18.7,73.9,1.6,1421131,55849149258.3642
Tunez,2014,12.6,74.7,2.32,11274288,144581343152.717
Turkmenistan,2014,45,69.5,3.02,6075283,76210770040.983
Turquia,2014,12.3,76.5,2.19,78036154,1919353759583.82
Tuvalu,2014,23.4,63.1,3.33,10984,40596352.6948
Ucrania,2014,8.1,71.7,1.47,45972380,780556420198.75
Uganda,2014,39.1,62.1,5.41,36395539,89915317766.5036
Uruguay,2014,9.1,77,2.03,3356334,97115851331.185
Uzbekistan,2014,35,70.9,2.55,30222994,215946610916.971
Vanuatu,2014,23.5,69.3,4,260240,859388412.8272
Venezuela,2014,13.2,74.3,2.3,30254079,549898291174.395
Vietnam,2014,17.8,74.9,2.09,91679578,802368922726.254
Yemen,2014,35.1,70,4.62,30226309,94193067910.649
Yibuti,2014,55.8,66.3,3.12,1002717,4717832888.86659
Zambia,2014,44.7,58.1,4.89,15895315,56993883501.5062
Zimbabue,2014,47.6,61.5,4.01,14207359,47628485344.3547
Afganistan,2015,66.3,66.3,5.65,33831764,100402257736.911
Albania,2015,12.5,78.5,1.63,2898632,38135365546.5367
Alemania,2015,3.1,80.8,1.5,82077550,4899975409511.21
Andorra,2015,2.1,83.4,1.22,72174,4482377402.11776
Angola,2015,96,62.7,5.77,28157798,281041007413.204
Antigua y Barbuda,2015,5.8,77.7,1.57,89409,2300864763.98076
Arabia Saudita,2015,12.5,73.2,2.63,29974938,1753490106593.03
Argelia,2015,21.9,75.1,3.09,40019529,609878298530.422
Argentina,2015,11.1,76.6,2.35,43477012,1246451418944.48
Armenia,2015,12.6,75.8,1.62,2921177,38304693181.4259
Australia,2015,3,82.6,1.8,23948002,1333704915443.2
Austria,2015,2.9,81.2,1.49,8644039,527511119259.779
Azerbaiyan,2015,27.9,72.4,2.09,9752850,201676785558.786
Bahamas,2015,9.9,72.6,1.57,385346,12630638288.7311
Banglades,2015,30.7,69.9,2.23,159383179,853132148044.718
Barbados,2015,12,77.3,1.73,278990,5151456355.4791
Barein,2015,5.3,76.3,2.11,1369650,74166428545.8975
Belgica,2015,3.3,80.9,1.69,11275335,648719595800.614
Belice,2015,14.2,74.1,2.43,356333,4396964190.52642
Benin,2015,64.2,63.1,5.32,11360681,33536755078.2846
Bielorrusia,2015,3.4,73.8,1.73,9487293,242051329853.724
Bolivia,2015,30.6,70.6,2.89,11014705,100695644567.269
Bosnia y Herzegovina,2015,5.1,76.8,1.32,3518541,50032044272.684
Botsuana,2015,34.8,68,3.01,2203273,35241272978.1539
Brasil,2015,14.6,75.8,1.78,201675532,3702171668636.24
Brunei,2015,8.6,77.3,1.95,422212,34583464464.7408
Bulgaria,2015,9.3,75,1.53,7177517,176230606166.643
Burkina Faso,2015,60.9,66.3,5.48,18777487,39464694376.0154
Burundi,2015,54.1,60.8,5.7,11047580,10147834041.1002
Butan,2015,27.2,71.1,1.84,740618,9183884141.16176
Cabo Verde,2015,20.7,75,1.97,512394,3873768576.65706
Camboya,2015,24.6,72.2,2.73,15623251,77625259497.4753
Camerun,2015,57.1,57.7,4.84,22763414,106957697161.187
Canada,2015,4.3,82,1.6,35962234,2001689142756.86
Catar,2015,6.8,80.8,1.98,2427331,298733781397.195
Chad,2015,85,56,6.71,14647621,41355517626.3709
Chile,2015,7,79.8,1.74,18047625,501929258071.515
China,2015,9.2,78.4,1.67,1396134174,20742059334661.7
Chipre,2015,2.5,80.1,1.32,1219502,46222936743.75
Cisjordania y Gaza,2015,18,75.9,3.98,4521565,27457883144.1508
Colombia,2015,13.6,79.3,1.77,46969940,790099215892.992
Comoras,2015,55.1,75.1,4.42,726682,2256778503.35872
Corea del Norte,2015,19.7,73.2,1.86,25575350,43434895420.5615
Corea del Sur,2015,2.9,82.4,1.2,50983912,2164771952472.31
Costa Rica,2015,8.5,80,1.8,4818038,102406357427.415
Costa de Marfil,2015,66.6,61.1,4.97,25246342,129030580317.804
Croacia,2015,3.6,77.8,1.4,4183729,123301823899.744
Cuba,2015,4,78.4,1.69,11275065,180073402621.692
Dinamarca,2015,2.9,80.8,1.71,5683701,351782704524.468
Dominica,2015,19.6,74.4,1.65,70410,1191401460.3906
Ecuador,2015,18.4,78.5,2.21,16266225,225800742111.886
Egipto,2015,20.3,69,3.5,99597342,1337185145142.01
El Salvador,2015,14.4,70.7,2.07,6183676,59648692960.8803
Emiratos Arabes Unidos,2015,5.9,78.5,1.42,8674633,609260521784.698
Eritrea,2015,34.1,61.5,4.22,3105546,4979174696.082
Eslovenia,2015,2.1,80.6,1.58,2059947,79384373625.3549
Espana,2015,3.5,82.6,1.33,46683686,2009908279717.03
Estados Unidos,2015,5.6,78.8,1.83,326126497,20989329344544.2
Estonia,2015,2.3,77.6,1.58,1314576,48284123095.476
Etiopia,2015,41.4,63.2,4.53,103867135,203311040277.143
Filipinas,2015,22.2,70.9,2.83,105312992,810042584763.065
Finlandia,2015,1.9,81.3,1.65,5479717,289233093453.269
Fiyi,2015,19.1,67.8,2.57,918578,11143353942.4168
Francia,2015,3.5,82.4,1.93,64916336,3290147864642.6
Gabon,2015,36.1,65.9,3.92,2040989,41121257791.5922
Gambia,2015,47.9,67.2,5,2224529,5552329663.55518
Georgia,2015,10.6,72.8,2.21,3791573,56634132178.5839
Ghana,2015,42.8,63.9,3.98,28696068,160909366367.472
Granada,2015,10.8,75.5,1.72,114676,1736879487.36552
Grecia,2015,3.6,80.8,1.33,10820903,339213413710.243
Guatemala,2015,24.3,72.2,3.03,15971743,172270551580.555
Guinea,2015,61,59.4,5,11767070,33769744313.7999
Guinea Ecuatorial,2015,68.2,61.8,4.77,1453923,40415852452.9604
Guinea-Bisau,2015,60.3,59.2,4.66,1786457,3936431452.74898
Guyana,2015,32,68.6,2.67,758781,9135785862.19593
Haiti,2015,52.2,61,3.11,10523242,36011560034.8626
Honduras,2015,17.4,72.9,2.75,9237305,53692157602.0714
Hungria,2015,5.3,75.9,1.45,9839211,309793142480.811
India,2015,37.9,69.4,2.29,1328024498,8616416874441.44
Indonesia,2015,22.8,71.5,2.35,261799249,2851952559257.76
Irak,2015,26.5,68.2,4.08,37560535,507669212706.552
Iran,2015,13.4,77.2,2.02,82619362,1148838101441.83
Irlanda,2015,3,81.5,1.86,4702487,381152337754.364
Islandia,2015,1.6,82.2,1.81,330952,19849948789.7546
Islas Marshall,2015,29.6,63.5,3.13,48800,227901327.984
Islas Salomon,2015,23.6,63.6,4.29,639415,1703868563.1394
Israel,2015,3.2,82.7,3.09,8052908,329906467732.17
Italia,2015,2.9,82.4,1.34,60575316,2865928782016.62
Jamaica,2015,13.5,75.4,1.51,2802534,27403509664.3804
Japon,2015,2,84.1,1.42,127275872,5522081357370.43
Jordania,2015,15.4,76.6,3.14,9544729,91454627062.5687
Kazajistan,2015,12.6,71.9,2.76,18084169,558687967662.514
Kenia,2015,35.5,67,3.77,47088526,220356494212.123
Kiribati,2015,43.6,70.1,3.44,116815,305569488.60985
Kuwait,2015,7.3,79.6,2.03,3834454,221491550501.878
Laos,2015,50.7,65.4,2.8,6801645,45596468086.3398
Lesoto,2015,69.2,51.7,3.22,2104611,6286386073.42737
Letonia,2015,6.9,75.1,1.71,1977867,60521965378.6098
Libano,2015,7.1,79,2.38,6472469,96957718435.0639
Liberia,2015,52.8,57.7,4.52,4659431,7986686319.31688
Libia,2015,11.4,72.9,2.71,6531819,79636842688.7498
Liechtenstein,2015,,82.8,1.43,37400,
Lituania,2015,3.3,74.7,1.71,2905764,102431954686.649
Luxemburgo,2015,1.5,82.1,1.46,569536,74095070907.1232
Macedonia del Norte,2015,4.8,75.7,1.76,1980366,38050783613.7828
Madagascar,2015,35.9,61.4,4.34,25426702,41384007151.4482
Malasia,2015,6,75.2,2.01,31232798,865136882563.536
Malaui,2015,43.4,60.7,4.38,17085587,27297496268.1311
Maldivas,2015,7.4,75.7,2,428154,8061903547.49664
Mali,2015,74.5,61.7,6.39,18593022,49951264350.1343
Malta,2015,5.1,82,1.38,444981,20525914849.004
Marruecos,2015,23.7,72,2.41,34607588,283740989773.581
Mauricio,2015,11.8,74.8,1.32,1292275,28863328640.0355
Mauritania,2015,65.1,67.4,5.21,3965959,23674960407.1616
Mexico,2015,11.3,76.2,2.14,121072306,2592028320691.11
"Micronesia, Estados Federados de",2015,28.6,66.1,3.05,108716,411917759.6156
Moldavia,2015,13.6,72.4,1.87,3287164,38430496475.329
Monaco,2015,2.8,79.3,2.5,36757,12685251128.662
Mongolia,2015,19,69.5,3.01,2976526,41595750506.36
Montenegro,2015,4.3,76,1.76,628145,13278342406.1554
Mozambique,2015,56.7,62.1,5.25,26547572,40155850770.307
Myanmar,2015,39.5,65.1,2.27,51089056,271481427605.865
Namibia,2015,32.8,63.8,3.6,2374300,28887077273.912
Nauru,2015,29.1,58.6,4.08,10954,124263301.5235
Nepal,2015,29.4,71.5,2.27,27823629,104206775387.545
Nicaragua,2015,18.8,75,2.43,6149417,42671006632.8426
Niger,2015,57.1,56.9,7.22,19939498,29344188545.0023
Nigeria,2015,69.4,61.2,5.5,190671878,1141189179721.69
Noruega,2015,2,82.2,1.73,5189771,443986436192.014
Nueva Zelanda,2015,4.7,81.6,1.98,4614029,207464433658.064
Oman,2015,9.9,74.7,2.97,4184895,166616525303.535
Paises Bajos,2015,3.2,81.4,1.66,17107433,1079160723796.64
Pakistan,2015,65.8,67.8,3.99,217290883,1009378364087.71
Palaos,2015,14.2,68.4,2,17770,355778757.2434
Panama,2015,14.6,78.6,2.53,3960035,118536343717.645
Papua Nueva Guinea,2015,44.5,65.4,3.56,8743246,36324019486.9292
Paraguay,2015,17.5,73.8,2.65,6159103,88861075859.3937
Peru,2015,13.1,81.1,2.23,30457600,442938574817.984
Polonia,2015,4.5,77.6,1.32,38266314,1213056244987.47
Portugal,2015,3,81.4,1.3,10370267,371290375838.128
Reino Unido,2015,3.5,81.1,1.8,65382110,3268016795679.73
Republica Centroafricana,2015,91.5,52.4,6.13,4629320,4832647696.8304
Republica Checa,2015,2.8,78.8,1.59,10524416,442726145309.128
Republica Democratica del Congo,2015,74.5,59.4,6.44,81035531,102745394639.965
Republica Dominicana,2015,25.7,74,2.43,10434829,187547133243.068
Republica Eslovaca,2015,5.8,76.9,1.4,5420278,181621188550.15
Republica Kirguisa,2015,19,71.8,3.21,6001882,33611825583.3691
Republica del Congo,2015,33.2,63.4,4.61,5097581,45764587709.2024
Ruanda,2015,31.1,60.7,4.11,11640022,26056648096.6672
Rumania,2015,9.7,75.2,1.62,19871019,579811386753.066
Rusia,2015,8.2,71.4,1.79,145307616,5091165077954.22
Samoa,2015,15,73,4.34,201782,1297934423.14578
San Cristobal y Nieves,2015,8.4,74.2,1.64,47087,1352789095.43115
San Marino,2015,2.6,85.6,1.2,33901,2022115303.35346
San Vicente y las Granadinas,2015,16.6,74.2,2.13,106960,1553442245.152
Santa Lucia,2015,12.7,76.7,1.47,174905,3698011750.28365
Santa Sede,2015,,,1,,
Santo Tome y Principe,2015,34.6,68.1,4.35,200291,1043556925.29998
Senegal,2015,41.7,69.1,4.75,14593331,52445436624.6789
Serbia,2015,5.9,75.2,1.46,7177253,130961827909.007
Seychelles,2015,11.7,74.3,2.22,107230,2898663705.6597
Sierra Leona,2015,87.1,55.3,4.55,7037655,18512797725.0485
Singapur,2015,2.1,84.3,0.98,5525340,602006371023.762
Siria,2015,11.1,67,3.07,19424618,102990764777.179
Somalia,2015,85,62,6.98,13806963,18548867379.4001
Sri Lanka,2015,8.4,76.6,2.09,21729971,289655718494.599
Suazilandia,2015,44.5,56.1,3.12,1142813,10574781179.0142
Sudafrica,2015,33.6,63.1,2.36,56723537,825864883694.482
Sudan,2015,47.6,67.6,4.9,40024431,166469386876.921
Sudan del Sur,2015,60.3,56.3,4.7,11107561,4430239597.289
Suecia,2015,2.4,82.3,1.85,9799481,577933974789.475
Suiza,2015,3.4,83.2,1.54,8283934,634268330577.901
Surinam,2015,19,72.8,2.57,581627,13567918528.5817
Tailandia,2015,10.5,76.6,1.45,70540795,1327013259893.42
Tanzania,2015,35.2,66,5.03,52020962,161860340261.286
Tayikistan,2015,38.5,72.7,3.46,8643840,26289762220.032
Timor Oriental,2015,44.7,68.9,3.78,1205131,5386858574.18041
Togo,2015,52.3,61.9,4.66,7663195,17759820789.853
Tonga,2015,14.4,71.9,3.54,106095,657220258.6554
Trinidad y Tobago,2015,18.2,73.8,1.6,1429188,55669623172.3492
Tunez,2015,12.1,74.9,2.31,11402264,145980461306.995
Turkmenistan,2015,43.7,69.5,3.03,6215770,81164470030.3041
Turquia,2015,11.6,76.4,2.16,80014226,2060080864748.03
Tuvalu,2015,22.8,63.2,3.31,10963,44825139.4654
Ucrania,2015,7.7,72.8,1.39,45784896,705257258532.764
Uganda,2015,37.7,62.7,5.25,37531446,94579998302.0646
Uruguay,2015,8.7,77,2.04,3368017,97475899860.58
Uzbekistan,2015,33.9,71.1,2.58,30749346,231535307464.579
Vanuatu,2015,23.1,69.4,3.95,266101,893471063.60688
Venezuela,2015,12.9,73.8,2.25,30573972,518869931018.868
Vietnam,2015,17.3,75.1,2.1,92823254,858431677037.166
Yemen,2015,33.8,69.6,4.62,31159379,68453603493.794
Yibuti,2015,54.2,66.4,3.04,1020313,5062658618.54347
Zambia,2015,43.3,58.6,4.78,16399089,58658318800.9151
Zimbabue,2015,46.6,62.1,3.91,14399013,48476202556.5282
Afganistan,2016,,66.5,5.54,34700612,102671664156.665
Albania,2016,,78.7,1.56,2897867,39678982607.6129
Alemania,2016,,80.9,1.59,82760102,5013465216898.48
Andorra,2016,,83.6,1.18,72181,4648659173.75244
Angola,2016,,63,5.69,29183070,273790010077.271
Antigua y Barbuda,2016,,77.6,1.46,89969,2395668849.44926
Arabia Saudita,2016,,73.9,2.65,30717808,1760390387168.99
Argelia,2016,,75.2,3.09,40850721,633663552123.52
Argentina,2016,,76.4,2.24,43900313,1220521143167.09
Armenia,2016,,76,1.63,2918793,38507618740.5575
Australia,2016,,82.8,1.79,24329963,1370787052196.63
Austria,2016,,81.4,1.53,8737915,538673056947.605
Azerbaiyan,2016,,72.5,2.03,9868428,195616031693.853
Bahamas,2016,,72.8,1.5,388055,12484594382.8032
Banglades,2016,,70.1,2.23,160811932,913819517237.944
Barbados,2016,,77.3,1.72,279598,5243766863.81372
Barein,2016,,76.5,2.04,1429604,77351691162.8129
Belgica,2016,,81.1,1.68,11332701,656469856773.219
Belice,2016,,74.1,2.4,364705,4399362806.58985
Benin,2016,,63.7,5.25,11697842,34656773265.4764
Bielorrusia,2016,,74.2,1.73,9499064,236021629791.98
Bolivia,2016,,70.8,2.83,11180020,104989227171.013
Bosnia y Herzegovina,2016,,77,1.36,3473003,51654210825.1049
Botsuana,2016,,68.3,2.99,2234776,37780203982.0222
Brasil,2016,,75.8,1.73,203218114,3580891600644.03
Brunei,2016,,77.4,1.92,427564,33726514653.8912
Bulgaria,2016,,75.2,1.54,7127434,182653494693.934
Burkina Faso,2016,,66.6,5.33,19334856,41815991717.1362
Burundi,2016,,61.2,5.59,11239451,10086947016.9816
Butan,2016,,71.4,1.74,747866,9962304962.4294
Cabo Verde,2016,,75.2,1.97,512554,4039593562.38144
Camboya,2016,,72.4,2.73,15852803,83761925246.709
Camerun,2016,,58.7,4.84,23454161,111809078152.669
Canada,2016,,82.1,1.59,36353343,2021469622717.9
Catar,2016,,81.3,1.86,2599372,312066068451.336
Chad,2016,,56.5,6.62,15114655,39647564403.8585
Chile,2016,,80.1,1.69,18267221,510728272388.499
China,2016,,78.4,1.77,1404052632,22145791875194.8
Chipre,2016,,80.2,1.36,1237112,49744104382.0474
Cisjordania y Gaza,2016,,76.2,3.89,4632739,29946643505.6387
Colombia,2016,,79.4,1.72,47437512,806591608840.807
Comoras,2016,,75.4,4.35,741741,2319522105.82092
Corea del Norte,2016,,73.3,1.86,25698326,45079559402.1267
Corea del Sur,2016,,82.7,1.14,51297839,2233406405487.04
Costa Rica,2016,,79.9,1.75,4866998,106711851738.16
Costa de Marfil,2016,,61.7,4.87,25989405,138285633591.756
Croacia,2016,,78,1.43,4136444,127505306742.831
Cuba,2016,,78.4,1.6,11265612,180811892414.487
Dinamarca,2016,,80.9,1.78,5728201,362591329913.452
Dominica,2016,,75.5,1.58,69606,1208643964.5438
Ecuador,2016,,78.5,2.12,16505139,224247336426.135
Egipto,2016,,69.5,3.35,101644589,1395307815734.61
El Salvador,2016,,72.5,1.97,6200800,61163210510.968
Emiratos Arabes Unidos,2016,,78.9,1.37,9030873,637344765266.936
Eritrea,2016,,61.8,4.16,3124698,5376605354.64
Eslovenia,2016,,80.9,1.59,2061373,81789956422.7469
Espana,2016,,82.9,1.33,46732771,2069077902519.25
Estados Unidos,2016,,78.7,1.8,329179427,21402474404616.5
Estonia,2016,,77.8,1.6,1315849,49811260267.3672
Etiopia,2016,,63.5,4.47,106718162,222490352626.251
Filipinas,2016,,70.7,2.68,106735719,867956228716.748
Finlandia,2016,,81.4,1.57,5495469,296670869599.084
Fiyi,2016,,67.8,2.52,919166,11415881582.8995
Francia,2016,,82.6,1.89,65086855,3318393116360.18
Gabon,2016,,65.9,3.92,2100306,41981285141.7336
Gambia,2016,,66.9,4.81,2283769,5660231394.65064
Georgia,2016,,73,2.23,3792057,58560571068.9971
Ghana,2016,,64.1,3.87,29356742,166337588530.039
Granada,2016,,75.5,1.62,115130,1801831901.3236
Grecia,2016,,81,1.38,10775504,339090239068.154
Guatemala,2016,,72.4,2.97,16268760,176883617157.437
Guinea,2016,,60.2,4.92,12073030,37423842451.6822
Guinea Ecuatorial,2016,,61.7,4.69,1508186,36852622278.4882
Guinea-Bisau,2016,,59.6,4.52,1831893,4150285121.4174
Guyana,2016,,69,2.63,763548,9483626913.52356
Haiti,2016,,60.9,3.05,10671457,36664257977.7875
Honduras,2016,,74.8,2.7,9412380,55782378299.295
Hungria,2016,,76.1,1.51,9810532,317654896785.71
India,2016,,69.6,2.28,1343944296,9327814575535.42
Indonesia,2016,,71.7,2.31,264627418,2995493306109.92
Irak,2016,,68.8,3.84,38469627,577663460545.862
Iran,2016,,77.3,2.05,83812228,1250109175140.9
Irlanda,2016,,81.7,1.82,4753503,385022252737.478
Islandia,2016,,82.3,1.74,335574,21100981282.0013
Islas Marshall,2016,,63.6,3.09,47709,233608166.18964
Islas Salomon,2016,,63.9,4.2,662379,1798513888.95294
Israel,2016,,82.9,3.11,8210005,344521988136.379
Italia,2016,,82.8,1.34,60478107,2902213598843.54
Jamaica,2016,,75.1,1.46,2809915,27780369049.0319
Japon,2016,,84.3,1.41,127159951,5561484212581.21
Jordania,2016,,76.9,3.07,10006367,93278397666.0152
Kazajistan,2016,,72.4,2.8,18363600,564833535284.628
Kenia,2016,,67.6,3.69,48139687,229641252437.226
Kiribati,2016,,70.3,3.38,118478,327228360.76734
Kuwait,2016,,79.6,2.06,4003971,227972578681.356
Laos,2016,,65.6,2.74,6908802,48798633379.4709
Lesoto,2016,,53.2,3.18,2130422,6513255923.70824
Letonia,2016,,75.3,1.74,1959863,62065950499.8669
Libano,2016,,80,2.39,6323060,98464974019.5802
Liberia,2016,,59.6,4.46,4755608,7862496640.284
Libia,2016,,73.2,2.67,6632126,78449504289.7939
Liechtenstein,2016,,82.9,1.59,37615,
Lituania,2016,,75.1,1.69,2869110,105061491280.112
Luxemburgo,2016,,82.3,1.42,583506,77992374569.8482
Macedonia del Norte,2016,,75.9,1.79,1961259,38881333248.8754
Madagascar,2016,,61.6,4.29,26099952,43036531099.211
Malasia,2016,,75.1,1.94,31789685,903633582468.611
Malaui,2016,,61,4.22,17557739,27979933684.9971
Maldivas,2016,,75.8,1.9,443308,8575872714.09284
Mali,2016,,62.1,6.32,19191289,52950869332.4486
Malta,2016,,82.3,1.37,455269,21362218068.3937
Marruecos,2016,,72.2,2.4,35023457,285158900546.667
Mauricio,2016,,74.8,1.35,1291803,29946633223.1682
Mauritania,2016,,67.9,5.16,4086657,23973480151.6127
Mexico,2016,,76,2.09,122251351,2637971847993.8
"Micronesia, Estados Federados de",2016,,66.3,3,109075,413911861.0495
Moldavia,2016,,72.9,1.89,3237794,40075363572.3039
Monaco,2016,,79.6,2.58,37276,13029386968.29
Mongolia,2016,,70.3,2.96,3040812,42261648222.3084
Montenegro,2016,,76.3,1.8,624249,13569921291.1756
Mozambique,2016,,62.7,5.19,27337105,42041966965.0056
Myanmar,2016,,65.3,2.27,51495696,287396952575.03
Namibia,2016,,64,3.57,2439213,28896839492.981
Nauru,2016,,58.8,4.03,11150,129685208.3485
Nepal,2016,,72.5,2.23,27955462,104658109343.896
Nicaragua,2016,,75,2.41,6232666,44618147588.828
Niger,2016,,57.3,7.04,20685753,31028807190.6183
Nigeria,2016,,61.8,5.34,195443700,1122737646931.36
Noruega,2016,,82.4,1.71,5235983,449182506526.344
Nueva Zelanda,2016,,81.7,1.88,4714770,215119310738.777
Oman,2016,,74.9,2.95,4390877,175024701509.795
Paises Bajos,2016,,81.5,1.66,17204693,1105706673878.74
Pakistan,2016,,68.2,3.9,220138869,1075733265338.49
Palaos,2016,,68.6,2.06,17797,354213368.8743
Panama,2016,,78.7,2.5,4029086,123955786328.036
Papua Nueva Guinea,2016,,65.8,3.5,8961718,38318053102.4776
Paraguay,2016,,73.6,2.62,6249126,92653689558.4349
Peru,2016,,80.9,2.19,30866494,460449348510.481
Polonia,2016,,77.9,1.39,38263265,1250263862971.38
Portugal,2016,,81.5,1.36,10346372,379052764500.017
Reino Unido,2016,,81.2,1.79,65893358,3330308284319.57
Republica Centroafricana,2016,,52.9,6.13,4713663,5062213773.52914
Republica Checa,2016,,79,1.65,10531948,453605375983.81
Republica Democratica del Congo,2016,,59.8,6.39,83956415,105210666541.596
Republica Dominicana,2016,,73.8,2.41,10551430,200149814416.593
Republica Eslovaca,2016,,77.1,1.48,5427259,185158448692.283
Republica Kirguisa,2016,,72.3,3.1,6108462,34909923919.0894
Republica del Congo,2016,,63.5,4.55,5222536,41789821843.9187
Ruanda,2016,,61.6,4.11,11919183,27612424161.7096
Rumania,2016,,75.3,1.69,19777051,596988200465.501
Rusia,2016,,71.9,1.77,145778677,5103048075082.28
Samoa,2016,,73,4.26,203499,1401559726.99977
San Cristobal y Nieves,2016,,74.3,1.63,47075,1405990275.312
San Marino,2016,,85.8,1.13,34161,2072541673.87782
San Vicente y las Granadinas,2016,,74.3,2.06,106349,1617846898.85624
Santa Lucia,2016,,76.8,1.46,175646,3824774865.80542
Santa Sede,2016,,,1,,
Santo Tome y Principe,2016,,68.5,4.2,203689,1097580036.18057
Senegal,2016,,69.2,4.65,15034521,55778904619.7017
Serbia,2016,,75.4,1.46,7126083,134599783082.708
Seychelles,2016,,74.6,2.3,109821,3284211802.28154
Sierra Leona,2016,,56.6,4.47,7205328,19704547310.7787
Singapur,2016,,84.6,0.94,5577930,622383994198.611
Siria,2016,,67.6,3.01,19193834,96393597876.9685
Somalia,2016,,62.5,6.88,14348740,19853756495.7522
Sri Lanka,2016,,76.9,2.06,21910772,303368106453.333
Suazilandia,2016,,57.5,3.07,1149507,11069241638.0596
Sudafrica,2016,,63.7,2.26,57259551,831353187998.744
Sudan,2016,,68.1,4.83,41259892,172241937245.209
Sudan del Sur,2016,,56.2,4.58,10830102,3672953282.586
Suecia,2016,,82.4,1.85,9923280,591507742130.069
Suiza,2016,,83.4,1.54,8374901,647390001281.219
Surinam,2016,,72.9,2.5,587757,12901508429.313
Tailandia,2016,,76.7,1.4,70859841,1372598258224
Tanzania,2016,,66.5,5.01,53824013,173003663163.129
Tayikistan,2016,,72.6,3.38,8865631,28103755753.7382
Timor Oriental,2016,,69,3.58,1228312,5548999284.91624
Togo,2016,,62.3,4.63,7858289,18508378738.19
Tonga,2016,,71.9,3.46,105524,700588243.19172
Trinidad y Tobago,2016,,73.7,1.6,1437026,51668991145.2007
Tunez,2016,,75.1,2.28,11528674,147611684786.893
Turkmenistan,2016,,69.6,2.99,6360041,86196667102.3561
Turquia,2016,,76.3,2.12,81652088,2143081095752.45
Tuvalu,2016,,63.2,3.3,10930,47362411.4607
Ucrania,2016,,73.2,1.39,45616832,723337551868
Uganda,2016,,63.3,5.11,38799152,99101868386.9189
Uruguay,2016,,77,1.97,3379283,99123045888.0746
Uzbekistan,2016,,71.2,2.56,31284568,245270331116.418
Vanuatu,2016,,69.6,3.92,272087,924488311.3551
Venezuela,2016,,73.2,2.22,30765720,435935577151.56
Vietnam,2016,,75.2,2,94000117,915860832633.022
Yemen,2016,,69.2,4.61,32109010,62625477322.02
Yibuti,2016,,66.9,2.97,1037653,5423293674.28978
Zambia,2016,,59.1,4.67,16914423,60860997483.8522
Zimbabue,2016,,62.6,3.83,14600294,48842582814.6159
Afganistan,2017,,66.6,5.43,35688935,105389386510.95
Albania,2017,,78.8,1.49,2898242,41024730715.1195
Alemania,2017,,81,1.57,83104007,5151741826390.72
Andorra,2017,,83.7,1.13,73763,4664746876.08851
Angola,2017,,63.3,5.6,30234839,273386955644.692
Antigua y Barbuda,2017,,77.6,1.49,90468,2460656794.97232
Arabia Saudita,2017,,74.1,2.67,30782402,1783610820831.5
Argelia,2017,,75.3,3.09,41689299,643168505288.503
Argentina,2017,,76.9,2.17,44288894,1254921567728.18
Armenia,2017,,76.4,1.56,2914963,41520368310.1287
Australia,2017,,83.1,1.75,24731038,1401870167134.83
Austria,2017,,81.6,1.52,8798778,550910319349.005
Azerbaiyan,2017,,72.7,1.96,9968510,195970986437.273
Bahamas,2017,,72.9,1.42,390485,12905479580.308
Banglades,2017,,70.3,2.21,162186147,974042509156.297
Barbados,2017,,77.3,1.72,280171,5250502272.04993
Barein,2017,,76.7,1.98,1481995,79819917191.8452
Belgica,2017,,81.3,1.64,11376581,666157435156.071
Belice,2017,,74.2,2.37,373202,4319608803.2449
Benin,2017,,64.1,5.16,12039780,36622353580.554
Bielorrusia,2017,,74.4,1.55,9495790,242180447645.032
Bolivia,2017,,71.1,2.78,11344587,109393741894.035
Bosnia y Herzegovina,2017,,77,1.42,3428682,53329925583.2068
Botsuana,2017,,68.8,2.97,2266747,39334624586.6325
Brasil,2017,,76.1,1.74,204703445,3628262108645.46
Brunei,2017,,77.6,1.88,432772,34174647796.8396
Bulgaria,2017,,75.3,1.56,7075636,188788078360.986
Burkina Faso,2017,,66.9,5.17,19894407,44410042432.2227
Burundi,2017,,61.5,5.48,11506762,10137381837.6413
Butan,2017,,71.7,1.62,754335,10170202852.3675
Cabo Verde,2017,,75.3,1.93,512893,4223448182.08
Camboya,2017,,72.8,2.72,16073372,90525733557.6087
Camerun,2017,,59.6,4.8,24128601,115768434999.559
Canada,2017,,82.1,1.55,36808497,2083814725227.6
Catar,2017,,81.5,1.83,2706709,311447318697.283
Chad,2017,,56.8,6.54,15622759,39002104578.4972
Chile,2017,,80.4,1.56,18558868,517662406576.411
China,2017,,78.6,1.8,1412354727,23668203271271.8
Chipre,2017,,80.3,1.32,1254275,52840807633.9027
Cisjordania y Gaza,2017,,76.4,3.77,4742743,30480638042.0885
Colombia,2017,,79.6,1.72,48131078,817556099448.627
Comoras,2017,,75.5,4.28,756669,2449326959.634
Corea del Norte,2017,,73.4,1.85,25817709,43498310980.6643
Corea del Sur,2017,,82.9,1.04,51486270,2305948949949.67
Costa Rica,2017,,80,1.71,4913177,111148609291.811
Costa de Marfil,2017,,62.3,4.76,26733372,148533653347.062
Croacia,2017,,78.1,1.42,4079200,131969757159.824
Cuba,2017,,78.2,1.59,11247829,183873776935.776
Dinamarca,2017,,81,1.75,5765168,373673576989.471
Dominica,2017,,73.4,1.54,68496,1117459467.94176
Ecuador,2017,,78.8,2.13,16759519,237635796677.046
Egipto,2017,,70,3.31,103696057,1453648718787.19
El Salvador,2017,,72.6,1.9,6213533,62537926488.3002
Emiratos Arabes Unidos,2017,,79.2,1.35,9234327,635985180116.533
Eritrea,2017,,61.9,4.11,3150347,4912849583.661
Eslovenia,2017,,81,1.62,2062410,86009311099.5195
Espana,2017,,83,1.31,46868596,2130001971271.99
Estados Unidos,2017,,78.7,1.75,332204660,21977183845243
Estonia,2017,,78.1,1.6,1317425,52617239875.983
Etiopia,2017,,63.9,4.4,109666481,243769752044.888
Filipinas,2017,,71,2.53,108119693,928114173857.777
Finlandia,2017,,81.6,1.49,5508396,306471874691.847
Fiyi,2017,,68.1,2.46,918759,12027015341.8189
Francia,2017,,82.8,1.86,65284776,3387990421288.65
Gabon,2017,,66,3.91,2156900,42179706326.372
Gambia,2017,,66.4,4.61,2342189,5933202351.59276
Georgia,2017,,73.3,2.14,3792859,61587019161.445
Ghana,2017,,64.2,3.72,30008354,179858996292.121
Granada,2017,,75.6,1.44,115438,1881809375.52872
Grecia,2017,,81.1,1.35,10753533,344063706746.639
Guatemala,2017,,72.6,2.86,16567357,182331369527.252
Guinea,2017,,60.6,4.79,12385659,41278500230.2358
Guinea Ecuatorial,2017,,61.9,4.6,1562396,34763996766.8523
Guinea-Bisau,2017,,59.8,4.35,1877072,4343841110.29312
Guyana,2017,,69.5,2.59,768479,9837792158.76715
Haiti,2017,,61.3,2.99,10817754,37584630399.3952
Honduras,2017,,75,2.66,9588137,58483870918.007
Hungria,2017,,76.1,1.52,9785604,331034408231.724
India,2017,,69.9,2.19,1359657400,9961675342862.36
Indonesia,2017,,72,2.25,267346658,3147358403182.09
Irak,2017,,69.6,3.64,39337353,567151427876.164
Iran,2017,,77.5,2.02,85026754,1284593502209.16
Irlanda,2017,,82,1.77,4810261,423026114678.813
Islandia,2017,,82.4,1.71,343531,21985695595.4196
Islas Marshall,2017,,63.7,3.06,46529,241920299.30992
Islas Salomon,2017,,64,4.06,685672,1853824446.34712
Israel,2017,,83.1,3.12,8361797,359114586345.63
Italia,2017,,82.7,1.32,60390318,2950019830207.94
Jamaica,2017,,75,1.43,2815764,28057373516.0393
Japon,2017,,84.3,1.39,127064690,5655049512535.33
Jordania,2017,,77.1,2.99,10234226,95585730430.7504
Kazajistan,2017,,73,2.75,18651931,587991710096.288
Kenia,2017,,68.1,3.61,49197766,238454787922.046
Kiribati,2017,,70.6,3.34,120275,339496536.82725
Kuwait,2017,,79.8,2.16,4154685,217230144523.657
Laos,2017,,65.8,2.69,7018147,52162094254.9056
Lesoto,2017,,54.8,3.11,2157110,6308858545.6256
Letonia,2017,,75.6,1.7,1942594,64176296084.3845
Libano,2017,,80.3,2.37,6160128,99354140789.929
Liberia,2017,,60.2,4.4,4848925,8055533212.87175
Libia,2017,,74,2.63,6738770,103939162010.021
Liechtenstein,2017,,83.1,1.46,37850,
Lituania,2017,,75.5,1.63,2829313,109705166361.92
Luxemburgo,2017,,82.5,1.39,596495,78838645131.83
Macedonia del Norte,2017,,76.1,1.73,1940879,39050374636.4003
Madagascar,2017,,61.8,4.26,26788375,44729290168.185
Malasia,2017,,75.2,1.89,32355644,956159294260.269
Malaui,2017,,61.3,4.11,18039715,29099131132.4824
Maldivas,2017,,75.9,1.8,458287,9182566717.54985
Mali,2017,,62.1,6.25,19813011,55797268632.8962
Malta,2017,,82.4,1.27,467902,24133908489.5165
Marruecos,2017,,72.4,2.38,35446392,299522323973.786
Mauricio,2017,,74.8,1.4,1290655,31070237969.7268
Mauritania,2017,,67.8,5.11,4210600,25476748193.186
Mexico,2017,,75.9,2.04,123400057,2687347519052.78
"Micronesia, Estados Federados de",2017,,66.4,2.96,109481,417318542.67165
Moldavia,2017,,73.5,1.81,3193497,41894918508.9242
Monaco,2017,,79.9,2.42,37678,13293565497.7054
Mongolia,2017,,70.9,2.89,3104364,44707614590.6936
Montenegro,2017,,76.5,1.79,620114,14101631965.8485
Mozambique,2017,,63,5.13,28166393,43151121380.6525
Myanmar,2017,,65.3,2.25,51894938,305031941052.471
Namibia,2017,,64.4,3.51,2506853,28599997269.5494
Nauru,2017,,58.9,3.88,11324,121889532.2182
Nepal,2017,,72.8,2.17,28011258,114053560207.235
Nicaragua,2017,,75.3,2.38,6316231,46684506607.91
Niger,2017,,57.6,6.87,21435446,32581910930.5868
Nigeria,2017,,62.3,5.18,200254579,1131785638823.08
Noruega,2017,,82.6,1.62,5276802,460106062162.495
Nueva Zelanda,2017,,81.7,1.81,4812752,222316841518.697
Oman,2017,,75.1,2.92,4537396,175556877358.923
Paises Bajos,2017,,81.7,1.62,17315370,1137031149794.25
Pakistan,2017,,68.5,3.9,223273967,1123416497595.64
Palaos,2017,,68.8,2.02,17812,342665947.7086
Panama,2017,,78.8,2.46,4098707,131075880409.735
Papua Nueva Guinea,2017,,66,3.43,9178714,39672447109.0535
Paraguay,2017,,73.7,2.59,6338660,97110405109.889
Peru,2017,,80.2,2.15,31324637,472047309859.224
Polonia,2017,,77.9,1.47,38254959,1314233767025.25
Portugal,2017,,81.7,1.38,10330844,391984402558.911
Reino Unido,2017,,81.2,1.74,66354471,3423966376892.91
Republica Centroafricana,2017,,52.6,6.13,4793511,5291394244.94199
Republica Checa,2017,,79.1,1.72,10541342,476231716544.743
Republica Democratica del Congo,2017,,60.2,6.35,87083398,109131812768.615
Republica Dominicana,2017,,73.7,2.4,10666843,208023431470.503
Republica Eslovaca,2017,,77.2,1.52,5435700,190481698101.468
Republica Kirguisa,2017,,72.8,3.04,6220150,36457680023.3
Republica del Congo,2017,,63.7,4.5,5351011,39451775885.4452
Ruanda,2017,,62.4,4.08,12202060,28694326103.5522
Rumania,2017,,75.4,1.77,19689401,646779254588.17
Rusia,2017,,72.7,1.63,146186799,5199921545379.29
Samoa,2017,,73.1,4.2,205415,1421269616.17795
San Cristobal y Nieves,2017,,74.5,1.61,47050,1409096686.4705
San Marino,2017,,85.9,1.05,34378,2046335316.46062
San Vicente y las Granadinas,2017,,74.4,1.94,105663,1641286760.10864
Santa Lucia,2017,,77,1.45,176342,3954045607.22768
Santa Sede,2017,,,1,,
Santo Tome y Principe,2017,,68.9,4.07,206970,1142723281.425
Senegal,2017,,69.4,4.49,15475002,59910719241.1529
Serbia,2017,,75.6,1.48,7073507,137494151494.764
Seychelles,2017,,74.9,2.31,112427,3552206172.98162
Sierra Leona,2017,,56.7,4.39,7379299,20336641771.2927
Singapur,2017,,84.8,0.94,5604078,652717168565.222
Siria,2017,,69.7,2.97,19224668,95696400495.5228
Somalia,2017,,63.1,6.77,14916629,22779365532.1086
Sri Lanka,2017,,77,2.04,22087522,321870101143.938
Suazilandia,2017,,58.4,3.02,1158195,11230497580.362
Sudafrica,2017,,64.5,2.28,57635162,840979816864.542
Sudan,2017,,68.5,4.76,42714306,173463578764.943
Sudan del Sur,2017,,56.2,4.48,10259154,3242415880.854
Suecia,2017,,82.5,1.79,10057862,602301666383.929
Suiza,2017,,83.6,1.52,8453628,656228958556.141
Surinam,2017,,73,2.43,593713,13103550935.9909
Tailandia,2017,,77.4,1.36,71160187,1429941035645.56
Tanzania,2017,,67.1,4.99,55652890,184732906910.192
Tayikistan,2017,,72.9,3.29,9085946,30099122527.2709
Timor Oriental,2017,,69.1,3.4,1251703,5372407084.07242
Togo,2017,,62.6,4.58,8057140,19250219199.393
Tonga,2017,,72,3.39,105356,723023319.34296
Trinidad y Tobago,2017,,73.7,1.59,1445261,49361276919.4919
Tunez,2017,,75.3,2.21,11650498,150914996251.059
Turkmenistan,2017,,69.7,2.93,6507061,91799450517.5343
Turquia,2017,,76.7,2.08,83083662,2314044658518.08
Tuvalu,2017,,63.4,3.3,10869,48522029.44065
Ucrania,2017,,73.1,1.3,45436041,741078201587.374
Uganda,2017,,63.9,4.99,40177388,102205149627.426
Uruguay,2017,,77.2,1.82,3388438,100848160033.954
Uzbekistan,2017,,71.4,2.57,31819178,256050635646.818
Vanuatu,2017,,69.7,3.88,278507,965282895.10283
Venezuela,2017,,72.9,2.18,30565323,375078143179.926
Vietnam,2017,,75.4,1.99,95176977,979423317889.05
Yemen,2017,,69.2,4.61,33090921,60513896687.436
Yibuti,2017,,67.1,2.92,1054841,5719302005.86809
Zambia,2017,,59.5,4.57,17441320,63006872799.0936
Zimbabue,2017,,63.3,3.77,14812482,51154991610.6467
Afganistan,2018,,66.3,5.33,36743039,106642706491.022
Albania,2018,,78.9,1.42,2894231,42576981823.496
Alemania,2018,,81.1,1.57,83368505,5210156316690.57
Andorra,2018,,83.8,1.05,75162,4738858764.96672
Angola,2018,,63.6,5.52,31297155,269788194347.292
Antigua y Barbuda,2018,,77.8,1.37,90926,2625816199.16902
Arabia Saudita,2018,,74.3,2.67,30365121,1863187590455.36
Argelia,2018,,75.4,3.02,42505035,652172864250.514
Argentina,2018,,77.2,2.07,44654882,1222075295024.37
Armenia,2018,,77,1.57,2909965,43757275351.8166
Australia,2018,,83.3,1.74,25119706,1443136681312.77
Austria,2018,,81.7,1.48,8841650,564590472090.972
Azerbaiyan,2018,,72.9,1.91,10039784,198605510256.603
Bahamas,2018,,72.9,1.4,392717,13215020092.5116
Banglades,2018,,70.5,2.19,163523103,1045336699173.93
Barbados,2018,,77.2,1.72,280711,5188857959.22204
Barein,2018,,76.9,1.91,1497626,82209292506.0275
Belgica,2018,,81.5,1.62,11428605,678674877373.025
Belice,2018,,74.3,2.34,380226,4367581134.66444
Benin,2018,,64.6,5.03,12383347,39075045541.3313
Bielorrusia,2018,,74.4,1.46,9480031,249926446317.752
Bolivia,2018,,71.3,2.73,11508368,114014121854.586
Bosnia y Herzegovina,2018,,77.1,1.5,3387000,55371128029.02
Botsuana,2018,,69,2.94,2299141,40982231020.0484
Brasil,2018,,76.5,1.74,206107261,3692978212958.01
Brunei,2018,,77.8,1.85,437810,34192545417.6137
Bulgaria,2018,,75.5,1.56,7024745,194862927625.753
Burkina Faso,2018,,67.4,4.92,20438288,47343134233.7242
Burundi,2018,,61.8,5.38,11859446,10300587168.8475
Butan,2018,,71.9,1.52,759759,10526350324.0896
Cabo Verde,2018,,75.1,1.8,513415,4380009913.8523
Camboya,2018,,73.1,2.72,16274522,98470474389.5594
Camerun,2018,,60.2,4.74,24806383,120347671989.095
Canada,2018,,82.2,1.51,37295005,2138402010175.9
Catar,2018,,81.7,1.76,2761142,317282676737.761
Chad,2018,,57,6.46,16156531,41241260554.831
Chile,2018,,80.7,1.54,18893191,538317289205.23
China,2018,,79.2,1.54,1419008956,25267994813983.3
Chipre,2018,,80.4,1.32,1270737,56202041872.9879
Cisjordania y Gaza,2018,,76.6,3.67,4850592,30767001796.9882
Colombia,2018,,79.6,1.72,49024465,838520888723.478
Comoras,2018,,76,4.21,771590,2548759983.7551
Corea del Norte,2018,,73.5,1.83,25931147,41691060900.72
Corea del Sur,2018,,83,0.95,51640894,2369822852417.19
Costa Rica,2018,,80.1,1.71,4957818,114056150672.889
Costa de Marfil,2018,,62.9,4.6,27464173,155727355117.809
Croacia,2018,,78.3,1.47,4024868,135762317628.558
Cuba,2018,,78.2,1.61,11227118,187808221819.875
Dinamarca,2018,,81.1,1.73,5793824,380623872121.613
Dominica,2018,,75.9,1.52,68174,1150581084.98126
Ecuador,2018,,78.9,2.11,17049547,240117414521.329
Egipto,2018,,70.2,3.02,105682094,1531144310872.95
El Salvador,2018,,72.7,1.85,6219807,64046619093.9033
Emiratos Arabes Unidos,2018,,79.5,1.29,9346870,643578452509.213
Eritrea,2018,,62.2,4.06,3192760,5635451278.72
Eslovenia,2018,,81.3,1.61,2069481,89757490529.0818
Espana,2018,,83.1,1.26,47092821,2181584819491.84
Estados Unidos,2018,,78.8,1.72,335056497,22689947452999.4
Estonia,2018,,78.4,1.67,1321965,54561725243.1157
Etiopia,2018,,64.2,4.37,112664152,260385458376.778
Filipinas,2018,,71.3,2.38,109465287,986970400343.254
Finlandia,2018,,81.7,1.41,5515736,310129632462.809
Fiyi,2018,,68.2,2.42,917180,12485527407.078
Francia,2018,,82.9,1.84,65519543,3443769660826.6
Gabon,2018,,66.1,3.91,2212318,42533137091.3667
Gambia,2018,,66.8,4.42,2399632,6362463040.72224
Georgia,2018,,73.7,2.09,3794877,65380717981.0732
Ghana,2018,,64.4,3.65,30637585,191010393784.527
Granada,2018,,75.4,1.53,115691,1963883370.0916
Grecia,2018,,81.4,1.35,10730844,351138229706.598
Guatemala,2018,,72.8,2.74,16845685,188543168566.485
Guinea,2018,,61.1,4.67,12704774,43903190400.8506
Guinea Ecuatorial,2018,,62.1,4.51,1616422,32595924801.3343
Guinea-Bisau,2018,,60,4.24,1922168,4507232674.97736
Guyana,2018,,69.9,2.55,791556,10274679940.4256
Haiti,2018,,61.5,2.92,10962362,38211471020.8306
Honduras,2018,,75,2.65,9765210,60732572709.8454
Hungria,2018,,76.3,1.52,9774394,349904159898.984
India,2018,,70.2,2.18,1374659064,10604587060113
Indonesia,2018,,72.2,2.22,269951846,3310211902626.98
Irak,2018,,70.9,3.55,40265624,582089351554.233
Iran,2018,,77.7,1.92,86117998,1260982576448.26
Irlanda,2018,,82.2,1.76,4872556,454192069141.831
Islandia,2018,,82.6,1.71,352854,23060512612.0208
Islas Marshall,2018,,63.9,3.04,45285,255194900.1375
Islas Salomon,2018,,64,3.93,709101,1904730385.21101
Israel,2018,,83.3,3.1,8510067,372862586007.765
Italia,2018,,83,1.29,60277499,2961623009996.43
Jamaica,2018,,75,1.4,2820097,28587636460.7718
Japon,2018,,84.4,1.37,126913432,5691875778302.87
Jordania,2018,,77.4,2.92,10462306,97420088324.455
Kazajistan,2018,,73.3,2.85,18932727,612099370158.756
Kenia,2018,,68.4,3.54,50207107,251922586635.41
Kiribati,2018,,68.6,3.32,122084,351309114.95524
Kuwait,2018,,80,2.12,4323387,223189700008.591
Laos,2018,,65.9,2.63,7128045,55421161104.8587
Lesoto,2018,,55.9,3.02,2183603,6215447495.46284
Letonia,2018,,75.9,1.61,1927588,66944565068.8526
Libano,2018,,79.7,2.35,5984119,97481607589.7464
Liberia,2018,,60.7,4.34,4944726,8148782060.80344
Libia,2018,,74.3,2.58,6849055,112193353212.785
Liechtenstein,2018,,83.3,1.56,38129,
Lituania,2018,,75.9,1.64,2802478,114957059488.016
Luxemburgo,2018,,82.8,1.38,608101,80107506959.1446
Macedonia del Norte,2018,,76.2,1.73,1919728,39939511539.2546
Madagascar,2018,,62,4.25,27494926,46158103163.669
Malasia,2018,,75.4,1.84,32910967,1002466920378.97
Malaui,2018,,61.5,4.02,18528081,30365980628.7295
Maldivas,2018,,76,1.71,473099,9969416780.89346
Mali,2018,,62.3,6.12,20442030,58513395865.6296
Malta,2018,,82.5,1.23,484558,25859865987.0799
Marruecos,2018,,72.4,2.35,35839760,308643053180
Mauricio,2018,,74.8,1.37,1288833,32251929424.9671
Mauritania,2018,,68.1,5.04,4337685,26692542857.6384
Mexico,2018,,75.9,2.03,124573711,2740344217591.34
"Micronesia, Estados Federados de",2018,,66.6,2.92,109909,417318543.40945
Moldavia,2018,,74,1.81,3153773,43823266503.488
Monaco,2018,,80.2,2.49,38154,13600623604.08
Mongolia,2018,,71.4,2.92,3167706,48244925417.0213
Montenegro,2018,,76.7,1.78,615795,14703783093.6856
Mozambique,2018,,63.2,5.07,29018644,44654908521.9773
Myanmar,2018,,65.8,2.23,52272247,324153972679.582
Namibia,2018,,64.9,3.46,2577327,28903139929.3151
Nauru,2018,,59.1,3.68,11477,120403550.06551
Nepal,2018,,73.1,2.12,28079689,122747151516.641
Nicaragua,2018,,75,2.35,6400080,45114340114.2024
Niger,2018,,57.9,6.71,22188069,34931528604.7882
Nigeria,2018,,62.8,5.02,204938755,1153547129720.32
Noruega,2018,,82.7,1.57,5311752,463920296948.842
Nueva Zelanda,2018,,81.7,1.72,4900847,230084657427.851
Oman,2018,,75.6,2.81,4597877,177816476821.562
Paises Bajos,2018,,81.7,1.59,17421280,1163014409632.13
Pakistan,2018,,68.9,3.86,226928892,1192525739713.93
Palaos,2018,,68.9,1.97,17814,343042908.80082
Panama,2018,,78.9,2.4,4167860,136211693025.99
Papua Nueva Guinea,2018,,66.2,3.38,9394513,39561660862.8061
Paraguay,2018,,73.7,2.56,6427382,100222065587.721
Peru,2018,,79.7,2.12,31897584,490784525899.453
Polonia,2018,,77.8,1.44,38241071,1395814825023.84
Portugal,2018,,81.8,1.41,10325353,403965133033.01
Reino Unido,2018,,81.2,1.68,66752475,3475886126197.41
Republica Centroafricana,2018,,53.5,6.11,4878657,5491908673.26444
Republica Checa,2018,,79.2,1.74,10548937,488427197471.792
Republica Democratica del Congo,2018,,60.5,6.3,90047644,115484507785.748
Republica Dominicana,2018,,73.6,2.4,10782053,222787928628.355
Republica Eslovaca,2018,,77.4,1.55,5443232,198219216326.167
Republica Kirguisa,2018,,73.5,3.28,6341732,37744902969.2296
Republica del Congo,2018,,63.8,4.44,5483118,38542681600.8694
Ruanda,2018,,63,4.05,12487996,31138068995.9999
Rumania,2018,,75.4,1.75,19597872,687202914392.407
Rusia,2018,,73.1,1.58,146430146,5350073628600.82
Samoa,2018,,73.2,4.14,207582,1412604886.47894
San Cristobal y Nieves,2018,,74.7,1.59,47008,1437328297.47936
San Marino,2018,,86.1,1.08,34529,2043911155.28941
San Vicente y las Granadinas,2018,,74.5,1.9,104926,1693407650.65786
Santa Lucia,2018,,77.2,1.44,177017,4068190166.21481
Santa Sede,2018,,,1,,
Santo Tome y Principe,2018,,69.3,3.98,210187,1192753169.24873
Senegal,2018,,69.9,4.29,15914498,63630720120.5023
Serbia,2018,,75.7,1.49,7020019,143581021300.15
Seychelles,2018,,75.4,2.29,115040,3778077445.72
Sierra Leona,2018,,57.5,4.29,7554563,20925154999.3498
Singapur,2018,,85.1,0.95,5634369,675717304456.198
Siria,2018,,72.3,2.93,19577845,97029619776.4712
Somalia,2018,,63.7,6.66,15452487,23247325480.5168
Sri Lanka,2018,,77.2,2.03,22253118,328452124936.507
Suazilandia,2018,,58.9,2.97,1168929,11259313459.4301
Sudafrica,2018,,65.1,2.27,58613001,854072054372.566
Sudan,2018,,68.9,4.68,44230596,168813142548.606
Sudan del Sur,2018,,56.2,4.37,10122977,4987408554.314
Suecia,2018,,82.7,1.75,10175405,613764766802.592
Suiza,2018,,83.7,1.51,8516344,675016976668.348
Surinam,2018,,73,2.38,599513,13751950155.2748
Tailandia,2018,,77.8,1.32,71376079,1490325590337.6
Tanzania,2018,,67.7,4.93,57437145,194866353950.504
Tayikistan,2018,,73.3,3.29,9307333,32386655532.0759
Timor Oriental,2018,,69.1,3.24,1275959,5372413247.8895
Togo,2018,,63.1,4.51,8258778,20173278809.8393
Tonga,2018,,72.1,3.33,105567,727994440.47792
Trinidad y Tobago,2018,,73.8,1.59,1470518,49635269453.3654
Tunez,2018,,75.5,2.13,11765514,154876409376.913
Turkmenistan,2018,,69.9,2.88,6655524,97491016377.1734
Turquia,2018,,77.1,2,84415969,2389432939410.7
Tuvalu,2018,,63.4,3.33,10751,49195167.619
Ucrania,2018,,73.4,1.23,45208907,767601325789.873
Uganda,2018,,64.4,4.87,41565831,108648084358.481
Uruguay,2018,,77.2,1.68,3394534,101014335196.246
Uzbekistan,2018,,71.6,2.71,32373490,270284991847.024
Vanuatu,2018,,69.9,3.83,285259,993278319.08448
Venezuela,2018,,72.7,2.15,29807592,316621637398.152
Vietnam,2018,,75.6,1.88,96237319,1052537336537.35
Yemen,2018,,68.2,4.61,34085182,62365896101.674
Yibuti,2018,,67.6,2.86,1071882,5992360897.93614
Zambia,2018,,59.8,4.49,17973569,65548881089.2265
Zimbabue,2018,,63.9,3.74,15034452,53717816453.1257
Afganistan,2019,,66.2,5.24,37856121,110814146216.502
Albania,2019,,78.9,1.4,2885010,43501643393.5197
Alemania,2019,,81.3,1.54,83559186,5261781778317.5
Andorra,2019,,83.9,1.05,76474,4834372720.54046
Angola,2019,,63.8,5.44,32375632,267893544890.898
Antigua y Barbuda,2019,,77.9,1.47,91364,2709112916.2006
Arabia Saudita,2019,,74.3,2.49,30472811,1909051952265.52
Argelia,2019,,75.5,3,43294546,658042420268.654
Argentina,2019,,77.5,1.88,44973465,1197623267112.74
Armenia,2019,,77.3,1.6,2903972,47088953733.0976
Australia,2019,,83.3,1.67,25482714,1473845276163.91
Austria,2019,,81.9,1.46,8880876,574487383935.586
Azerbaiyan,2019,,72.9,1.85,10110475,203235631317.652
Bahamas,2019,,70,1.4,394675,13104139293.8615
Banglades,2019,,70.8,2.18,164913055,1127729251535.5
Barbados,2019,,77.1,1.72,281207,5222719690.21478
Barein,2019,,77,1.84,1485670,84311717292.5028
Belgica,2019,,81.8,1.61,11490618,695258913873.038
Belice,2019,,74.4,2.14,385829,4553973639.952
Benin,2019,,64.9,4.9,12726755,41757815646.2485
Bielorrusia,2019,,74.5,1.39,9435419,252858101444.248
Bolivia,2019,,71.5,2.69,11671386,116541479347.759
Bosnia y Herzegovina,2019,,77.1,1.51,3345533,56969882618.7048
Botsuana,2019,,69.2,2.91,2332083,42224719378.1548
Brasil,2019,,76.7,1.71,207455459,3738061273505.6
Brunei,2019,,78,1.82,442680,35515401718.2888
Bulgaria,2019,,75.5,1.58,6975469,203682534012.204
Burkina Faso,2019,,67.5,4.68,20961952,50131268497.999
Burundi,2019,,62,5.27,12255336,10487292009.7939
Butan,2019,,72.2,1.45,764824,11132157412.8416
Cabo Verde,2019,,75.3,1.7,514104,4684325393.53272
Camboya,2019,,73.3,2.73,16481304,106286026894.266
Camerun,2019,,60.7,4.65,25506095,124529825757.382
Canada,2019,,82.3,1.48,37782935,2175686702911.42
Catar,2019,,81.8,1.73,2797921,316615464975.47
Chad,2019,,57.3,6.41,16685223,43463610529.8005
Chile,2019,,80.8,1.43,19197744,541732199274.416
China,2019,,80.1,1.5,1423520357,26791383527035.2
Chipre,2019,,80.3,1.33,1286671,59438530805.9062
Cisjordania y Gaza,2019,,76.8,3.59,4957768,31084666698.5068
Colombia,2019,,80,1.71,49907985,865243336961.226
Comoras,2019,,75.7,4.14,786578,2641248622.25198
Corea del Norte,2019,,73.6,1.83,26037632,38902305218.56
Corea del Sur,2019,,83.4,0.88,51767846,2420522710125.34
Costa Rica,2019,,80.4,1.6,4999553,116813471591.941
Costa de Marfil,2019,,63.5,4.52,28193009,166194369652.659
Croacia,2019,,78.5,1.47,3986334,140013953057.638
Cuba,2019,,78.3,1.54,11202846,187501930547.845
Dinamarca,2019,,81.4,1.7,5814618,387138360402.231
Dominica,2019,,75.9,1.5,67880,1196007148.6952
Ecuador,2019,,78.8,2.04,17340021,240514579383.68
Egipto,2019,,70.5,2.87,107553158,1616154868114.5
El Salvador,2019,,72.8,1.84,6222318,65607737261.6489
Emiratos Arabes Unidos,2019,,79.8,1.25,9377847,646019674414.632
Eritrea,2019,,62.4,4,3240194,5901297288.126
Eslovenia,2019,,81.5,1.61,2083439,92881331056.351
Espana,2019,,83.3,1.23,47435119,2224537126286.49
Estados Unidos,2019,,78.9,1.68,337790067,23345550693199.5
Estonia,2019,,78.8,1.66,1326822,56592321608.0149
Etiopia,2019,,64.5,4.35,115737383,282164320871.706
Filipinas,2019,,71.6,2.22,110804683,1047358436968.66
Finlandia,2019,,81.9,1.35,5521759,314312256661.596
Fiyi,2019,,68.3,2.39,914899,12412868285.3381
Francia,2019,,83,1.83,65729459,3513144596594.21
Gabon,2019,,66.2,3.88,2267706,44200780058.0926
Gambia,2019,,66.6,4.33,2456844,6758338855.11408
Georgia,2019,,74.2,2.02,3796722,69050533671.9513
Ghana,2019,,64.6,3.59,31258945,203440920015.121
Granada,2019,,75.3,1.54,115981,1977169272.13633
Grecia,2019,,81.6,1.34,10718576,359101779051.074
Guatemala,2019,,73.1,2.59,17103803,196118640674.917
Guinea,2019,,61.4,4.58,13034346,46369195021.5296
Guinea Ecuatorial,2019,,62.1,4.43,1670177,30809073118.9238
Guinea-Bisau,2019,,60.3,4.15,1967696,4758093765.1536
Guyana,2019,,70.2,2.52,807665,10824667124.2467
Haiti,2019,,61.6,2.86,11105163,37553050291.2708
Honduras,2019,,75.2,2.61,9943633,62287104450.0457
Hungria,2019,,76.4,1.53,9770346,367977383719.876
India,2019,,70.9,2.12,1389030312,11015136956492.3
Indonesia,2019,,72.5,2.21,272489381,3476360962105.13
Irak,2019,,70.9,3.48,41192171,614184539084.24
Iran,2019,,77.9,1.77,87051648,1222262996797.84
Irlanda,2019,,82.4,1.72,4933491,475438774208.629
Islandia,2019,,82.9,1.74,360700,23489777710.465
Islas Marshall,2019,,64.1,3.01,44007,281868164.12955
Islas Salomon,2019,,64,3.8,728147,1938035858.60031
Israel,2019,,83.5,3.03,8657474,385957185120.095
Italia,2019,,83.2,1.26,60130136,2987904330806.16
Jamaica,2019,,75.1,1.39,2823271,28842721573.1813
Japon,2019,,84.6,1.32,126699424,5667380567471.68
Jordania,2019,,77.6,2.86,10671891,99126148655.0272
Kazajistan,2019,,73.5,2.89,19209555,639643841923.195
Kenia,2019,,68.7,3.43,51202827,264806307599.633
Kiribati,2019,,71,3.29,123921,362776853.81448
Kuwait,2019,,80.2,2.09,4442194,228242795156.227
Laos,2019,,66.1,2.59,7237636,58445901194.6527
Lesoto,2019,,56.5,2.92,2209405,6127312838.592
Letonia,2019,,76.2,1.61,1914263,67397742037.32
Libano,2019,,77.6,2.33,5794594,90740827765.6634
Liberia,2019,,60.9,4.26,5043721,7947727343.70465
Libia,2019,,74.2,2.54,6951033,99632092383.3805
Liechtenstein,2019,,83.4,1.48,38440,
Lituania,2019,,76,1.61,2795058,120361689952.525
Luxemburgo,2019,,83,1.34,620163,82310980808.6901
Macedonia del Norte,2019,,76.1,1.65,1897641,41303457065.0706
Madagascar,2019,,62.3,4.22,28219554,48194244365.9332
Malasia,2019,,75.9,1.78,33440596,1046707664693.56
Malaui,2019,,61.8,3.95,19025752,32101950627.9164
Maldivas,2019,,76.1,1.64,487731,10659605470.4091
Mali,2019,,62.6,5.89,21068405,61439065146.0494
Malta,2019,,82.6,1.15,504015,26885275883.3669
Marruecos,2019,,72.5,2.34,36210898,317503518815.65
Mauricio,2019,,74.9,1.35,1286270,33107760027.223
Mauritania,2019,,68,4.98,4467708,27530956925.1486
Mexico,2019,,76,2.02,125762982,2729583146954.5
"Micronesia, Estados Federados de",2019,,66.8,2.88,110282,434351952.99938
Moldavia,2019,,74.7,1.78,3112562,45509516452.6387
Monaco,2019,,80.4,2.4,38109,14569108046.82
Mongolia,2019,,72.3,3.01,3232113,51037314176.1804
Montenegro,2019,,76.9,1.81,611667,15190979057.1082
Mozambique,2019,,63.1,5.02,29884380,45689926152.0744
Myanmar,2019,,65.9,2.21,52640713,345480419318.343
Namibia,2019,,65.3,3.4,2650494,28660598617.9082
Nauru,2019,,59.3,3.53,11587,130621882.21786
Nepal,2019,,73.3,2.08,28414064,130918497445.271
Nicaragua,2019,,74.7,2.32,6483657,43807436428.1803
Niger,2019,,58,6.54,22947757,37006410036.924
Nigeria,2019,,63.4,4.86,209485641,1179022402672.12
Noruega,2019,,83,1.53,5347730,469133509162.191
Nueva Zelanda,2019,,81.9,1.72,4989403,235887312756.991
Oman,2019,,75.9,2.7,4591241,175809572453.289
Paises Bajos,2019,,82,1.57,17537507,1189882219545.85
Pakistan,2019,,69.2,3.81,230800899,1222310701921.7
Palaos,2019,,69,1.98,17798,343729046.2089
Panama,2019,,78.9,2.29,4234700,140438434345.777
Papua Nueva Guinea,2019,,66.3,3.32,9609010,41334226862.6239
Paraguay,2019,,73.5,2.53,6515058,99819318080.0739
Peru,2019,,79.6,2.09,32449303,501781200048.362
Polonia,2019,,78,1.44,38225885,1459526331058.13
Portugal,2019,,82,1.42,10343213,415676009236.303
Reino Unido,2019,,81.5,1.63,67110958,3533092905693.34
Republica Centroafricana,2019,,53.8,6.09,4944703,5662157846.39492
Republica Checa,2019,,79.3,1.75,10554875,504139002233.181
Republica Democratica del Congo,2019,,60.6,6.25,92947442,120547959039.616
Republica Dominicana,2019,,73.4,2.37,10894043,233691236882.677
Republica Eslovaca,2019,,77.7,1.57,5450626,202731333395.631
Republica Kirguisa,2019,,74.5,3.33,6494035,39533100064.4279
Republica del Congo,2019,,63.7,4.38,5616661,38976083957.0749
Ruanda,2019,,63.4,3.99,12776103,34079802222.9317
Rumania,2019,,75.7,1.71,19501542,714407054079.713
Rusia,2019,,73.5,1.5,146533067,5468514463379.69
Samoa,2019,,72,4.06,209780,1475492062.6514
San Cristobal y Nieves,2019,,74.8,1.57,46952,1479560547.24312
San Marino,2019,,86.3,1.1,34653,2085107296.19589
San Vicente y las Granadinas,2019,,74.5,1.86,104167,1704726869.69186
Santa Lucia,2019,,77.4,1.42,177661,4039699719.80971
Santa Sede,2019,,,1,,
Santo Tome y Principe,2019,,69.5,3.9,213392,1216778995.83024
Senegal,2019,,69.7,4.1,16352922,66566404943.5529
Serbia,2019,,75.8,1.51,6966153,150050387314.097
Seychelles,2019,,75.9,2.26,117650,4040815240.2085
Sierra Leona,2019,,57.8,4.19,7731991,22076605472.1784
Singapur,2019,,85.4,0.94,5669563,680994649336.486
Siria,2019,,74.1,2.88,20353534,98214065491.8747
Somalia,2019,,64.1,6.56,16030971,23903902693.4796
Sri Lanka,2019,,77.6,2.02,22410552,328033206408.148
Suazilandia,2019,,59.2,2.93,1179874,11944237365.7815
Sudafrica,2019,,65.9,2.26,59587885,856292091750.145
Sudan,2019,,69.2,4.62,45548175,165135964724.678
Sudan del Sur,2019,,56.4,4.26,10423384,6074998356.416
Suecia,2019,,83,1.71,10279125,629416365833.756
Suiza,2019,,83.9,1.48,8577524,682742629874.496
Surinam,2019,,73,2.35,605768,13912516519.7808
Tailandia,2019,,77.7,1.29,71522271,1521839386563.38
Tanzania,2019,,68.3,4.87,59174891,206202752504.8
Tayikistan,2019,,73.3,3.28,9529966,34783268041.4525
Timor Oriental,2019,,69.3,3.12,1300945,6630203369.86595
Togo,2019,,63.5,4.45,8463068,21166394322.9092
Tonga,2019,,72.2,3.27,105669,726477056.87922
Trinidad y Tobago,2019,,73.7,1.58,1484894,50180070490.1702
Tunez,2019,,75.8,2.1,11875081,157335609255.901
Turkmenistan,2019,,70.2,2.83,6803944,103632950485.365
Turquia,2019,,77.4,1.89,85357672,2401286601314.49
Tuvalu,2019,,63.6,3.33,10581,55994972.18106
Ucrania,2019,,73.4,1.22,44957458,792894666740.378
Uganda,2019,,64.9,4.74,42999637,115643657614.137
Uruguay,2019,,77.5,1.57,3397206,101952102939.518
Uzbekistan,2019,,71.7,2.87,32964701,288610108829.444
Vanuatu,2019,,70.1,3.79,291985,1025472334.16045
Venezuela,2019,,72.4,2.13,28938098,234867362049.502
Vietnam,2019,,75.7,1.94,97173776,1129996323280.82
Yemen,2019,,68.8,4.6,35111408,64726651748.72
Yibuti,2019,,67.7,2.8,1088709,6324642147.32595
Zambia,2019,,60.2,4.42,18513839,66493641171.8254
Zimbabue,2019,,64.3,3.75,15271368,50316162692.0215
Afganistan,2020,,64.6,5.15,39068979,108208794403.349
Albania,2020,,77.4,1.37,2871954,42110874244.8461
Alemania,2020,,81,1.53,83628708,5046378918880.79
Andorra,2020,,82.7,1.03,77380,4293699379.414
Angola,2020,,62.8,5.37,33451132,252789131746.197
Antigua y Barbuda,2020,,77.3,1.57,91846,2197936454.589
Arabia Saudita,2020,,72.4,2.27,30991207,1779537840159.72
Argelia,2020,,74.7,2.94,44042091,625140299209.673
Argentina,2020,,76.4,1.6,45191965,1079052757484.62
Armenia,2020,,70.7,1.62,2890892,43516412201.0942
Australia,2020,,83.8,1.59,25743791,1468934114781.74
Austria,2020,,81.3,1.44,8921405,538405919950.303
Azerbaiyan,2020,,70.1,1.76,10181730,194736754080.551
Bahamas,2020,,71.2,1.39,395863,10471575967.4131
Banglades,2020,,69.6,2.18,166298024,1166613553727.89
Barbados,2020,,76.5,1.71,281698,4436472512.15796
Barein,2020,,76.1,1.86,1483077,79810669417.465
Belgica,2020,,80.4,1.58,11540107,661927116721.762
Belice,2020,,73.2,2.04,390812,3920838781.134
Benin,2020,,65.1,4.8,13070169,43364987258.6927
Bielorrusia,2020,,74.2,1.37,9350944,249964716334.639
Bolivia,2020,,63.8,2.65,11816299,106358219572.119
Bosnia y Herzegovina,2020,,75.8,1.52,3299349,55252186452.8431
Botsuana,2020,,69,2.86,2365894,38538973282.2758
Brasil,2020,,75.2,1.65,208660842,3615574019903.44
Brunei,2020,,78,1.8,447404,35917994866.4218
Bulgaria,2020,,74.2,1.56,6933652,197926009040.452
Burkina Faso,2020,,67.2,4.44,21478690,51139294325.0468
Burundi,2020,,61.2,5.18,12617036,10521601941.5494
Butan,2020,,72.3,1.5,770006,9994629331.1217
Cabo Verde,2020,,73.3,1.59,514679,3709738572.29866
Camboya,2020,,73.4,2.7,16725474,102506791351.877
Camerun,2020,,60.2,4.56,26210558,124853519670.323
Canada,2020,,81.6,1.41,38171902,2064828077231.01
Catar,2020,,80.5,1.68,2803375,288921191477.725
Chad,2020,,56.5,6.35,17224679,43285890132.4346
Chile,2020,,79.4,1.31,19370624,508451018069.263
China,2020,,80.7,1.24,1426106093,27402848439771.4
Chipre,2020,,80.1,1.36,1302247,57564383961.2456
Cisjordania y Gaza,2020,,76,3.51,5069692,27496400034.2746
Colombia,2020,,77.5,1.69,50629997,803067693871.4
Comoras,2020,,74.3,4.07,802163,2747039031.34947
Corea del Norte,2020,,73.6,1.82,26136312,37776379912.32
Corea del Sur,2020,,83.5,0.81,51858482,2404241980248.41
Costa Rica,2020,,79.4,1.45,5034320,111821618032.905
Costa de Marfil,2020,,63.1,4.46,28915449,167357278996.033
Croacia,2020,,77.7,1.48,3953958,128478430217.952
Cuba,2020,,77.8,1.49,11176354,166972185580.647
Dinamarca,2020,,81.5,1.68,5831530,380242285496.06
Dominica,2020,,75.3,1.5,67573,1008157452.72121
Ecuador,2020,,73.7,1.97,17546065,218278775109.234
Egipto,2020,,69.1,2.85,109315124,1673531030592.11
El Salvador,2020,,71.3,1.82,6234673,60429252079.2724
Emiratos Arabes Unidos,2020,,79.5,1.29,9448524,621568098899.837
Eritrea,2020,,62.1,3.93,3291271,6294464191.42807
Eslovenia,2020,,80.4,1.59,2102419,89298617040.5735
Espana,2020,,82.1,1.19,47679489,1981247156815.38
Estados Unidos,2020,,77.1,1.62,339436159,22858333895584.8
Estonia,2020,,78.5,1.59,1329669,54969533191.4008
Etiopia,2020,,63.7,4.27,118917671,299262155550.793
Filipinas,2020,,71.7,2.08,112081264,947667773958.896
Finlandia,2020,,81.9,1.37,5529612,306477957130.29
Fiyi,2020,,68,2.36,914963,10297880951.4167
Francia,2020,,82.3,1.79,65905277,3249877087625.4
Gabon,2020,,65.4,3.83,2322539,43388475330.4537
Gambia,2020,,64.4,4.25,2515733,6798313587.9736
Georgia,2020,,73.2,1.98,3795678,64644738709.5023
Ghana,2020,,64.3,3.54,31887809,204486487850.045
Granada,2020,,74.6,1.53,116341,1705177563.90008
Grecia,2020,,81.2,1.39,10699369,326192870982.741
Guatemala,2020,,71.2,2.47,17357325,192616840338.763
Guinea,2020,,61.1,4.49,13371183,48550676019.7857
Guinea Ecuatorial,2020,,60.1,4.35,1716468,29332985524.6256
Guinea-Bisau,2020,,59.3,4.08,2013255,4859351476.2054
Guyana,2020,,69.6,2.49,807481,15531194688.0262
Haiti,2020,,61.6,2.8,11243848,36311732091.4779
Honduras,2020,,72.6,2.58,10119640,56703014302.5672
Hungria,2020,,75.7,1.58,9749457,352145718507.505
India,2020,,70.3,2.05,1402617695,10378712666463.4
Indonesia,2020,,71.4,2.19,274814866,3404556314872.93
Irak,2020,,67.5,3.42,42116605,540256417005.537
Iran,2020,,74.2,1.7,87723443,1262967880560.14
Irlanda,2020,,82.2,1.65,4982606,508080382685.636
Islandia,2020,,82.7,1.72,366614,21860181823.2368
Islas Marshall,2020,,63.7,2.99,42706,274052277.41346
Islas Salomon,2020,,63.6,3.75,744498,1872508011.42834
Israel,2020,,83,2.94,8800376,377676423266.075
Italia,2020,,82,1.24,59912769,2726334679537.4
Jamaica,2020,,74.5,1.38,2830739,25981430586.4564
Japon,2020,,84.8,1.3,126304543,5430145493367
Jordania,2020,,75.3,2.79,10865228,98033033156.2604
Kazajistan,2020,,71.7,3.13,19482117,623652745891.551
Kenia,2020,,66.6,3.36,52217334,264084005021.534
Kiribati,2020,,70.5,3.25,126099,357451045.95519
Kuwait,2020,,78.6,2.1,4400144,217246430630.505
Laos,2020,,66.2,2.54,7346533,58739902669.0657
Lesoto,2020,,56.3,2.85,2235727,5627571727.97534
Letonia,2020,,75.8,1.55,1901123,65067641123.0048
Libano,2020,,72.9,2.31,5702398,71322381681.0627
Liberia,2020,,58.2,4.17,5149463,7710687046.59396
Libia,2020,,72.2,2.51,7045399,70285163921.9226
Liechtenstein,2020,,82,1.46,38767,
Lituania,2020,,75.2,1.49,2795765,120474538874.138
Luxemburgo,2020,,82.5,1.36,630597,81892876681.11
Macedonia del Norte,2020,,74.6,1.63,1872015,39256692080.3871
Madagascar,2020,,61.6,4.17,28953556,44754297308.7098
Malasia,2020,,76.6,1.68,33889558,989590433030.638
Malaui,2020,,61.2,3.88,19533888,32356710508.6368
Maldivas,2020,,76,1.61,502118,7151654161.21944
Mali,2020,,61.3,5.85,21713836,60720796380.0177
Malta,2020,,82.2,1.13,518207,26113984166.6978
Marruecos,2020,,71.6,2.32,36584208,294669807775.262
Mauricio,2020,,74.6,1.39,1283223,28224061262.8535
Mauritania,2020,,66.1,4.91,4600131,27431664483.8505
Mexico,2020,,71.4,1.99,126799054,2501552826560.24
"Micronesia, Estados Federados de",2020,,66.3,2.85,110916,427085444.26548
Moldavia,2020,,73.1,1.77,3069131,41615145264.4426
Monaco,2020,,79.6,2.38,38050,12640277729
Mongolia,2020,,72.6,2.95,3290785,48708034496.7328
Montenegro,2020,,75.2,1.83,607935,12790540141.0385
Mozambique,2020,,62.8,4.96,30783688,45132727488.7518
Myanmar,2020,,65.8,2.18,53016522,314220151659.609
Namibia,2020,,64.2,3.35,2728762,26338688293.7417
Nauru,2020,,58.4,3.47,11643,133210572.13335
Nepal,2020,,72.2,2.05,28966574,127816225529.771
Nicaragua,2020,,71.9,2.3,6565267,42827664804.9999
Niger,2020,,57.5,6.37,23717613,38320374659.8774
Nigeria,2020,,63,4.7,213996181,1157867756261.33
Noruega,2020,,83.1,1.48,5379274,463134248055.254
Nueva Zelanda,2020,,82.3,1.63,5069895,233745510371.692
Oman,2020,,73.5,2.64,4522497,169867700230.275
Paises Bajos,2020,,81.2,1.55,17636731,1143957036783.53
Pakistan,2020,,66.8,3.77,235001746,1206737394385.47
Palaos,2020,,68.3,1.97,17792,323107249.30944
Panama,2020,,76.7,2.18,4293261,115410578011.493
Papua Nueva Guinea,2020,,66.5,3.27,9815746,40024993318.7647
Paraguay,2020,,72.4,2.5,6603739,99001013911.0582
Peru,2020,,72.4,2.06,32838579,446919923444.857
Polonia,2020,,76.7,1.38,38171012,1444879764337.86
Portugal,2020,,81.4,1.41,10370519,382176734710.834
Reino Unido,2020,,80.4,1.57,67351861,3175284773130.42
Republica Centroafricana,2020,,53.8,6.06,5026628,5713117250.07284
Republica Checa,2020,,78.3,1.76,10550129,476021174073.596
Republica Democratica del Congo,2020,,59.6,6.21,95989998,122639975676.134
Republica Dominicana,2020,,72,2.33,11008300,215161736462.668
Republica Eslovaca,2020,,76.9,1.59,5455024,197479590168.271
Republica Kirguisa,2020,,71.6,3.05,6664140,36904644303.4458
Republica del Congo,2020,,62.7,4.33,5752791,36533151768.4818
Ruanda,2020,,63.7,3.91,13065837,32930056206.0054
Rumania,2020,,74.3,1.73,19392469,688087391993.589
Rusia,2020,,72,1.51,146371299,5324451544398.19
Samoa,2020,,72.5,4,211944,1429627219.6416
San Cristobal y Nieves,2020,,74.1,1.55,46870,1253159832.2332
San Marino,2020,,84,1.11,34769,1946996934.0759
San Vicente y las Granadinas,2020,,74.2,1.83,103526,1631953369.38144
Santa Lucia,2020,,76.7,1.41,178250,3055569353.695
Santa Sede,2020,,,1,,
Santo Tome y Principe,2020,,67,3.83,217435,1248717735.30375
Senegal,2020,,68.4,4,16789219,67459775168.8525
Serbia,2020,,74.7,1.49,6907812,148365137994.843
Seychelles,2020,,75.8,2.23,120291,3615490285.63413
Sierra Leona,2020,,57.3,4.08,7912558,21799908485.4462
Singapur,2020,,85.7,0.94,5620150,651336282244.36
Siria,2020,,74.4,2.84,21049429,97529361753.4241
Somalia,2020,,63,6.45,16651191,23245952309.1351
Sri Lanka,2020,,78.2,2.01,22561807,313307948086.226
Suazilandia,2020,,57,2.89,1192729,11602287926.4331
Sudafrica,2020,,64.4,2.26,60562381,803468136870.614
Sudan,2020,,67.6,4.54,46789231,159141860709.335
Sudan del Sur,2020,,55.8,4.16,10698467,6694351755.91
Suecia,2020,,82.4,1.67,10353686,616794697907.965
Suiza,2020,,83.1,1.47,8640582,668132027541.886
Surinam,2020,,72.2,2.31,612317,11689965334.3052
Tailandia,2020,,77.8,1.26,71641484,1429767518079.2
Tanzania,2020,,67.2,4.8,60972798,210345271284.741
Tayikistan,2020,,71.9,3.21,9749310,36313732283.2176
Timor Oriental,2020,,69.3,3.01,1326053,8749343575.4338
Togo,2020,,63.4,4.39,8669720,21588061774.9768
Tonga,2020,,71.6,3.23,105704,739433018.82216
Trinidad y Tobago,2020,,72.8,1.57,1481024,45502098019.2352
Tunez,2020,,72.7,2,11974057,143156627793.337
Turkmenistan,2020,,69.1,2.79,6949912,109747294626.872
Turquia,2020,,76.2,1.77,86091692,2443157565077.32
Tuvalu,2020,,63.1,3.31,10399,53601225.17242
Ucrania,2020,,72.3,1.21,44680014,763694884496.347
Uganda,2020,,64.6,4.62,44457152,119056656282.369
Uruguay,2020,,77.9,1.5,3398968,94451153292.564
Uzbekistan,2020,,71.2,3.06,33586372,293122074122.211
Vanuatu,2020,,69.8,3.74,298858,974275717.20752
Venezuela,2020,,71.8,2.12,28444077,162967409431.569
Vietnam,2020,,75.9,1.96,98079191,1162375387805.77
Yemen,2020,,67.9,4.6,36134863,60011913233.688
Yibuti,2020,,67,2.75,1105188,6400671634.20384
Zambia,2020,,59.2,4.32,19059395,64641756599.3769
Zimbabue,2020,,63.5,3.75,15526888,46382982028.0081
Afganistan,2021,,62,5.04,40000412,85767546196.6268
Albania,2021,,76.9,1.37,2849635,45955429572.7161
Alemania,2021,,80.6,1.58,83697083,5233642655041.56
Andorra,2021,,83.4,1.06,78364,4649508748.83924
Angola,2021,,61.8,5.3,34532429,255820605492.187
Antigua y Barbuda,2021,,76.3,1.58,92349,2377570792.55769
Arabia Saudita,2021,,73.5,2.17,31328375,1963991388300.73
Argelia,2021,,75,2.87,44761099,648895630492.352
Argentina,2021,,74.6,1.59,45312281,1191725417646.19
Armenia,2021,,75,1.71,2870349,45700850828.7427
Australia,2021,,83.7,1.65,25956417,1510204999908.71
Austria,2021,,81.2,1.47,8967057,564646094206.117
Azerbaiyan,2021,,70.9,1.71,10234371,205827280234.185
Bahamas,2021,,67.4,1.38,396373,12313201285.5881
Banglades,2021,,68.4,2.17,167658854,1247561124547.17
Barbados,2021,,75.5,1.71,282147,4425161019.27237
Barein,2021,,75.5,1.85,1501764,82528953733.0936
Belgica,2021,,81.5,1.6,11570844,701994008135.322
Belice,2021,,71.6,1.84,395346,4616637500.45946
Benin,2021,,65.4,4.71,13413417,46467948002.5487
Bielorrusia,2021,,73.9,1.37,9251365,255441105278.35
Bolivia,2021,,64.6,2.62,11937360,112858166827.884
Bosnia y Herzegovina,2021,,74.6,1.49,3244907,59335302216.9858
Botsuana,2021,,65.8,2.83,2401441,43131382317.259
Brasil,2021,,73.3,1.64,209550294,3787769506557.56
Brunei,2021,,77.7,1.78,451721,35346624879.3263
Bulgaria,2021,,72.2,1.59,6877225,213000815688.098
Burkina Faso,2021,,67.2,4.36,21995243,54689652508.066
Burundi,2021,,59.5,5.08,12965481,10847771551.1892
Butan,2021,,72.5,1.49,775442,10436528614.4501
Cabo Verde,2021,,72.3,1.55,516649,3970664149.42729
Camboya,2021,,73,2.66,16974305,105674089988.558
Camerun,2021,,59,4.47,26915758,129022200791.86
Canada,2021,,81.5,1.43,38454057,2191693503988.43
Catar,2021,,80.7,1.61,2814982,328881582408.235
Chad,2021,,57.8,6.26,17828273,43413141761.8607
Chile,2021,,78.7,1.18,19456334,565981846559.814
China,2021,,80.2,1.12,1426437267,29731656791892.2
Chipre,2021,,79.7,1.39,1317309,64260015671.4781
Cisjordania y Gaza,2021,,74.6,3.44,5185336,29365188356.711
Colombia,2021,,75.3,1.68,51188173,889808626896.559
Comoras,2021,,71.6,4,818174,2821917782.02292
Corea del Norte,2021,,73.8,1.81,26232534,39923818145.28
Corea del Sur,2021,,83.5,0.78,51848397,2510480885824.37
Costa Rica,2021,,77.9,1.35,5059988,120695515782.896
Costa de Marfil,2021,,63.2,4.41,29639736,179178274634.33
Croacia,2021,,77,1.62,3924610,144937692376.899
Cuba,2021,,73.6,1.43,11122168,169065504878.867
Dinamarca,2021,,81.4,1.73,5856776,408306198740.753
Dominica,2021,,74.3,1.48,67202,1062394694.2687
Ecuador,2021,,74.8,1.91,17682454,238844767089.75
Egipto,2021,,68.4,2.75,110957008,1728601012930.26
El Salvador,2021,,70.5,1.8,6255782,67623210512.8788
Emiratos Arabes Unidos,2021,,79.5,1.16,9789048,659792811561.632
Eritrea,2021,,62.1,3.87,3350183,6727942897.35718
Eslovenia,2021,,80.6,1.64,2113494,97039084492.3966
Espana,2021,,82.9,1.19,47735664,2112382651023.8
Estados Unidos,2021,,76.4,1.63,340161441,24256028526442.7
Estonia,2021,,77.4,1.59,1331749,58931940814.0875
Etiopia,2021,,62.1,4.18,122138588,316145121194.703
Filipinas,2021,,67.8,1.95,113100950,1001824458245.45
Finlandia,2021,,81.9,1.46,5541075,314679736129.667
Fiyi,2021,,66.3,2.33,916711,9795237654.56833
Francia,2021,,82.8,1.8,66083548,3470531860685.52
Gabon,2021,,65.1,3.78,2376722,44025399629.4156
Gambia,2021,,63.7,4.17,2576010,7155630814.9221
Georgia,2021,,71.3,1.98,3788451,71661026038.8834
Ghana,2021,,63.7,3.49,32518665,214867175567.935
Granada,2021,,72.2,1.52,116688,1785107389.45968
Grecia,2021,,80.2,1.43,10579561,354744900886.707
Guatemala,2021,,68.8,2.39,17598650,208106516251.758
Guinea,2021,,61.2,4.4,13710513,51260936339.3317
Guinea Ecuatorial,2021,,59.9,4.27,1758786,29585328385.3389
Guinea-Bisau,2021,,59.8,4,2058841,5113853514.91983
Guyana,2021,,66.8,2.46,815482,18646751963.3622
Haiti,2021,,60.9,2.75,11374586,35658760086.8879
Honduras,2021,,70.8,2.55,10289877,63827909362.4628
Hungria,2021,,74.3,1.61,9707850,377511016663.957
India,2021,,68.8,2.01,1414203896,11384367638708.4
Indonesia,2021,,68.6,2.17,276758053,3530623139342.08
Irak,2021,,68.7,3.36,43071211,548372044844.185
Iran,2021,,74.8,1.71,88455488,1322577157250.55
Irlanda,2021,,82.3,1.78,5028426,587841164086.082
Islandia,2021,,82.8,1.82,372644,22958676313.7859
Islas Marshall,2021,,62.3,2.96,41367,277401943.12143
Islas Salomon,2021,,63.1,3.69,762591,1920525661.61742
Israel,2021,,82.8,3.02,8942924,412823993422.357
Italia,2021,,82.4,1.25,59729350,2976038361873.58
Jamaica,2021,,72.9,1.38,2837682,27176946489.7612
Japon,2021,,84.6,1.28,125679338,5574550863888.75
Jordania,2021,,73.8,2.74,11066356,101616771475.193
Kazajistan,2021,,70.7,3.32,19743603,650469813895.007
Kenia,2021,,65.2,3.31,53219166,284129273721.673
Kiribati,2021,,69.1,3.22,128377,387761958.238
Kuwait,2021,,78.6,1.82,4360742,220880118801.324
Laos,2021,,66.2,2.49,7453194,60225053609.5828
Lesoto,2021,,54.9,2.77,2261542,5755132504.615
Letonia,2021,,73.7,1.57,1885587,69600811969.7662
Libano,2021,,77,2.28,5718122,66328931538.7922
Liberia,2021,,56.2,4.09,5259323,8095196874.76116
Libia,2021,,70.3,2.46,7135175,90199384473.1598
Liechtenstein,2021,,82.8,1.52,39044,
Lituania,2021,,74.3,1.36,2794488,128193021613.412
Luxemburgo,2021,,82.8,1.38,640274,87571839681.6012
Macedonia del Norte,2021,,73.3,1.62,1851108,40989034223.44
Madagascar,2021,,60.8,4.1,29691083,46835678096.7542
Malasia,2021,,73.3,1.56,34282399,1022398814905.58
Malaui,2021,,55.6,3.79,20047258,33831623897.4036
Maldivas,2021,,75.1,1.6,516154,9834087308.70346
Mali,2021,,61,5.78,22388630,62603712744.3222
Malta,2021,,82.3,1.11,524376,29785610926.854
Marruecos,2021,,71.7,2.29,36954442,318667969204.884
Mauricio,2021,,72.8,1.35,1279623,29095521298.2016
Mauritania,2021,,65.4,4.85,4734874,27635403703.0579
Mexico,2021,,71.1,1.97,127648148,2652858835658.51
"Micronesia, Estados Federados de",2021,,64.8,2.82,111624,440323831.28928
Moldavia,2021,,72.2,1.75,3023778,47419099258.3067
Monaco,2021,,79.3,2.12,38527,15450502073.5
Mongolia,2021,,70.6,2.84,3339674,49401295765.6033
Montenegro,2021,,73.2,1.85,603851,14397052932.4539
Mozambique,2021,,60.5,4.91,31707800,46205728933.198
Myanmar,2021,,64,2.16,53387102,276462287800.272
Namibia,2021,,58.6,3.3,2810548,27287889647.5219
Nauru,2021,,56.2,3.43,11709,142810518.06135
Nepal,2021,,70.1,2.03,29475010,134000165869.797
Nicaragua,2021,,71.5,2.27,6644741,47305035668.5194
Niger,2021,,58.2,6.2,24502140,38850574072.3308
Nigeria,2021,,63.3,4.64,218529286,1200097354226.16
Noruega,2021,,83.1,1.56,5408091,481234319483.979
Nueva Zelanda,2021,,82.1,1.65,5107697,245152497833.036
Oman,2021,,72.6,2.59,4500424,174253981515.518
Paises Bajos,2021,,81.2,1.62,17730564,1215847980812.99
Pakistan,2021,,66.4,3.72,239477801,1285342891067.24
Palaos,2021,,66.7,1.95,17783,278538180.38497
Panama,2021,,77.1,2.15,4345405,134415382048.026
Papua Nueva Guinea,2021,,65.9,3.22,10012896,39820324151.4048
Paraguay,2021,,67.3,2.47,6684182,102977624551.445
Peru,2021,,71,2.03,33155882,506640152813.717
Polonia,2021,,75.7,1.32,38040302,1561919005025.8
Portugal,2021,,81.4,1.33,10390956,401690124341.14
Reino Unido,2021,,80.6,1.58,67668792,3451407973245.88
Republica Centroafricana,2021,,53.9,6.05,5112100,5769272621.798
Republica Checa,2021,,77.4,1.82,10530683,503324879973.244
Republica Democratica del Congo,2021,,59.7,6.16,99148932,130243843568.741
Republica Dominicana,2021,,72.2,2.29,11123476,245311121792.249
Republica Eslovaca,2021,,74.6,1.63,5442759,208708545947.387
Republica Kirguisa,2021,,72.3,2.89,6820479,39125533393.9596
Republica del Congo,2021,,61.9,4.28,5892183,36903988973.8446
Ruanda,2021,,64,3.84,13355260,36505744066.1242
Rumania,2021,,73,1.72,19248161,726240252518.025
Rusia,2021,,70.6,1.51,145836175,5634880793996.04
Samoa,2021,,71.1,3.94,213779,1328426325.27847
San Cristobal y Nieves,2021,,73.1,1.53,46763,1257766533.97273
San Marino,2021,,84.7,1.13,34572,2238368692.44096
San Vicente y las Granadinas,2021,,74.1,1.81,102841,1666116701.36586
Santa Lucia,2021,,74.4,1.4,178522,3409978231.6866
Santa Sede,2021,,,1,,
Santo Tome y Principe,2021,,67,3.76,221961,1272434617.23216
Senegal,2021,,67.1,3.94,17220867,71874343578.5145
Serbia,2021,,73.3,1.52,6835430,159983219395.607
Seychelles,2021,,72.2,2.2,122987,3687129016.45549
Sierra Leona,2021,,58.1,3.98,8094602,23085417010.6722
Singapur,2021,,85.3,0.94,5546290,735534304316.66
Siria,2021,,74.2,2.8,21628839,99337766632.3854
Somalia,2021,,59.6,6.35,17271431,24049850386.5561
Sri Lanka,2021,,76.4,2,22700372,324981595096.302
Suazilandia,2021,,55.6,2.84,1206593,12000822905.3461
Sudafrica,2021,,61.6,2.25,61502603,843280245052.163
Sudan,2021,,68.2,4.46,48066924,156168262762.385
Sudan del Sur,2021,,56,4.05,10865780,11112020306.36
Suecia,2021,,83,1.67,10416131,653421611510.701
Suiza,2021,,83.6,1.53,8707023,705281149654.296
Surinam,2021,,67.9,2.3,617896,11405269573.56
Tailandia,2021,,76.8,1.23,71727332,1451959884389.64
Tanzania,2021,,65.2,4.73,62830412,219471844668.5
Tayikistan,2021,,70.8,3.17,9966908,39727222984.2118
Timor Oriental,2021,,69.1,2.89,1350139,9214418305.13526
Togo,2021,,63.3,4.32,8878379,22881375760.4228
Tonga,2021,,69.6,3.2,105490,742114235.0853
Trinidad y Tobago,2021,,69.5,1.56,1487717,45263291176.1561
Tunez,2021,,70.4,1.8,12048622,149936984838.221
Turkmenistan,2021,,68.7,2.75,7092043,116551626909.736
Turquia,2021,,75.4,1.71,86686253,2716596900134.15
Tuvalu,2021,,61.6,3.28,10194,54568264.05228
Ucrania,2021,,70.8,1.15,44298640,790571612144.848
Uganda,2021,,61.6,4.51,45910930,123267190703.535
Uruguay,2021,,75.1,1.45,3396695,99971136654.042
Uzbekistan,2021,,71.6,3.27,34243696,316673504030.796
Vanuatu,2021,,69.1,3.7,305868,959152084.4622
Venezuela,2021,,70.9,2.11,28237826,173046141682.768
Vietnam,2021,,75.1,1.94,98935098,1192059299173.05
Yemen,2021,,68.6,4.6,37140230,62124462721
Yibuti,2021,,65.3,2.7,1121248,6682759253.27136
Zambia,2021,,56.3,4.25,19603607,68672119682.9204
Zimbabue,2021,,59.5,3.77,15797210,50310711130.966
Afganistan,2022,,68,4.93,40578842,80415503878.2231
Albania,2022,,78.7,1.36,2827608,48385897828.0994
Alemania,2022,,80.5,1.46,84086227,5291711781280.09
Andorra,2022,,83.2,1.07,79705,5094216232.66455
Angola,2022,,64,5.21,35635029,263609643460.156
Antigua y Barbuda,2022,,77.3,1.58,92840,2594115333.326
Arabia Saudita,2022,,74.2,2.14,32175352,2161494787514.01
Argelia,2022,,75.7,2.82,45477389,672255873319.017
Argentina,2022,,76.3,1.48,45407904,1254527913415.35
Armenia,2022,,77.6,1.72,2880874,51527826283.1129
Australia,2022,,83.1,1.64,26200984,1569010477956.69
Austria,2022,,81.5,1.41,9064677,595199855453.293
Azerbaiyan,2022,,73.1,1.69,10295304,216728959029.049
Bahamas,2022,,71.5,1.38,397538,13652564214.0106
Banglades,2022,,70.9,2.18,169384897,1336135828026.77
Barbados,2022,,75.6,1.71,282318,5214293923.73562
Barein,2022,,77,1.84,1533459,88285831909.4128
Belgica,2022,,81.6,1.55,11641820,730456717369.46
Belice,2022,,73.8,1.95,402733,5062280488.43002
Benin,2022,,65.9,4.63,13759501,49373564177.7252
Bielorrusia,2022,,73.8,1.33,9173237,243434853117.099
Bolivia,2022,,70.6,2.58,12077154,116927471615.054
Bosnia y Herzegovina,2022,,76.6,1.48,3204802,61843293305.295
Botsuana,2022,,69.3,2.79,2439892,45497577326.0663
Brasil,2022,,76.1,1.63,210306415,3902034935860.25
Brunei,2022,,77.4,1.76,455370,34771064637.267
Bulgaria,2022,,74.5,1.77,6825864,221384267919.961
Burkina Faso,2022,,67.8,4.28,22509038,55508487664.8158
Burundi,2022,,61.6,4.98,13321097,11048346808.9145
Butan,2022,,72.4,1.48,780914,10980675422.5954
Cabo Verde,2022,,74.8,1.53,519741,4599763301.16729
Camboya,2022,,73.3,2.62,17201724,111095066406.691
Camerun,2022,,61.5,4.4,27632771,133843481754.603
Canada,2022,,81.2,1.37,38821259,2264097021223.63
Catar,2022,,81.3,1.74,2892455,331880644207.438
Chad,2022,,57.7,6.22,18455316,49011967992.5726
Chile,2022,,79.6,1.26,19553036,578173059036.342
China,2022,,79.9,1.03,1425179569,30640480371576.6
Chipre,2022,,80,1.39,1331370,68683308432.3747
Cisjordania y Gaza,2022,,76.6,3.38,5305270,30521663740.4692
Colombia,2022,,78.7,1.66,51737944,955016270822.727
Comoras,2022,,75.4,3.94,834188,2901450570.59236
Corea del Norte,2022,,73.7,1.8,26328845,36161088876.8
Corea del Sur,2022,,82.6,0.78,51782512,2577626221312.4
Costa Rica,2022,,79,1.34,5081765,126188962282.653
Costa de Marfil,2022,,63.9,4.35,30395002,190645475608.728
Croacia,2022,,77.5,1.53,3907027,155741087688.535
Cuba,2022,,77.5,1.41,11059820,172066500111.871
Dinamarca,2022,,81.2,1.56,5902904,414582435848.228
Dominica,2022,,75.7,1.48,66826,1172849826.95774
Ecuador,2022,,76.7,1.86,17823897,252861189638.598
Egipto,2022,,69.6,2.75,112618250,1842478578959.73
El Salvador,2022,,72.7,1.79,6280319,69621216158.8814
Emiratos Arabes Unidos,2022,,80.1,1.15,10242086,705350195808.09
Eritrea,2022,,61.3,3.79,3409447,7189792464.80744
Eslovenia,2022,,81.1,1.57,2115228,99551411662.4581
Espana,2022,,82.4,1.21,47828382,2231173145124.39
Estados Unidos,2022,,77.6,1.67,341534046,24822440887912.2
Estonia,2022,,77.8,1.41,1350091,58986035038.1949
Etiopia,2022,,64.4,4.08,125384287,332969606028.805
Filipinas,2022,,70.8,1.93,113964338,1077772591058.94
Finlandia,2022,,81.2,1.32,5569299,317830457588.239
Fiyi,2022,,67.7,2.31,919422,11733982272.4421
Francia,2022,,82.4,1.76,66277409,3558541292256.28
Gabon,2022,,66.6,3.71,2430747,45362721565.2006
Gambia,2022,,66.4,4.08,2636470,7548689492.835
Georgia,2022,,73.5,1.82,3794784,79563445141.7434
Ghana,2022,,65,3.43,33149152,223042549011.889
Granada,2022,,74.3,1.5,116913,1915790471.55642
Grecia,2022,,80.3,1.31,10412480,373876887335.37
Guatemala,2022,,71.8,2.34,17847877,216814771153.336
Guinea,2022,,62,4.3,14055137,53297229753.4145
Guinea Ecuatorial,2022,,61.1,4.17,1803545,30539013896.0606
Guinea-Bisau,2022,,60.6,3.91,2105529,5399469247.68303
Guyana,2022,,68.3,2.44,821637,30456604133.9851
Haiti,2022,,61.4,2.7,11503606,35058985417.3547
Honduras,2022,,75.5,2.52,10463872,66472658283.2512
Hungria,2022,,76,1.55,9684306,393734525729.536
India,2022,,71.2,1.99,1425423212,12250645721539
Indonesia,2022,,72.4,2.15,278830529,3718000272520.09
Irak,2022,,70.8,3.29,44070551,592017239322.544
Iran,2022,,78.1,1.7,89524246,1372526021628.46
Irlanda,2022,,82.2,1.59,5110016,636142715965.056
Islandia,2022,,82.2,1.59,380356,24903965536.6192
Islas Marshall,2022,,63.8,2.94,40077,274300400.97036
Islas Salomon,2022,,63.5,3.62,781066,1966665936.09772
Israel,2022,,83.1,2.94,9103151,437845061271.993
Italia,2022,,82.2,1.24,59619115,3120066666381.82
Jamaica,2022,,74.9,1.37,2839144,28595996151.6583
Japon,2022,,84.2,1.26,124997578,5621434056983.22
Jordania,2022,,77.5,2.68,11256263,104307009586.605
Kazajistan,2022,,74.1,3.05,20034609,671284848003.907
Kenia,2022,,69.4,3.26,54252461,297937902623.393
Kiribati,2022,,70.8,3.18,130469,405468433.46745
Kuwait,2022,,80.5,1.55,4589511,235808539721.752
Laos,2022,,66,2.46,7559007,61855602745.5601
Lesoto,2022,,57.2,2.72,2286110,5892552405.8384
Letonia,2022,,74.8,1.47,1881063,70880420002.2901
Libano,2022,,78.1,2.26,5744489,65916578484.5536
Liberia,2022,,60.8,4.02,5373294,8484422467.53078
Libia,2022,,74.5,2.4,7223805,82756464940.4621
Liechtenstein,2022,,83.4,1.53,39317,
Lituania,2022,,75.5,1.27,2816919,131412692723.479
Luxemburgo,2022,,83,1.39,653313,86612314003.4472
Macedonia del Norte,2022,,75.9,1.59,1840233,41995914047.5245
Madagascar,2022,,61.8,4.04,30437261,48782214586.4305
Malasia,2022,,75,1.55,34695493,1113001977008.1
Malaui,2022,,61.2,3.72,20568728,34143252155.5195
Maldivas,2022,,75.6,1.58,524106,11193757022.9925
Mali,2022,,62.8,5.69,23072640,64800027882.2208
Malta,2022,,82.3,1.1,528192,30519726042.7181
Marruecos,2022,,72.7,2.26,37329064,323496621352.962
Mauricio,2022,,73.4,1.27,1276130,31633688593.645
Mauritania,2022,,66.9,4.77,4875637,29513507154.0102
Mexico,2022,,75.3,1.94,128613117,2751306134082.02
"Micronesia, Estados Federados de",2022,,66.5,2.79,112114,427528611.28734
Moldavia,2022,,75.2,1.69,3039985,46688136324.1696
Monaco,2022,,79.8,2.11,38931,17157289574.82
Mongolia,2022,,72.1,2.75,3386015,51841362397.2243
Montenegro,2022,,76.2,1.88,614648,15629899444.2507
Mozambique,2022,,64,4.84,32656246,48222355093.3376
Myanmar,2022,,65.5,2.13,53756787,287624434697.659
Namibia,2022,,65,3.25,2889662,28761087685.8382
Nauru,2022,,58.7,3.38,11801,147025596.75851
Nepal,2022,,73.4,2,29715436,141546136696.604
Nicaragua,2022,,75.3,2.24,6730654,48984506130.5131
Niger,2022,,58.8,6.14,25311973,43473792530.0292
Nigeria,2022,,64.3,4.55,223150896,1239120696940.03
Noruega,2022,,82.5,1.42,5456801,496847641856.843
Nueva Zelanda,2022,,81.4,1.67,5131734,254629073465.822
Oman,2022,,76.3,2.45,4730226,188169394412.375
Paises Bajos,2022,,81.5,1.51,17904421,1277015568500.29
Pakistan,2022,,69.6,3.66,243700667,1346757946564.28
Palaos,2022,,68.5,1.93,17759,274865857.33376
Panama,2022,,78.6,2.14,4400773,148891469573.492
Papua Nueva Guinea,2022,,66.2,3.17,10203169,42093102593.4121
Paraguay,2022,,72.4,2.44,6760464,103158904702.372
Peru,2022,,78,2,33475438,520871844600.878
Polonia,2022,,77.5,1.26,38385739,1666133829659.25
Portugal,2022,,81.3,1.45,10417073,427838160439.146
Reino Unido,2022,,81,1.56,68179315,3612288393255.78
Republica Centroafricana,2022,,54.6,6.02,5098039,5795459452.84669
Republica Checa,2022,,79.1,1.62,10673213,516483839321.578
Republica Democratica del Congo,2022,,60.7,6.11,102396968,141867387622.939
Republica Dominicana,2022,,72.4,2.27,11230734,258160411665.631
Republica Eslovaca,2022,,76.9,1.56,5473197,211394960574.579
Republica Kirguisa,2022,,74.7,2.81,6955788,42706993369.9273
Republica del Congo,2022,,63.5,4.22,6035104,37448454247.3242
Ruanda,2022,,64.3,3.78,13651030,39485053455.9395
Rumania,2022,,75.3,1.72,19166772,754748606163.023
Rusia,2022,,72.8,1.45,145579899,5563262481118.09
Samoa,2022,,72.5,3.88,215261,1257936159.28719
San Cristobal y Nieves,2022,,74.3,1.51,46709,1387849830.75622
San Marino,2022,,84,1.14,34090,2416557394.251
San Vicente y las Granadinas,2022,,74.9,1.79,102046,1717946809.10146
Santa Lucia,2022,,76.6,1.39,178781,4105219704.27361
Santa Sede,2022,,,1,,
Santo Tome y Principe,2022,,69.1,3.7,226305,1274581196.02755
Senegal,2022,,69.7,3.86,17651103,74641816392.9145
Serbia,2022,,75.3,1.52,6791213,167288423719.843
Seychelles,2022,,75,2.17,125522,3511876740.92532
Sierra Leona,2022,,58.6,3.88,8276807,24312073298.1103
Singapur,2022,,84.6,0.94,5649885,754666226784.324
Siria,2022,,76.1,2.75,22462173,100065695172.955
Somalia,2022,,64.4,6.26,17801897,24705717254.6648
Sri Lanka,2022,,76.5,1.98,22834965,302541936927.823
Suazilandia,2022,,59.3,2.8,1218917,12135183008.0989
Sudafrica,2022,,65.7,2.23,62378410,859399378008.527
Sudan,2022,,69.3,4.38,49383346,154672449597.144
Sudan del Sur,2022,,56.3,3.96,11021177,11125712863.845
Suecia,2022,,83.1,1.54,10487338,662961647295.569
Suiza,2022,,83.7,1.4,8792182,727793030622.792
Surinam,2022,,72.1,2.27,623164,11679705722.0703
Tailandia,2022,,76.5,1.22,71735329,1489425948935.74
Tanzania,2022,,68.9,4.67,64711821,229531596973.928
Tayikistan,2022,,71.3,3.13,10182222,42905400878.632
Timor Oriental,2022,,69.7,2.8,1369295,7321630757.94905
Togo,2022,,64.1,4.25,9089738,24199238343.3975
Tonga,2022,,71.4,3.17,105042,724972401.86154
Trinidad y Tobago,2022,,71.5,1.54,1495921,46064493467.0934
Tunez,2022,,74.9,1.85,12119334,153945277555.516
Turkmenistan,2022,,70.5,2.73,7230193,123777827640.577
Turquia,2022,,76.9,1.63,87058473,2851018636751.04
Tuvalu,2022,,63.1,3.24,9992,54937860.0236
Ucrania,2022,,68.4,0.9,41048766,565944307437.075
Uganda,2022,,65.1,4.39,47312719,128922716610.686
Uruguay,2022,,76.2,1.43,3390913,104456068813.295
Uzbekistan,2022,,72.1,3.4,34938955,335678164847.855
Vanuatu,2022,,70,3.65,313046,1008895905.93416
Venezuela,2022,,71.6,2.09,28213017,205011214042.299
Vietnam,2022,,75.7,1.93,99680655,1293831367297.35
Yemen,2022,,71,4.59,38222876,67551862097.94
Yibuti,2022,,67.8,2.65,1137096,7028026493.90904
Zambia,2022,,60.9,4.18,20152938,72250777462.195
Zimbabue,2022,,64.9,3.77,16069056,53399374378.7059
Afganistan,2023,,68.5,4.84,41454761,82238478030.8838
Albania,2023,,79.6,1.35,2811655,50584530485.1117
Alemania,2023,,80.9,1.44,84548231,5300036136376.74
Andorra,2023,,83.9,1.08,80856,5225828100.90984
Angola,2023,,64.3,5.12,36749906,266451617687.146
Antigua y Barbuda,2023,,77.8,1.58,93316,2657083929.09672
Arabia Saudita,2023,,74.5,2.28,33264292,2144942893834.66
Argelia,2023,,76,2.77,46164219,699818364107.369
Argentina,2023,,77.6,1.5,45538401,1234317448336.98
Armenia,2023,,79.6,1.71,2943393,57109921739.0484
Australia,2023,,83.9,1.64,26451124,1599265545119.79
Austria,2023,,81.9,1.32,9130429,587945671512.433
Azerbaiyan,2023,,72.6,1.67,10318207,219888612816.783
Bahamas,2023,,72.8,1.37,399440,14068800174.2488
Banglades,2023,,71.1,2.16,171466990,1413299173727.35
Barbados,2023,,76.7,1.71,282336,5427757737.11232
Barein,2023,,77.2,1.82,1569666,90757939284.2699
Belgica,2023,,82.1,1.38,11712893,736982775699.636
Belice,2023,,75.2,2.01,411106,5120446946.15342
Benin,2023,,66.2,4.56,14111034,52510156814.2767
Bielorrusia,2023,,74.5,1.21,9115680,253255814518.997
Bolivia,2023,,71.9,2.55,12244159,120531135585.412
Bosnia y Herzegovina,2023,,77.7,1.49,3185073,63076692993.0576
Botsuana,2023,,70.1,2.73,2480244,46957170594.7859
Brasil,2023,,76.9,1.62,211140729,4028525459202.5
Brunei,2023,,78.1,1.75,458949,35163158527.5445
Bulgaria,2023,,75.9,1.75,6795803,225212495041.15
Burkina Faso,2023,,67.7,4.19,23025776,57151639644.316
Burundi,2023,,61.8,4.88,13689450,11342844864.8775
Butan,2023,,72.6,1.46,786385,11516817212.4475
Cabo Verde,2023,,75.7,1.52,522331,4847743177.85506
Camboya,2023,,73.1,2.58,17423880,116657963501.766
Camerun,2023,,62,4.32,28372687,138191179968.559
Canada,2023,,81.9,1.35,39299105,2260384038076.37
Catar,2023,,81.4,1.73,2979082,346047610855.093
Chad,2023,,58,6.12,19319064,51030012212.7588
Chile,2023,,80.8,1.17,19658835,581187468188.307
China,2023,,80.1,1,1422584933,32274292306489.9
Chipre,2023,,80.5,1.39,1344976,70195474294
Cisjordania y Gaza,2023,,65.9,3.31,5409202,28999440419.278
Colombia,2023,,80.1,1.65,52321152,961819615830.927
Comoras,2023,,76.3,3.88,850387,2990370229.87533
Corea del Norte,2023,,73.7,1.78,26418204,39225749299.2
Corea del Sur,2023,,83.4,0.72,51748739,2608871709278.28
Costa Rica,2023,,79.4,1.33,5105525,132639643410.126
Costa de Marfil,2023,,64.3,4.28,31165654,202942981716.719
Croacia,2023,,78.6,1.47,3896023,160263247513.495
Cuba,2023,,78.1,1.44,11019931,168746698521.223
Dinamarca,2023,,81.5,1.51,5948136,425021208187.524
Dominica,2023,,76.1,1.48,66510,1215684767.3634
Ecuador,2023,,76.7,1.82,17980083,257888672270.378
Egipto,2023,,70,2.75,114535772,1911760941610.07
El Salvador,2023,,73.1,1.78,6309624,72085220088.3341
Emiratos Arabes Unidos,2023,,80.1,1.2,10642081,729807741420.305
Eritrea,2023,,62.9,3.71,3470390,7684742808.7199
Eslovenia,2023,,81.6,1.58,2118396,101404197450.04
Espana,2023,,83.2,1.21,47911579,2268190292169.16
Estados Unidos,2023,,78.5,1.62,343477335,25471838282962.3
Estonia,2023,,78.7,1.35,1367196,57020986784.7136
Etiopia,2023,,64.7,3.99,128691692,354926441062.634
Filipinas,2023,,72.1,1.92,114891199,1137254318966.51
Finlandia,2023,,81.7,1.28,5601185,315046733675.133
Fiyi,2023,,67.7,2.28,924145,12616881285.9536
Francia,2023,,82.6,1.64,66438822,3588883926799.03
Gabon,2023,,67,3.65,2484789,46472239674.5003
Gambia,2023,,67.3,4.01,2697845,7910838555.307
Georgia,2023,,74.7,1.81,3807492,86013259813.9651
Ghana,2023,,65.4,3.4,33787914,230046287962.754
Granada,2023,,75.2,1.49,117081,2005444902.03759
Grecia,2023,,81,1.33,10242908,377497297954.795
Guatemala,2023,,73.2,2.31,18124838,224475176682.169
Guinea,2023,,62.5,4.22,14405468,56250816457.3586
Guinea Ecuatorial,2023,,61.3,4.08,1847549,28984789204.6326
Guinea-Bisau,2023,,61.2,3.84,2153339,5640485332.81006
Guyana,2023,,69,2.41,826353,40749416887.513
Haiti,2023,,61,2.66,11637398,34405526595.1117
Honduras,2023,,76.1,2.5,10644851,68849619311.674
Hungria,2023,,76.8,1.49,9686463,391028835864.672
India,2023,,71.6,1.98,1438069596,13376572536152.7
Indonesia,2023,,72.5,2.13,281190067,3905722975571.22
Irak,2023,,71.1,3.25,45074049,595082145251.758
Iran,2023,,78.8,1.7,90608707,1441768452266.08
Irlanda,2023,,82.5,1.6,5196630,600238506169.929
Islandia,2023,,82.5,1.54,387558,26035062296.8775
Islas Marshall,2023,,64.1,2.92,38827,263507033.55563
Islas Salomon,2023,,63.7,3.56,800005,2018907698.09425
Israel,2023,,83.3,2.83,9256314,439926233366.54
Italia,2023,,83,1.2,59499453,3137153057916.83
Jamaica,2023,,76.1,1.36,2839786,29340825509.4022
Japon,2023,,84.1,1.21,124370947,5703484911409.26
Jordania,2023,,78.5,2.64,11439213,107315310752.519
Kazajistan,2023,,74.9,3.01,20330104,705520375263.333
Kenia,2023,,69.9,3.21,55339003,314490954174.207
Kiribati,2023,,71.2,3.15,132530,416221499.4478
Kuwait,2023,,81.1,1.53,4838782,231184429320.441
Laos,2023,,66.1,2.42,7664993,64172516521.7086
Lesoto,2023,,57.9,2.69,2311472,6000187252.25344
Letonia,2023,,75.8,1.34,1882396,73030472453.8439
Libano,2023,,78.9,2.24,5773493,65415227258.5088
Liberia,2023,,61.5,3.95,5493031,8881812173.52563
Libia,2023,,70.1,2.36,7305659,91161061071.8401
Liechtenstein,2023,,83.6,1.54,39598,
Lituania,2023,,76.6,1.2,2854099,131744376928.289
Luxemburgo,2023,,83.2,1.4,665098,85812038378.759
Macedonia del Norte,2023,,77,1.47,1831802,42760856885.7581
Madagascar,2023,,62.5,3.97,31195932,50832553616.774
Malasia,2023,,76.4,1.55,35126298,1152574619083.83
Malaui,2023,,62,3.65,21104482,34789398864.4826
Maldivas,2023,,76.1,1.58,525994,11722817858.0589
Mali,2023,,63.6,5.61,23769127,67856749566.7806
Malta,2023,,83,1.1,532956,31600719083.4452
Marruecos,2023,,73,2.23,37712505,334461342249.435
Mauricio,2023,,73.8,1.24,1273588,33190636692.6452
Mauritania,2023,,68.1,4.7,5022441,31434006281.5313
Mexico,2023,,76.3,1.91,129739759,2841972427646.46
"Micronesia, Estados Federados de",2023,,67,2.75,112630,429589931.0584
Moldavia,2023,,76,1.73,3067070,49043919438.6631
Monaco,2023,,80.4,2.11,38956,18022561767.52
Mongolia,2023,,73.1,2.69,3431932,55675765715.7355
Montenegro,2023,,77.1,1.8,633552,17133354921.1872
Mozambique,2023,,64.9,4.76,33635160,50844136884.7464
Myanmar,2023,,65.4,2.12,54133798,290381161312.11
Namibia,2023,,66.4,3.21,2963095,30038887022.3279
Nauru,2023,,59,3.33,11875,147975985.36875
Nepal,2023,,73.5,1.98,29694614,144352357323.604
Nicaragua,2023,,76.7,2.22,6823613,51153414581.6525
Niger,2023,,59.2,6.06,26159867,44198776067.9548
Nigeria,2023,,64.5,4.48,227882945,1274562211838.52
Noruega,2023,,83,1.41,5519167,497197208258.809
Nueva Zelanda,2023,,81.6,1.67,5172836,253900940240.661
Oman,2023,,77,2.53,5049269,190403218932.115
Paises Bajos,2023,,82,1.43,18092524,1278670480307.76
Pakistan,2023,,70,3.61,247504495,1346221412487.53
Palaos,2023,,68.9,1.91,17727,280025177.36316
Panama,2023,,79.2,2.12,4458759,159908398393.734
Papua Nueva Guinea,2023,,66.3,3.1,10389635,43697222884.1749
Paraguay,2023,,73,2.42,6844146,108316053458.775
Peru,2023,,77.1,1.98,33845617,518771469908.094
Polonia,2023,,78.6,1.3,38762844,1692880646516.78
Portugal,2023,,82,1.51,10430738,433616421559.211
Reino Unido,2023,,81,1.56,68682962,3606055738499.61
Republica Centroafricana,2023,,55,6.01,5152421,5836025824.13703
Republica Checa,2023,,79.9,1.45,10809716,513564460005.629
Republica Democratica del Congo,2023,,61.3,6.05,105789731,154080878128.542
Republica Dominicana,2023,,73,2.24,11331265,263820058497.53
Republica Eslovaca,2023,,78.2,1.56,5518055,217949571101.411
Republica Kirguisa,2023,,75.2,2.8,7073516,46513852575.0416
Republica del Congo,2023,,63.7,4.16,6182885,38162545468.8165
Ruanda,2023,,64.7,3.7,13954471,42742532113.9761
Rumania,2023,,76.3,1.71,19118479,770503397095.653
Rusia,2023,,73.2,1.45,145440500,5801234649999.52
Samoa,2023,,72.6,3.83,216663,1373775088.27173
San Cristobal y Nieves,2023,,74.8,1.51,46758,1447923711.9117
San Marino,2023,,85.1,1.15,33733,2479613612.81375
San Vicente y las Granadinas,2023,,75.1,1.78,101323,1809450922.67195
Santa Lucia,2023,,77.4,1.38,179285,4195940248.41855
Santa Sede,2023,,,1,,
Santo Tome y Principe,2023,,70.3,3.64,230871,1279325860.16328
Senegal,2023,,70.1,3.82,18077573,77819640083.0638
Serbia,2023,,76,1.5,6773201,174343564094.026
Seychelles,2023,,75.1,2.13,127951,3663922481.61836
Sierra Leona,2023,,58.9,3.79,8460512,25700297972.7373
Singapur,2023,,85.4,0.94,5789090,750006976171.595
Siria,2023,,75.4,2.71,23594623,98857637895.3861
Somalia,2023,,64.8,6.13,18358615,25747405310.3608
Sri Lanka,2023,,76.6,1.97,22971617,299203943005.775
Suazilandia,2023,,60.8,2.75,1230506,12553176744.2179
Sudafrica,2023,,66.5,2.22,63212384,865402155655.073
Sudan,2023,,68.9,4.32,50042791,109147285555.768
Sudan del Sur,2023,,56.4,3.86,11483374,11957878497.054
Suecia,2023,,83.3,1.43,10551494,663113739228.446
Suiza,2023,,84.4,1.43,8870561,730065347676.19
Surinam,2023,,73.1,2.25,628886,11976319645.0069
Tailandia,2023,,77.5,1.21,71702435,1519478855141.56
Tanzania,2023,,69.4,4.61,66617606,241208592125.657
Tayikistan,2023,,71.8,3.07,10389799,46466548877.4479
Timor Oriental,2023,,69.9,2.71,1384286,5994600494.90396
Togo,2023,,64.5,4.19,9304337,25749906727.3207
Tonga,2023,,71.7,3.13,104597,740081957.08125
Trinidad y Tobago,2023,,73.2,1.53,1502932,46882334110.8324
Tunez,2023,,75.6,1.83,12200431,154005557253.928
Turkmenistan,2023,,71.1,2.69,7364438,131576025866.551
Turquia,2023,,76.1,1.63,87270501,2991854135905.79
Tuvalu,2023,,63.3,3.21,9816,57054510.93984
Ucrania,2023,,72.5,0.98,37732836,600591966210.216
Uganda,2023,,65.6,4.28,48656601,135803286969.638
Uruguay,2023,,77.4,1.41,3388081,105231267369.031
Uzbekistan,2023,,72.5,3.5,35652307,356797075805.448
Vanuatu,2023,,70.3,3.6,320409,999162153.57627
Venezuela,2023,,71.8,2.08,28300854,223042228370.502
Vietnam,2023,,76.1,1.91,100352192,1359364235819.77
Yemen,2023,,71.7,4.59,39390799,68583123184.905
Yibuti,2023,,68.4,2.61,1152944,7546137625.23296
Zambia,2023,,61.5,4.1,20723965,76129157988.853
Zimbabue,2023,,66.3,3.72,16340822,56249176391.1876
Afganistan,2024,,68.81,4.76,42647492,86853366005.172
Albania,2024,,79.8,1.34,2791765,52819653007.2019
Alemania,2024,,81,1.45,84552242,5312400116202.63
Andorra,2024,,84.1,1.09,81938,5402033635.3536
Angola,2024,,64.5,5.05,37885849,278239182900.728
Antigua y Barbuda,2024,,78,1.58,93772,2772069806.32596
Arabia Saudita,2024,,74.78,2.31,33962757,2128673463057.13
Argelia,2024,,76.2,2.72,46814308,722912370176.631
Argentina,2024,,77.7,1.5,45696159,1213098233317.64
Armenia,2024,,79.71,1.72,2973840,59711093687.016
Australia,2024,,84.1,1.64,26713205,1604982937479.46
Austria,2024,,82,1.32,9120813,577479375303.048
Azerbaiyan,2024,,72.8,1.67,10336577,228150021463.944
Bahamas,2024,,72.9,1.37,401283,14544115518.2522
Banglades,2024,,71.29,2.14,173562364,1472986460417.25
Barbados,2024,,76.8,1.71,282467,5634012546.84773
Barein,2024,,77.29,1.81,1607049,95023426400.6533
Belgica,2024,,82.3,1.38,11738763,740518550604.734
Belice,2024,,75.3,2.02,417072,5537855018.92944
Benin,2024,,66.42,4.48,14462724,56423799581.1244
Bielorrusia,2024,,74.7,1.22,9056696,262984074012.121
Bolivia,2024,,72,2.52,12413315,122200109486.258
Bosnia y Herzegovina,2024,,77.8,1.49,3164253,64641024681.078
Botsuana,2024,,70.2,2.7,2521139,45553212803.6747
Brasil,2024,,77.1,1.61,211998573,4165328803992.96
Brunei,2024,,78.31,1.73,462721,36640142252.8408
Bulgaria,2024,,76.1,1.75,6757689,230323904676.683
Burkina Faso,2024,,67.92,4.11,23548781,60000707742.1118
Burundi,2024,,61.9,4.79,14047786,11738623018.416
Butan,2024,,72.9,1.45,791524,12272624633.9699
Cabo Verde,2024,,75.8,1.51,524877,5200265318.61696
Camboya,2024,,73.2,2.55,17638801,123675890244.617
Camerun,2024,,62.29,4.26,29123744,143263822696.812
Canada,2024,,82,1.34,39742430,2253074145911.43
Catar,2024,,81.5,1.72,3048423,338209973871.451
Chad,2024,,58.11,6.03,20299123,52894879030.2717
Chile,2024,,81,1.14,19764771,596555875568.55
China,2024,,80.1,1.01,1419321278,33844595455692.4
Chipre,2024,,80.7,1.38,1358282,72331859150.5051
Cisjordania y Gaza,2024,,69.94,3.25,5495443,21132742377.9657
Colombia,2024,,80.31,1.63,52886363,978591840184.028
Comoras,2024,,76.53,3.82,866628,3091707401.46408
Corea del Norte,2024,,73.8,1.78,26498823,40759429585.68
Corea del Sur,2024,,83.5,0.73,51717590,2722402263388.41
Costa Rica,2024,,79.6,1.32,5129910,138371299891.546
Costa de Marfil,2024,,64.51,4.23,31934230,215018089100.105
Croacia,2024,,78.8,1.47,3875325,165210201577.44
Cuba,2024,,78.3,1.45,10979783,166282466561.639
Dinamarca,2024,,81.7,1.52,5977412,440589072106.438
Dominica,2024,,76.31,1.48,66205,1240639596.2682
Ecuador,2024,,76.9,1.81,18135478,252727662947.545
Egipto,2024,,70.2,2.74,116538258,1957627322753.15
El Salvador,2024,,73.3,1.77,6338193,73960892010.75
Emiratos Arabes Unidos,2024,,80.29,1.21,11027129,756291837223.325
Eritrea,2024,,63.18,3.68,3535603,8221161724.29472
Eslovenia,2024,,81.8,1.58,2118697,102748095998.534
Espana,2024,,83.3,1.22,47910526,2317578057480.67
Estados Unidos,2024,,78.7,1.62,345426571,26076807439249.6
Estonia,2024,,78.8,1.36,1360546,56525407640.0237
Etiopia,2024,,64.99,3.91,132059767,380895312362.946
Filipinas,2024,,72.2,1.89,115843670,1201987017954.14
Finlandia,2024,,81.9,1.29,5617310,312483548932.938
Fiyi,2024,,67.9,2.27,928784,13099981526.0067
Francia,2024,,82.8,1.64,66548530,3624564466615.45
Gabon,2024,,67.2,3.59,2538952,48044817328.6276
Gambia,2024,,67.5,3.91,2759988,8365452089.11104
Georgia,2024,,74.9,1.8,3807670,95194158884.3488
Ghana,2024,,65.6,3.34,34427414,243124126491.498
Granada,2024,,75.4,1.47,117207,2079507172.03299
Grecia,2024,,81.1,1.34,10047817,379331538810.082
Guatemala,2024,,73.3,2.29,18406359,232672706225.132
Guinea,2024,,62.71,4.13,14754785,59439407475.904
Guinea Ecuatorial,2024,,61.49,4.12,1892516,29247753188.1808
Guinea-Bisau,2024,,61.39,3.76,2201352,5911989300.76536
Guyana,2024,,69.1,2.4,831087,58423257841.8588
Haiti,2024,,61.19,2.63,11772557,32970942084.256
Honduras,2024,,76.2,2.48,10825703,71296514128.3181
Hungria,2024,,77,1.49,9676135,393839532153.484
India,2024,,71.8,1.96,1450935791,14243939415519.7
Indonesia,2024,,72.7,2.12,283487931,4102194302493.43
Irak,2024,,71.2,3.22,46042015,585886626667.107
Iran,2024,,79,1.68,91567738,1485598217315.86
Irlanda,2024,,82.7,1.6,5255017,606098771740.334
Islandia,2024,,82.8,1.52,393396,25824517737.5446
Islas Marshall,2024,,64.29,2.86,37548,270808729.42284
Islas Salomon,2024,,63.88,3.51,819198,2070174671.16228
Israel,2024,,83.6,2.79,9387021,444370708287.712
Italia,2024,,83.2,1.21,59342867,3152004397926.33
Jamaica,2024,,76.21,1.35,2839175,29129921616.4342
Japon,2024,,84.3,1.22,123753041,5704697142309.57
Jordania,2024,,78.7,2.6,11552876,109986275248.369
Kazajistan,2024,,75,2.98,20592571,739385353169.171
Kenia,2024,,70.12,3.17,56432944,328632034415.645
Kiribati,2024,,71.31,3.12,134518,438143467.5293
Kuwait,2024,,81.3,1.52,4934507,224159580064.918
Laos,2024,,66.29,2.4,7769819,66905147324.9995
Lesoto,2024,,58.3,2.66,2337423,6165926722.55373
Letonia,2024,,75.9,1.34,1871871,72883254220.2247
Libano,2024,,79,2.23,5805962,62320761299.5058
Liberia,2024,,61.6,3.86,5612817,9307509862.29183
Libia,2024,,71.92,2.3,7381023,90608777746.4415
Liechtenstein,2024,,,1.54,39870,
Lituania,2024,,76.8,1.21,2859110,134861383663.706
Luxemburgo,2024,,83.4,1.4,673036,86270900862.2188
Macedonia del Norte,2024,,77.1,1.47,1823009,44598065104.3164
Madagascar,2024,,62.7,3.91,31964956,52967521069.9628
Malasia,2024,,76.5,1.54,35557673,1211519077361.68
Malaui,2024,,62.18,3.59,21655286,35424949024.5734
Maldivas,2024,,76.38,1.56,527799,12324662897.3661
Mali,2024,,63.92,5.51,24478595,71252671785.9349
Malta,2024,,83.2,1.11,539607,32629917008.1456
Marruecos,2024,,73.19,2.21,38081173,345240641721.992
Mauricio,2024,,74,1.23,1271169,34724759095.1923
Mauritania,2024,,68.3,4.63,5169395,33068574634.4877
Mexico,2024,,76.5,1.89,130861007,2883296482034.37
"Micronesia, Estados Federados de",2024,,67.2,2.74,113160,432679041.0876
Moldavia,2024,,76.11,1.73,3034961,49973451402.9311
Monaco,2024,,80.49,2.1,38631,18059853428.4
Mongolia,2024,,73.41,2.63,3475540,58393613800.9166
Montenegro,2024,,77.3,1.8,638479,17782943502.7219
Mozambique,2024,,65.1,4.69,34631766,51785655797.6761
Myanmar,2024,,65.6,2.1,54500091,287558521672.785
Namibia,2024,,66.5,3.21,3030131,31153793844.1688
Nauru,2024,,59.19,3.29,11947,150580735.04591
Nepal,2024,,73.71,1.96,29651054,149643411668.49
Nicaragua,2024,,76.9,2.21,6916140,52988712263.7642
Niger,2024,,59.39,5.94,27032412,47921019316.8181
Nigeria,2024,,64.62,4.38,232679478,1318234316268.68
Noruega,2024,,83.2,1.41,5576660,508079660781.12
Nueva Zelanda,2024,,81.7,1.66,5213944,251118460603.039
Oman,2024,,77.19,2.51,5281538,193590714732.324
Paises Bajos,2024,,82.1,1.43,18228742,1292451319883.87
Pakistan,2024,,70.21,3.55,251269164,1389768773672.34
Palaos,2024,,69,1.88,17695,307271183.1901
Panama,2024,,79.4,2.11,4515577,164484443655.681
Papua Nueva Guinea,2024,,66.5,3.07,10576502,45486636823.1569
Paraguay,2024,,73.2,2.42,6929153,112919442534.374
Peru,2024,,77.3,1.97,34217848,535911373043.895
Polonia,2024,,78.8,1.3,38539201,1738603535909.08
Portugal,2024,,82.2,1.51,10425292,436651381138.115
Reino Unido,2024,,81.1,1.55,69138192,3630998520703.77
Republica Centroafricana,2024,,55.29,5.95,5330690,5925879183.0839
Republica Checa,2024,,80.1,1.46,10735859,514911224284.219
Republica Democratica del Congo,2024,,61.5,5.98,109276265,164367209930.331
Republica Dominicana,2024,,73.2,2.22,11427557,276883628020.983
Republica Eslovaca,2024,,78.4,1.56,5506760,222178904300.716
Republica Kirguisa,2024,,75.3,2.78,7186009,50634849017.0124
Republica del Congo,2024,,63.89,4.11,6332961,39147011789.1393
Ruanda,2024,,64.89,3.65,14256567,46542623187.9972
Rumania,2024,,76.5,1.71,19015088,772172660445.57
Rusia,2024,,73.3,1.46,144820423,6039693879423.53
Samoa,2024,,72.7,3.8,218019,1503216992.38734
San Cristobal y Nieves,2024,,75.01,1.53,46843,1464812876.39526
San Marino,2024,,85.2,1.16,33581,2537958307.47955
San Vicente y las Granadinas,2024,,75.31,1.76,100616,1882947831.4916
Santa Lucia,2024,,77.51,1.39,179744,4359235762.77184
Santa Sede,2024,,,1,,
Santo Tome y Principe,2024,,70.5,3.6,235536,1290839799.39936
Senegal,2024,,70.3,3.77,18501984,83182975320.4617
Serbia,2024,,76.1,1.5,6736216,181099548262.678
Seychelles,2024,,75.2,2.11,130418,3813653916.2844
Sierra Leona,2024,,59.09,3.7,8642022,26728309914.6328
Singapur,2024,,85.6,0.95,5832387,773196775372.652
Siria,2024,,75.92,2.7,24672760,101824234039.128
Somalia,2024,,65.02,6.01,19009151,26770174854.7233
Sri Lanka,2024,,76.8,1.95,23103565,317739557556.978
Suazilandia,2024,,60.99,2.72,1242822,12884669073.4297
Sudafrica,2024,,66.7,2.21,64007187,870420222175.609
Sudan,2024,,69.11,4.26,50448963,94419729761.5929
Sudan del Sur,2024,,56.5,3.79,11943408,8961354003.744
Suecia,2024,,83.4,1.43,10606999,670987173791.022
Suiza,2024,,84.5,1.44,8921981,731838060187.294
Surinam,2024,,73.3,2.23,634431,12316397543.2046
Tailandia,2024,,77.7,1.2,71668011,1557860309862.92
Tanzania,2024,,69.61,4.54,68560157,254581890148.682
Tayikistan,2024,,71.9,3.04,10590927,50369738902.1632
Timor Oriental,2024,,70.11,2.63,1400638,5863371398.98498
Togo,2024,,64.71,4.12,9515236,27114653139.2586
Tonga,2024,,71.9,3.1,104175,772491563.1315
Trinidad y Tobago,2024,,73.3,1.54,1507782,47781207313.4902
Tunez,2024,,75.8,1.82,12277109,156085637285.384
Turkmenistan,2024,,71.2,2.66,7494498,134555061365.463
Turquia,2024,,76.3,1.62,87473805,3087334910357.55
Tuvalu,2024,,63.49,3.17,9646,60807552.41834
Ucrania,2024,,73.78,0.99,37860221,617872928163.485
Uganda,2024,,65.79,4.17,50015092,144136790620.917
Uruguay,2024,,77.6,1.4,3386588,108502123262.145
Uzbekistan,2024,,72.6,3.49,36361859,379988885821.755
Vanuatu,2024,,70.5,3.57,327777,1038801498.20811
Venezuela,2024,,72,2.08,28405543,243060550342.4
Vietnam,2024,,76.2,1.9,100987686,1455759301980.79
Yemen,2024,,71.8,4.5,40583164,69187923063.252
Yibuti,2024,,68.61,2.62,1168722,7995421829.27466
Zambia,2024,,61.69,4.04,21314956,79207172609.6066
Zimbabue,2024,,66.62,3.67,16634373,57390744494.5218
